CustomerKey,FirstObservedPurchase,LastObservedPurchase,Orders,GrossSales,RecencyDays,RScore,FScore,MScore,Segment,Cohort,AsOfDate
12346,2011-01-18,2011-01-18,1,77183.6,326,1,1,5,Developing,2011-01,2011-12-10
12347,2010-12-07,2011-12-07,7,4310.0,3,5,5,5,Champions,2010-12,2011-12-10
12348,2010-12-16,2011-09-25,4,1797.24,76,2,4,4,At Risk,2010-12,2011-12-10
12349,2011-11-21,2011-11-21,1,1757.55,19,4,1,4,New / Recent,2011-11,2011-12-10
12350,2011-02-02,2011-02-02,1,334.4,311,1,1,2,Developing,2011-02,2011-12-10
12352,2011-02-16,2011-11-03,8,2506.04,37,3,5,5,Loyal,2011-02,2011-12-10
12353,2011-05-19,2011-05-19,1,89.0,205,1,1,1,Developing,2011-05,2011-12-10
12354,2011-04-21,2011-04-21,1,1079.4,233,1,1,4,Developing,2011-04,2011-12-10
12355,2011-05-09,2011-05-09,1,459.4,215,1,1,2,Developing,2011-05,2011-12-10
12356,2011-01-18,2011-11-17,3,2811.43,23,4,3,5,Developing,2011-01,2011-12-10
12357,2011-11-06,2011-11-06,1,6207.67,34,3,1,5,Developing,2011-11,2011-12-10
12358,2011-07-12,2011-12-08,2,1168.06,2,5,3,4,Developing,2011-07,2011-12-10
12359,2011-01-12,2011-10-13,4,6372.58,58,3,4,5,Loyal,2011-01,2011-12-10
12360,2011-05-23,2011-10-18,3,2662.06,53,3,3,5,Developing,2011-05,2011-12-10
12361,2011-02-25,2011-02-25,1,189.9,288,1,1,1,Developing,2011-02,2011-12-10
12362,2011-02-17,2011-12-06,10,5226.2300000000005,4,5,5,5,Champions,2011-02,2011-12-10
12363,2011-04-11,2011-08-22,2,552.0,110,2,3,3,At Risk,2011-04,2011-12-10
12364,2011-08-19,2011-12-02,4,1313.1,8,5,4,4,Champions,2011-08,2011-12-10
12365,2011-02-21,2011-02-21,2,641.38,292,1,3,3,At Risk,2011-02,2011-12-10
12367,2011-12-05,2011-12-05,1,168.9,5,5,1,1,New / Recent,2011-12,2011-12-10
12370,2010-12-14,2011-10-19,4,3545.6899999999996,52,3,4,5,Loyal,2010-12,2011-12-10
12371,2011-10-11,2011-10-26,2,1887.96,45,3,3,4,Developing,2011-10,2011-12-10
12372,2011-02-16,2011-09-29,3,1298.04,72,3,3,4,Developing,2011-02,2011-12-10
12373,2011-02-01,2011-02-01,1,364.6,312,1,1,2,Developing,2011-02,2011-12-10
12374,2011-11-14,2011-11-14,1,742.93,26,4,1,3,New / Recent,2011-11,2011-12-10
12375,2011-09-02,2011-11-29,2,457.5,11,5,3,2,Developing,2011-09,2011-12-10
12377,2010-12-20,2011-01-28,2,1628.12,316,1,3,4,At Risk,2010-12,2011-12-10
12378,2011-08-02,2011-08-02,1,4008.62,130,2,1,5,Developing,2011-08,2011-12-10
12379,2011-06-22,2011-09-19,2,852.24,82,2,3,3,At Risk,2011-06,2011-12-10
12380,2011-06-07,2011-11-18,4,2724.81,22,4,4,5,Champions,2011-06,2011-12-10
12381,2011-08-12,2011-12-05,5,1845.31,5,5,4,4,Champions,2011-08,2011-12-10
12383,2010-12-22,2011-06-08,5,1850.56,185,1,4,4,At Risk,2010-12,2011-12-10
12384,2011-08-10,2011-11-11,2,585.27,29,4,3,3,Developing,2011-08,2011-12-10
12386,2010-12-08,2011-01-06,2,401.90000000000003,338,1,3,2,At Risk,2010-12,2011-12-10
12388,2011-01-17,2011-11-24,6,2780.66,16,4,5,5,Champions,2011-01,2011-12-10
12390,2011-09-21,2011-09-21,1,549.84,80,2,1,3,Developing,2011-09,2011-12-10
12391,2011-11-18,2011-11-18,1,460.89,22,4,1,2,New / Recent,2011-11,2011-12-10
12393,2011-01-11,2011-09-28,4,1582.6,73,2,4,4,At Risk,2011-01,2011-12-10
12394,2011-05-06,2011-10-07,2,1272.48,64,3,3,4,Developing,2011-05,2011-12-10
12395,2010-12-03,2011-11-20,12,3018.63,20,4,5,5,Champions,2010-12,2011-12-10
12397,2011-07-27,2011-11-04,2,2409.8999999999996,36,3,3,5,Developing,2011-07,2011-12-10
12398,2011-10-25,2011-10-25,1,1635.6599999999999,46,3,1,4,Developing,2011-10,2011-12-10
12399,2011-03-23,2011-08-12,4,1108.65,120,2,4,4,At Risk,2011-03,2011-12-10
12401,2011-02-09,2011-02-09,1,84.3,304,1,1,1,Developing,2011-02,2011-12-10
12402,2011-01-20,2011-01-20,1,225.6,324,1,1,1,Developing,2011-01,2011-12-10
12403,2011-10-21,2011-10-21,1,427.7,50,3,1,2,Developing,2011-10,2011-12-10
12405,2011-07-14,2011-07-14,1,1710.3899999999999,149,2,1,4,Developing,2011-07,2011-12-10
12406,2011-06-09,2011-11-17,2,3415.3,23,4,3,5,Developing,2011-06,2011-12-10
12407,2011-03-20,2011-10-21,5,1708.12,50,3,4,4,Loyal,2011-03,2011-12-10
12408,2011-03-24,2011-11-07,5,2888.55,33,4,4,5,Champions,2011-03,2011-12-10
12409,2011-06-10,2011-09-22,3,11072.67,79,2,3,5,At Risk,2011-06,2011-12-10
12410,2011-02-04,2011-02-04,2,693.33,309,1,3,3,At Risk,2011-02,2011-12-10
12412,2011-06-23,2011-09-26,3,1226.88,75,2,3,4,At Risk,2011-06,2011-12-10
12413,2011-01-06,2011-10-04,3,758.1,67,3,3,3,Developing,2011-01,2011-12-10
12414,2011-02-02,2011-05-06,3,562.4100000000001,218,1,3,3,At Risk,2011-02,2011-12-10
12415,2011-01-06,2011-11-15,21,124914.53,25,4,5,5,Champions,2011-01,2011-12-10
12417,2010-12-17,2011-12-06,9,3649.1,4,5,5,5,Champions,2010-12,2011-12-10
12418,2011-08-19,2011-08-19,1,668.58,113,2,1,3,Developing,2011-08,2011-12-10
12420,2011-10-07,2011-10-07,1,600.39,64,3,1,3,Developing,2011-10,2011-12-10
12421,2011-01-24,2011-11-24,4,807.04,16,4,4,3,Loyal,2011-01,2011-12-10
12422,2011-01-19,2011-09-05,3,803.56,96,2,3,3,At Risk,2011-01,2011-12-10
12423,2010-12-21,2011-12-09,8,1859.31,1,5,5,4,Champions,2010-12,2011-12-10
12424,2011-06-30,2011-06-30,2,1760.96,163,2,3,4,At Risk,2011-06,2011-12-10
12425,2011-09-22,2011-09-22,1,777.2,79,2,1,3,Developing,2011-09,2011-12-10
12426,2011-05-29,2011-05-29,1,582.73,195,1,1,3,Developing,2011-05,2011-12-10
12427,2010-12-03,2011-11-18,3,825.8,22,4,3,3,Developing,2010-12,2011-12-10
12428,2011-03-01,2011-11-14,9,7956.46,26,4,5,5,Champions,2011-03,2011-12-10
12429,2010-12-09,2011-11-30,4,3750.4,10,5,4,5,Champions,2010-12,2011-12-10
12430,2011-10-27,2011-10-27,1,256.4,44,3,1,2,Developing,2011-10,2011-12-10
12431,2010-12-01,2011-11-04,15,6487.45,36,3,5,5,Loyal,2010-12,2011-12-10
12432,2011-06-20,2011-10-28,5,5059.32,43,3,4,5,Loyal,2011-06,2011-12-10
12433,2010-12-01,2011-12-09,7,13375.87,1,5,5,5,Champions,2010-12,2011-12-10
12434,2011-03-24,2011-09-16,2,806.14,85,2,3,3,At Risk,2011-03,2011-12-10
12435,2011-03-17,2011-09-21,2,7829.889999999999,80,2,3,5,At Risk,2011-03,2011-12-10
12436,2011-09-01,2011-09-01,1,509.01,100,2,1,3,Developing,2011-09,2011-12-10
12437,2011-01-12,2011-12-08,18,4951.41,2,5,5,5,Champions,2011-01,2011-12-10
12438,2011-07-22,2011-11-25,2,2906.85,15,4,3,5,Developing,2011-07,2011-12-10
12441,2010-12-08,2010-12-08,1,173.55,367,1,1,1,Developing,2010-12,2011-12-10
12442,2011-12-06,2011-12-06,1,172.06,4,5,1,1,New / Recent,2011-12,2011-12-10
12444,2011-06-21,2011-11-18,5,5005.46,22,4,4,5,Champions,2011-06,2011-12-10
12445,2011-11-17,2011-11-17,1,133.4,23,4,1,1,New / Recent,2011-11,2011-12-10
12446,2011-10-13,2011-10-13,1,1002.31,58,3,1,4,Developing,2011-10,2011-12-10
12447,2011-04-10,2011-04-10,1,476.49,244,1,1,2,Developing,2011-04,2011-12-10
12448,2011-10-26,2011-10-26,1,449.45,45,3,1,2,Developing,2011-10,2011-12-10
12449,2011-06-05,2011-11-17,4,4067.29,23,4,4,5,Champions,2011-06,2011-12-10
12450,2011-06-19,2011-07-06,2,197.88,157,2,3,1,At Risk,2011-06,2011-12-10
12451,2011-01-19,2011-11-29,5,9035.52,11,5,4,5,Champions,2011-01,2011-12-10
12452,2011-11-23,2011-11-23,2,430.57,17,4,3,2,Developing,2011-11,2011-12-10
12453,2011-07-28,2011-07-28,1,707.09,135,2,1,3,Developing,2011-07,2011-12-10
12454,2011-10-14,2011-10-14,1,3528.34,57,3,1,5,Developing,2011-10,2011-12-10
12455,2011-02-16,2011-09-27,6,2466.86,74,2,5,5,At Risk,2011-02,2011-12-10
12456,2011-03-30,2011-10-26,3,3181.04,45,3,3,5,Developing,2011-03,2011-12-10
12457,2011-04-14,2011-10-04,7,2363.23,67,3,5,5,Loyal,2011-04,2011-12-10
12458,2011-02-28,2011-09-29,2,947.4,72,3,3,4,Developing,2011-02,2011-12-10
12461,2011-07-08,2011-09-06,2,826.88,95,2,3,3,At Risk,2011-07,2011-12-10
12462,2011-02-09,2011-11-21,2,1189.5900000000001,19,4,3,4,Developing,2011-02,2011-12-10
12463,2011-04-12,2011-10-17,4,1344.78,54,3,4,4,Loyal,2011-04,2011-12-10
12464,2011-02-03,2011-11-29,8,1212.05,11,5,5,4,Champions,2011-02,2011-12-10
12465,2011-06-23,2011-11-22,2,742.19,18,4,3,3,Developing,2011-06,2011-12-10
12468,2011-01-27,2011-06-05,2,729.54,188,1,3,3,At Risk,2011-01,2011-12-10
12471,2010-12-10,2011-12-07,30,19824.05,3,5,5,5,Champions,2010-12,2011-12-10
12472,2010-12-05,2011-11-07,7,6572.110000000001,33,4,5,5,Champions,2010-12,2011-12-10
12473,2011-06-01,2011-11-10,5,3938.55,30,4,4,5,Champions,2011-06,2011-12-10
12474,2011-01-14,2011-11-22,18,7375.79,18,4,5,5,Champions,2011-01,2011-12-10
12475,2011-10-17,2011-10-17,1,723.38,54,3,1,3,Developing,2011-10,2011-12-10
12476,2010-12-13,2011-11-24,11,6816.42,16,4,5,5,Champions,2010-12,2011-12-10
12477,2011-02-11,2011-11-17,6,13219.74,23,4,5,5,Champions,2011-02,2011-12-10
12478,2011-12-06,2011-12-06,1,680.99,4,5,1,3,New / Recent,2011-12,2011-12-10
12479,2011-11-28,2011-11-28,1,527.2,12,5,1,3,New / Recent,2011-11,2011-12-10
12480,2011-01-07,2011-11-11,4,3281.63,29,4,4,5,Champions,2011-01,2011-12-10
12481,2010-12-09,2011-11-17,10,5596.320000000001,23,4,5,5,Champions,2010-12,2011-12-10
12483,2011-01-04,2011-11-22,8,2484.98,18,4,5,5,Champions,2011-01,2011-12-10
12484,2011-01-07,2011-11-07,6,4541.72,33,4,5,5,Champions,2011-01,2011-12-10
12488,2011-09-25,2011-11-30,3,1298.66,10,5,3,4,Developing,2011-09,2011-12-10
12489,2011-01-07,2011-01-07,1,334.93,337,1,1,2,Developing,2011-01,2011-12-10
12490,2011-01-14,2011-12-04,10,5417.93,6,5,5,5,Champions,2011-01,2011-12-10
12491,2011-11-01,2011-11-01,1,460.4,39,3,1,2,Developing,2011-11,2011-12-10
12492,2011-08-26,2011-10-07,2,263.21,64,3,3,2,Developing,2011-08,2011-12-10
12493,2011-05-26,2011-06-27,2,433.74,166,2,3,2,At Risk,2011-05,2011-12-10
12494,2010-12-09,2011-11-24,7,1246.1,16,4,5,4,Champions,2010-12,2011-12-10
12497,2011-09-19,2011-09-19,1,1043.1,82,2,1,4,Developing,2011-09,2011-12-10
12498,2011-10-13,2011-11-18,3,403.7,22,4,3,2,Developing,2011-10,2011-12-10
12500,2011-01-10,2011-11-16,11,4257.82,24,4,5,5,Champions,2011-01,2011-12-10
12501,2011-01-07,2011-01-07,1,2169.39,337,1,1,5,Developing,2011-01,2011-12-10
12502,2011-02-03,2011-09-05,5,3723.87,96,2,4,5,At Risk,2011-02,2011-12-10
12504,2011-11-09,2011-11-21,2,482.04999999999995,19,4,3,2,Developing,2011-11,2011-12-10
12506,2011-04-21,2011-04-21,1,73.5,233,1,1,1,Developing,2011-04,2011-12-10
12507,2011-02-14,2011-07-28,3,1304.81,135,2,3,4,At Risk,2011-02,2011-12-10
12508,2011-11-10,2011-11-13,2,398.27,27,4,3,2,Developing,2011-11,2011-12-10
12509,2011-02-28,2011-02-28,1,176.5,285,1,1,1,Developing,2011-02,2011-12-10
12510,2011-01-18,2011-07-20,2,982.5699999999999,143,2,3,4,At Risk,2011-01,2011-12-10
12512,2011-10-04,2011-10-04,2,138.03,67,3,3,1,Developing,2011-10,2011-12-10
12513,2011-08-19,2011-08-19,1,612.29,113,2,1,3,Developing,2011-08,2011-12-10
12514,2011-03-17,2011-03-17,1,1017.6800000000001,268,1,1,4,Developing,2011-03,2011-12-10
12515,2010-12-21,2010-12-21,1,383.7,354,1,1,2,Developing,2010-12,2011-12-10
12516,2011-06-12,2011-09-23,2,1312.06,78,2,3,4,At Risk,2011-06,2011-12-10
12517,2011-06-02,2011-11-11,5,2502.84,29,4,4,5,Champions,2011-06,2011-12-10
12518,2011-08-21,2011-12-09,5,2056.89,1,5,4,4,Champions,2011-08,2011-12-10
12519,2011-10-07,2011-10-07,1,340.84,64,3,1,2,Developing,2011-10,2011-12-10
12520,2011-03-11,2011-09-21,5,2634.26,80,2,4,5,At Risk,2011-03,2011-12-10
12521,2011-07-20,2011-07-20,1,599.68,143,2,1,3,Developing,2011-07,2011-12-10
12522,2011-10-19,2011-10-31,2,192.72,40,3,3,1,Developing,2011-10,2011-12-10
12523,2011-01-12,2011-11-20,11,1789.77,20,4,5,4,Champions,2011-01,2011-12-10
12524,2011-01-10,2011-11-30,8,4485.72,10,5,5,5,Champions,2011-01,2011-12-10
12526,2011-09-06,2011-12-09,3,1316.6599999999999,1,5,3,4,Developing,2011-09,2011-12-10
12527,2011-01-18,2011-09-19,3,348.71000000000004,82,2,3,2,At Risk,2011-01,2011-12-10
12528,2011-01-31,2011-11-30,6,1933.48,10,5,5,4,Champions,2011-01,2011-12-10
12530,2011-01-07,2011-10-11,4,1662.28,60,3,4,4,Loyal,2011-01,2011-12-10
12531,2011-11-25,2011-11-25,1,125.22,15,4,1,1,New / Recent,2011-11,2011-12-10
12532,2011-11-09,2011-11-09,1,349.83,31,4,1,2,New / Recent,2011-11,2011-12-10
12534,2011-08-01,2011-08-01,1,1089.18,131,2,1,4,Developing,2011-08,2011-12-10
12535,2011-06-06,2011-09-09,2,716.3499999999999,92,2,3,3,At Risk,2011-06,2011-12-10
12536,2011-10-11,2011-10-27,3,12601.830000000002,44,3,3,5,Developing,2011-10,2011-12-10
12538,2011-11-10,2011-11-10,1,363.95,30,4,1,2,New / Recent,2011-11,2011-12-10
12539,2011-01-10,2011-11-17,4,5568.35,23,4,4,5,Champions,2011-01,2011-12-10
12540,2010-12-13,2011-11-20,17,13400.24,20,4,5,5,Champions,2010-12,2011-12-10
12541,2011-03-04,2011-11-10,3,981.18,30,4,3,4,Developing,2011-03,2011-12-10
12544,2011-11-03,2011-11-03,1,372.7,37,3,1,2,Developing,2011-11,2011-12-10
12545,2011-03-25,2011-09-25,2,1000.39,76,2,3,4,At Risk,2011-03,2011-12-10
12546,2011-09-23,2011-10-24,2,1161.5,47,3,3,4,Developing,2011-09,2011-12-10
12547,2011-03-04,2011-05-26,2,207.8,198,1,3,1,At Risk,2011-03,2011-12-10
12548,2011-06-26,2011-06-26,1,95.19999999999999,167,2,1,1,Developing,2011-06,2011-12-10
12550,2011-09-21,2011-09-21,1,964.83,80,2,1,4,Developing,2011-09,2011-12-10
12551,2010-12-17,2010-12-17,1,168.0,358,1,1,1,Developing,2010-12,2011-12-10
12552,2011-10-31,2011-11-01,2,437.82,39,3,3,2,Developing,2011-10,2011-12-10
12553,2011-01-14,2011-12-01,10,3692.2799999999997,9,5,5,5,Champions,2011-01,2011-12-10
12556,2011-07-11,2011-10-20,2,603.71,51,3,3,3,Developing,2011-07,2011-12-10
12557,2010-12-03,2011-11-23,5,11990.960000000001,17,4,4,5,Champions,2010-12,2011-12-10
12558,2011-12-02,2011-12-02,1,269.96,8,5,1,2,New / Recent,2011-12,2011-12-10
12559,2011-01-24,2011-02-02,2,561.71,311,1,3,3,At Risk,2011-01,2011-12-10
12560,2011-07-19,2011-12-04,3,2134.01,6,5,3,5,Developing,2011-07,2011-12-10
12561,2011-02-10,2011-02-10,1,238.85,303,1,1,1,Developing,2011-02,2011-12-10
12562,2011-05-25,2011-12-01,7,3781.74,9,5,5,5,Champions,2011-05,2011-12-10
12564,2011-03-23,2011-03-23,1,456.9,262,1,1,2,Developing,2011-03,2011-12-10
12565,2011-02-24,2011-02-24,1,145.92,289,1,1,1,Developing,2011-02,2011-12-10
12566,2011-09-14,2011-09-14,1,351.65,87,2,1,2,Developing,2011-09,2011-12-10
12567,2010-12-05,2011-11-17,10,9401.279999999999,23,4,5,5,Champions,2010-12,2011-12-10
12569,2011-04-01,2011-12-07,32,4124.6900000000005,3,5,5,5,Champions,2011-04,2011-12-10
12571,2011-08-10,2011-10-31,2,519.61,40,3,3,3,Developing,2011-08,2011-12-10
12572,2011-10-19,2011-12-01,2,1020.4200000000001,9,5,3,4,Developing,2011-10,2011-12-10
12573,2011-04-26,2011-04-26,1,160.54,228,1,1,1,Developing,2011-04,2011-12-10
12574,2011-01-28,2011-01-28,1,218.45,316,1,1,1,Developing,2011-01,2011-12-10
12576,2011-02-08,2011-11-04,5,1315.83,36,3,4,4,Loyal,2011-02,2011-12-10
12577,2010-12-15,2011-11-04,3,657.8,36,3,3,3,Developing,2010-12,2011-12-10
12578,2011-01-13,2011-11-18,2,2794.51,22,4,3,5,Developing,2011-01,2011-12-10
12579,2011-09-22,2011-09-22,1,440.42,79,2,1,2,Developing,2011-09,2011-12-10
12580,2011-04-07,2011-04-07,1,415.7,247,1,1,2,Developing,2011-04,2011-12-10
12581,2011-10-31,2011-10-31,1,197.71,40,3,1,1,Developing,2011-10,2011-12-10
12582,2011-02-24,2011-04-15,2,511.36,239,1,3,3,At Risk,2011-02,2011-12-10
12583,2010-12-01,2011-12-07,15,7281.38,3,5,5,5,Champions,2010-12,2011-12-10
12584,2011-03-04,2011-12-06,9,2338.15,4,5,5,5,Champions,2011-03,2011-12-10
12585,2010-12-23,2011-04-19,2,2040.1,235,1,3,4,At Risk,2010-12,2011-12-10
12586,2011-11-22,2011-11-22,1,196.94,18,4,1,1,New / Recent,2011-11,2011-12-10
12587,2011-12-02,2011-12-02,1,144.0,8,5,1,1,New / Recent,2011-12,2011-12-10
12588,2011-10-31,2011-10-31,1,214.9,40,3,1,1,Developing,2011-10,2011-12-10
12589,2011-07-18,2011-11-11,2,646.68,29,4,3,3,Developing,2011-07,2011-12-10
12590,2011-05-12,2011-05-12,2,9864.26,212,1,3,5,At Risk,2011-05,2011-12-10
12591,2011-01-26,2011-01-26,1,452.84999999999997,318,1,1,2,Developing,2011-01,2011-12-10
12592,2011-05-10,2011-09-08,2,437.6,93,2,3,2,At Risk,2011-05,2011-12-10
12593,2011-05-05,2011-08-23,3,418.1,109,2,3,2,At Risk,2011-05,2011-12-10
12594,2011-01-21,2011-11-02,10,3338.2200000000003,38,3,5,5,Loyal,2011-01,2011-12-10
12596,2011-04-11,2011-10-19,2,618.27,52,3,3,3,Developing,2011-04,2011-12-10
12597,2011-03-16,2011-11-20,4,3811.22,20,4,4,5,Champions,2011-03,2011-12-10
12598,2011-02-28,2011-11-30,8,3023.08,10,5,5,5,Champions,2011-02,2011-12-10
12599,2011-02-08,2011-11-10,7,1032.58,30,4,5,4,Champions,2011-02,2011-12-10
12600,2010-12-03,2011-11-11,10,2599.04,29,4,5,5,Champions,2010-12,2011-12-10
12601,2011-01-11,2011-06-03,5,577.06,190,1,4,3,At Risk,2011-01,2011-12-10
12602,2011-10-12,2011-10-12,1,153.12,59,3,1,1,Developing,2011-10,2011-12-10
12603,2011-11-18,2011-11-18,1,739.2,22,4,1,3,New / Recent,2011-11,2011-12-10
12604,2011-03-23,2011-09-21,2,254.18,80,2,3,2,At Risk,2011-03,2011-12-10
12607,2011-10-10,2011-10-10,1,1579.51,61,3,1,4,Developing,2011-10,2011-12-10
12609,2011-01-25,2011-09-22,3,1126.85,79,2,3,4,At Risk,2011-01,2011-12-10
12610,2011-08-05,2011-11-17,5,2099.54,23,4,4,5,Champions,2011-08,2011-12-10
12611,2011-10-18,2011-10-18,1,1193.32,53,3,1,4,Developing,2011-10,2011-12-10
12612,2011-09-26,2011-09-26,1,704.04,75,2,1,3,Developing,2011-09,2011-12-10
12613,2011-03-22,2011-10-13,5,3344.38,58,3,4,5,Loyal,2011-03,2011-12-10
12614,2011-03-07,2011-03-07,1,315.6,278,1,1,2,Developing,2011-03,2011-12-10
12615,2011-06-24,2011-12-07,4,2291.19,3,5,4,5,Champions,2011-06,2011-12-10
12616,2011-02-15,2011-09-05,2,713.3,96,2,3,3,At Risk,2011-02,2011-12-10
12617,2011-11-10,2011-11-10,1,355.53000000000003,30,4,1,2,New / Recent,2011-11,2011-12-10
12618,2011-11-18,2011-11-18,1,177.31,22,4,1,1,New / Recent,2011-11,2011-12-10
12619,2011-03-31,2011-11-23,9,3641.24,17,4,5,5,Champions,2011-03,2011-12-10
12620,2011-05-19,2011-11-25,3,1339.41,15,4,3,4,Developing,2011-05,2011-12-10
12621,2010-12-09,2011-12-08,20,13689.67,2,5,5,5,Champions,2010-12,2011-12-10
12622,2011-04-21,2011-04-21,1,180.1,233,1,1,1,Developing,2011-04,2011-12-10
12623,2011-03-08,2011-03-08,1,305.1,277,1,1,2,Developing,2011-03,2011-12-10
12624,2011-06-15,2011-08-25,2,641.13,107,2,3,3,At Risk,2011-06,2011-12-10
12625,2011-01-24,2011-05-12,2,2683.8199999999997,212,1,3,5,At Risk,2011-01,2011-12-10
12626,2011-01-17,2011-11-16,9,6620.48,24,4,5,5,Champions,2011-01,2011-12-10
12627,2011-07-22,2011-11-29,7,4478.53,11,5,5,5,Champions,2011-07,2011-12-10
12628,2011-10-06,2011-12-05,3,786.46,5,5,3,3,Developing,2011-10,2011-12-10
12630,2011-10-27,2011-11-30,2,1270.88,10,5,3,4,Developing,2011-10,2011-12-10
12631,2011-10-13,2011-10-13,1,640.5,58,3,1,3,Developing,2011-10,2011-12-10
12633,2011-02-25,2011-10-12,4,2163.98,59,3,4,5,Loyal,2011-02,2011-12-10
12635,2011-07-08,2011-09-11,2,1689.1799999999998,90,2,3,4,At Risk,2011-07,2011-12-10
12637,2011-01-20,2011-10-03,8,6021.900000000001,68,3,5,5,Loyal,2011-01,2011-12-10
12638,2011-11-06,2011-11-06,1,671.69,34,3,1,3,Developing,2011-11,2011-12-10
12639,2011-04-15,2011-04-15,1,486.1,239,1,1,2,Developing,2011-04,2011-12-10
12640,2011-09-19,2011-11-16,3,1174.58,24,4,3,4,Developing,2011-09,2011-12-10
12641,2011-08-16,2011-08-16,1,185.9,116,2,1,1,Developing,2011-08,2011-12-10
12642,2011-08-24,2011-11-14,3,1013.26,26,4,3,4,Developing,2011-08,2011-12-10
12643,2011-01-11,2011-08-03,6,3344.6400000000003,129,2,5,5,At Risk,2011-01,2011-12-10
12644,2011-08-02,2011-08-02,1,477.90999999999997,130,2,1,2,Developing,2011-08,2011-12-10
12645,2011-01-27,2011-11-06,4,1775.18,34,3,4,4,Loyal,2011-01,2011-12-10
12646,2011-10-21,2011-12-05,2,1346.97,5,5,3,4,Developing,2011-10,2011-12-10
12647,2010-12-05,2011-11-17,12,3722.8199999999997,23,4,5,5,Champions,2010-12,2011-12-10
12648,2011-07-08,2011-07-08,1,318.05,155,2,1,2,Developing,2011-07,2011-12-10
12649,2011-05-11,2011-08-24,3,623.51,108,2,3,3,At Risk,2011-05,2011-12-10
12650,2011-12-06,2011-12-06,1,314.44,4,5,1,2,New / Recent,2011-12,2011-12-10
12651,2011-01-09,2011-01-09,1,114.0,335,1,1,1,Developing,2011-01,2011-12-10
12652,2011-01-12,2011-01-12,1,919.98,332,1,1,3,Developing,2011-01,2011-12-10
12653,2011-02-16,2011-07-14,2,2209.85,149,2,3,5,At Risk,2011-02,2011-12-10
12654,2011-02-17,2011-11-29,5,601.98,11,5,4,3,Loyal,2011-02,2011-12-10
12656,2011-04-20,2011-11-22,5,4051.17,18,4,4,5,Champions,2011-04,2011-12-10
12657,2011-09-22,2011-11-28,4,1643.1799999999998,12,5,4,4,Champions,2011-09,2011-12-10
12658,2011-11-21,2011-11-21,1,686.05,19,4,1,3,New / Recent,2011-11,2011-12-10
12659,2011-11-10,2011-11-10,1,91.68,30,4,1,1,New / Recent,2011-11,2011-12-10
12660,2011-11-28,2011-11-28,1,245.1,12,5,1,1,New / Recent,2011-11,2011-12-10
12662,2010-12-01,2011-12-09,11,3849.7799999999997,1,5,5,5,Champions,2010-12,2011-12-10
12664,2011-01-21,2011-12-01,9,4881.88,9,5,5,5,Champions,2011-01,2011-12-10
12665,2011-01-19,2011-01-19,1,63.0,325,1,1,1,Developing,2011-01,2011-12-10
12667,2011-10-12,2011-10-12,1,620.13,59,3,1,3,Developing,2011-10,2011-12-10
12668,2010-12-19,2011-11-28,4,3807.1499999999996,12,5,4,5,Champions,2010-12,2011-12-10
12669,2011-03-28,2011-07-12,3,2744.0299999999997,151,2,3,5,At Risk,2011-03,2011-12-10
12670,2011-04-21,2011-11-29,5,2996.05,11,5,4,5,Champions,2011-04,2011-12-10
12672,2011-01-14,2011-01-14,1,225.9,330,1,1,1,Developing,2011-01,2011-12-10
12673,2011-01-17,2011-12-04,2,610.52,6,5,3,3,Developing,2011-01,2011-12-10
12674,2011-05-16,2011-11-01,4,1970.6,39,3,4,4,Loyal,2011-05,2011-12-10
12676,2011-02-01,2011-11-15,6,1331.3899999999999,25,4,5,4,Champions,2011-02,2011-12-10
12678,2010-12-21,2011-10-28,12,17628.46,43,3,5,5,Loyal,2010-12,2011-12-10
12679,2011-03-01,2011-10-12,4,1113.02,59,3,4,4,Loyal,2011-03,2011-12-10
12680,2011-08-18,2011-12-09,4,862.81,1,5,4,3,Loyal,2011-08,2011-12-10
12681,2010-12-07,2011-11-25,22,13787.539999999999,15,4,5,5,Champions,2010-12,2011-12-10
12682,2010-12-03,2011-12-06,31,12288.22,4,5,5,5,Champions,2010-12,2011-12-10
12683,2010-12-09,2011-12-05,15,8476.57,5,5,5,5,Champions,2010-12,2011-12-10
12684,2011-05-10,2011-12-02,7,2283.63,8,5,5,5,Champions,2011-05,2011-12-10
12685,2011-09-07,2011-11-11,6,2863.08,29,4,5,5,Champions,2011-09,2011-12-10
12686,2010-12-03,2010-12-03,1,89.14,372,1,1,1,Developing,2010-12,2011-12-10
12688,2011-08-18,2011-08-18,1,4873.81,114,2,1,5,Developing,2011-08,2011-12-10
12689,2011-08-04,2011-11-14,2,1247.6100000000001,26,4,3,4,Developing,2011-08,2011-12-10
12690,2011-05-18,2011-05-18,1,389.01,206,1,1,2,Developing,2011-05,2011-12-10
12691,2010-12-17,2011-11-11,6,1035.8,29,4,5,4,Champions,2010-12,2011-12-10
12693,2011-01-24,2011-08-04,4,855.91,128,2,4,3,At Risk,2011-01,2011-12-10
12694,2011-06-09,2011-09-30,2,869.6700000000001,71,3,3,3,Developing,2011-06,2011-12-10
12695,2011-05-13,2011-12-02,4,582.1,8,5,4,3,Loyal,2011-05,2011-12-10
12697,2011-06-23,2011-11-11,3,957.59,29,4,3,4,Developing,2011-06,2011-12-10
12700,2011-05-08,2011-12-02,4,4939.99,8,5,4,5,Champions,2011-05,2011-12-10
12701,2011-04-11,2011-09-21,2,797.71,80,2,3,3,At Risk,2011-04,2011-12-10
12702,2011-11-20,2011-11-20,1,219.0,20,4,1,1,New / Recent,2011-11,2011-12-10
12703,2011-09-29,2011-09-29,1,283.55,72,3,1,2,Developing,2011-09,2011-12-10
12704,2011-06-23,2011-12-02,8,2340.84,8,5,5,5,Champions,2011-06,2011-12-10
12705,2010-12-17,2011-11-24,9,6868.29,16,4,5,5,Champions,2010-12,2011-12-10
12707,2011-02-21,2011-02-21,1,603.42,292,1,1,3,Developing,2011-02,2011-12-10
12708,2010-12-06,2011-11-10,10,2712.91,30,4,5,5,Champions,2010-12,2011-12-10
12709,2010-12-08,2011-11-24,15,9736.52,16,4,5,5,Champions,2010-12,2011-12-10
12710,2011-05-22,2011-09-04,3,1149.02,97,2,3,4,At Risk,2011-05,2011-12-10
12712,2010-12-03,2011-11-11,13,4396.13,29,4,5,5,Champions,2010-12,2011-12-10
12713,2011-12-09,2011-12-09,1,848.55,1,5,1,3,New / Recent,2011-12,2011-12-10
12714,2011-02-18,2011-11-30,5,4708.86,10,5,4,5,Champions,2011-02,2011-12-10
12715,2011-08-25,2011-08-25,1,353.86,107,2,1,2,Developing,2011-08,2011-12-10
12716,2011-07-29,2011-12-06,2,1053.49,4,5,3,4,Developing,2011-07,2011-12-10
12717,2011-04-08,2011-07-11,2,1030.98,152,2,3,4,At Risk,2011-04,2011-12-10
12718,2011-09-29,2011-09-29,1,238.25,72,3,1,1,Developing,2011-09,2011-12-10
12719,2011-10-05,2011-12-04,2,644.95,6,5,3,3,Developing,2011-10,2011-12-10
12720,2010-12-05,2011-12-07,25,5781.73,3,5,5,5,Champions,2010-12,2011-12-10
12721,2010-12-20,2011-11-08,6,2656.13,32,4,5,5,Champions,2010-12,2011-12-10
12722,2011-07-12,2011-09-15,4,997.63,86,2,4,4,At Risk,2011-07,2011-12-10
12723,2011-10-05,2011-12-06,5,725.0699999999999,4,5,4,3,Loyal,2011-10,2011-12-10
12724,2011-01-11,2011-12-04,4,1031.4099999999999,6,5,4,4,Champions,2011-01,2011-12-10
12725,2010-12-03,2010-12-03,1,427.8,372,1,1,2,Developing,2010-12,2011-12-10
12726,2010-12-17,2011-11-11,7,2609.1,29,4,5,5,Champions,2010-12,2011-12-10
12727,2011-01-23,2011-11-29,7,3980.7,11,5,5,5,Champions,2011-01,2011-12-10
12728,2011-01-11,2011-09-29,4,836.3299999999999,72,3,4,3,Loyal,2011-01,2011-12-10
12729,2011-08-18,2011-08-18,1,453.01,114,2,1,2,Developing,2011-08,2011-12-10
12731,2010-12-10,2011-11-16,12,18895.91,24,4,5,5,Champions,2010-12,2011-12-10
12732,2011-06-13,2011-06-13,1,236.26,180,1,1,1,Developing,2011-06,2011-12-10
12733,2011-04-19,2011-04-19,1,383.95,235,1,1,2,Developing,2011-04,2011-12-10
12734,2010-12-22,2010-12-22,1,110.39999999999999,353,1,1,1,Developing,2010-12,2011-12-10
12735,2011-01-06,2011-01-28,2,779.5699999999999,316,1,3,3,At Risk,2011-01,2011-12-10
12736,2011-01-11,2011-01-11,1,234.0,333,1,1,1,Developing,2011-01,2011-12-10
12738,2010-12-02,2010-12-02,1,155.35,373,1,1,1,Developing,2010-12,2011-12-10
12739,2011-09-01,2011-09-22,2,1013.04,79,2,3,4,At Risk,2011-09,2011-12-10
12740,2011-10-07,2011-10-07,1,427.6,64,3,1,2,Developing,2011-10,2011-12-10
12743,2011-07-28,2011-07-28,2,546.4300000000001,135,2,3,3,At Risk,2011-07,2011-12-10
12744,2011-01-25,2011-10-19,7,21279.29,52,3,5,5,Loyal,2011-01,2011-12-10
12747,2010-12-05,2011-12-07,11,4196.01,3,5,5,5,Champions,2010-12,2011-12-10
12748,2010-12-01,2011-12-09,209,33719.73,1,5,5,5,Champions,2010-12,2011-12-10
12749,2011-05-10,2011-12-06,5,4090.88,4,5,4,5,Champions,2011-05,2011-12-10
12750,2011-08-03,2011-08-03,1,275.88,129,2,1,2,Developing,2011-08,2011-12-10
12752,2011-09-19,2011-09-19,1,4366.78,82,2,1,5,Developing,2011-09,2011-12-10
12753,2010-12-12,2011-11-17,6,21429.39,23,4,5,5,Champions,2010-12,2011-12-10
12754,2011-02-04,2011-04-18,3,3010.74,236,1,3,5,At Risk,2011-02,2011-12-10
12755,2010-12-09,2011-03-04,2,3811.9500000000003,281,1,3,5,At Risk,2010-12,2011-12-10
12756,2011-09-14,2011-09-14,1,112.08,87,2,1,1,Developing,2011-09,2011-12-10
12757,2011-05-12,2011-11-24,13,7857.1,16,4,5,5,Champions,2011-05,2011-12-10
12758,2011-03-08,2011-08-15,2,2791.59,117,2,3,5,At Risk,2011-03,2011-12-10
12759,2011-03-09,2011-10-18,3,1531.44,53,3,3,4,Developing,2011-03,2011-12-10
12762,2011-11-14,2011-12-02,2,1898.52,8,5,3,4,Developing,2011-11,2011-12-10
12763,2010-12-05,2011-07-24,2,494.08,139,2,3,3,At Risk,2010-12,2011-12-10
12764,2011-01-27,2011-01-27,1,1693.88,317,1,1,4,Developing,2011-01,2011-12-10
12766,2010-12-08,2011-12-06,7,6989.63,4,5,5,5,Champions,2010-12,2011-12-10
12769,2011-04-15,2011-04-15,1,1143.6,239,1,1,4,Developing,2011-04,2011-12-10
12770,2011-05-13,2011-05-13,1,1351.45,211,1,1,4,Developing,2011-05,2011-12-10
12772,2011-10-11,2011-10-11,1,892.47,60,3,1,3,Developing,2011-10,2011-12-10
12775,2011-02-01,2011-11-22,5,1386.04,18,4,4,4,Champions,2011-02,2011-12-10
12778,2011-01-31,2011-11-20,6,822.23,20,4,5,3,Loyal,2011-01,2011-12-10
12779,2010-12-03,2011-11-02,8,3981.36,38,3,5,5,Loyal,2010-12,2011-12-10
12781,2011-02-28,2011-10-07,2,826.74,64,3,3,3,Developing,2011-02,2011-12-10
12782,2010-12-17,2011-12-05,5,2330.92,5,5,4,5,Champions,2010-12,2011-12-10
12783,2011-09-25,2011-12-07,6,2225.91,3,5,5,5,Champions,2011-09,2011-12-10
12784,2011-11-24,2011-11-30,2,574.42,10,5,3,3,Developing,2011-11,2011-12-10
12785,2010-12-10,2010-12-10,1,311.95,365,1,1,2,Developing,2010-12,2011-12-10
12787,2011-05-31,2011-11-30,3,463.65999999999997,10,5,3,2,Developing,2011-05,2011-12-10
12789,2011-10-05,2011-10-05,1,91.85,66,3,1,1,Developing,2011-10,2011-12-10
12790,2011-05-31,2011-05-31,1,324.91999999999996,193,1,1,2,Developing,2011-05,2011-12-10
12791,2010-12-01,2010-12-01,1,192.6,374,1,1,1,Developing,2010-12,2011-12-10
12792,2011-03-28,2011-03-28,1,400.53999999999996,257,1,1,2,Developing,2011-03,2011-12-10
12793,2010-12-03,2011-01-09,2,545.48,335,1,3,3,At Risk,2010-12,2011-12-10
12794,2011-09-02,2011-10-17,2,860.41,54,3,3,3,Developing,2011-09,2011-12-10
12795,2011-11-21,2011-11-21,1,430.48,19,4,1,2,New / Recent,2011-11,2011-12-10
12797,2010-12-09,2010-12-09,1,254.03,366,1,1,2,Developing,2010-12,2011-12-10
12798,2011-06-22,2011-11-29,3,6977.04,11,5,3,5,Developing,2011-06,2011-12-10
12802,2011-06-06,2011-06-06,1,427.58,187,1,1,2,Developing,2011-06,2011-12-10
12808,2010-12-06,2011-11-03,3,483.65,37,3,3,2,Developing,2010-12,2011-12-10
12809,2011-06-15,2011-06-15,1,489.31,178,2,1,2,Developing,2011-06,2011-12-10
12811,2011-02-28,2011-03-24,3,514.85,261,1,3,3,At Risk,2011-02,2011-12-10
12812,2011-10-26,2011-10-26,1,229.64,45,3,1,1,Developing,2011-10,2011-12-10
12814,2011-08-30,2011-08-30,1,125.92,102,2,1,1,Developing,2011-08,2011-12-10
12815,2011-05-25,2011-07-15,2,1063.46,148,2,3,4,At Risk,2011-05,2011-12-10
12816,2011-06-16,2011-09-05,2,572.2,96,2,3,3,At Risk,2011-06,2011-12-10
12817,2011-03-03,2011-03-03,1,166.04,282,1,1,1,Developing,2011-03,2011-12-10
12818,2011-03-23,2011-03-23,1,1542.08,262,1,1,4,Developing,2011-03,2011-12-10
12820,2011-01-17,2011-12-06,4,942.34,4,5,4,4,Champions,2011-01,2011-12-10
12821,2011-05-09,2011-05-09,1,92.72,215,1,1,1,Developing,2011-05,2011-12-10
12822,2011-09-13,2011-09-30,2,948.88,71,3,3,4,Developing,2011-09,2011-12-10
12823,2011-02-16,2011-09-26,5,1759.5,75,2,4,4,At Risk,2011-02,2011-12-10
12824,2011-10-11,2011-10-11,1,397.12,60,3,1,2,Developing,2011-10,2011-12-10
12826,2010-12-09,2011-12-07,7,1474.72,3,5,5,4,Champions,2010-12,2011-12-10
12827,2011-10-26,2011-12-04,3,430.15,6,5,3,2,Developing,2011-10,2011-12-10
12828,2011-08-01,2011-12-07,6,1018.71,3,5,5,4,Champions,2011-08,2011-12-10
12829,2010-12-14,2011-01-07,2,293.0,337,1,3,2,At Risk,2010-12,2011-12-10
12830,2011-06-21,2011-11-02,6,6814.64,38,3,5,5,Loyal,2011-06,2011-12-10
12831,2011-03-22,2011-03-22,1,215.05,263,1,1,1,Developing,2011-03,2011-12-10
12832,2011-09-02,2011-11-07,2,383.03000000000003,33,4,3,2,Developing,2011-09,2011-12-10
12833,2011-07-17,2011-07-17,1,417.38,146,2,1,2,Developing,2011-07,2011-12-10
12834,2011-03-02,2011-03-02,1,312.38,283,1,1,2,Developing,2011-03,2011-12-10
12836,2011-02-01,2011-10-11,4,2612.86,60,3,4,5,Loyal,2011-02,2011-12-10
12837,2011-06-19,2011-06-19,1,134.1,174,2,1,1,Developing,2011-06,2011-12-10
12838,2010-12-01,2011-11-06,2,683.13,34,3,3,3,Developing,2010-12,2011-12-10
12839,2010-12-07,2011-12-07,14,5591.42,3,5,5,5,Champions,2010-12,2011-12-10
12840,2011-04-27,2011-07-19,4,2726.77,144,2,4,5,At Risk,2011-04,2011-12-10
12841,2010-12-03,2011-12-05,25,4022.35,5,5,5,5,Champions,2010-12,2011-12-10
12842,2011-02-04,2011-09-30,2,1118.99,71,3,3,4,Developing,2011-02,2011-12-10
12843,2011-03-20,2011-10-05,8,1702.26,66,3,5,4,Loyal,2011-03,2011-12-10
12844,2011-08-01,2011-11-10,2,325.96000000000004,30,4,3,2,Developing,2011-08,2011-12-10
12845,2011-02-22,2011-03-17,4,354.09000000000003,268,1,4,2,At Risk,2011-02,2011-12-10
12847,2011-11-17,2011-11-17,1,871.54,23,4,1,3,New / Recent,2011-11,2011-12-10
12849,2011-03-16,2011-11-08,2,1050.8899999999999,32,4,3,4,Developing,2011-03,2011-12-10
12851,2011-09-04,2011-09-04,1,135.18,97,2,1,1,Developing,2011-09,2011-12-10
12852,2011-02-18,2011-02-18,1,311.55,295,1,1,2,Developing,2011-02,2011-12-10
12853,2011-01-28,2011-07-28,6,1957.1,135,2,5,4,At Risk,2011-01,2011-12-10
12854,2011-01-25,2011-09-22,3,1324.5,79,2,3,4,At Risk,2011-01,2011-12-10
12855,2010-12-02,2010-12-02,1,38.099999999999994,373,1,1,1,Developing,2010-12,2011-12-10
12856,2011-10-07,2011-12-02,6,2179.93,8,5,5,5,Champions,2011-10,2011-12-10
12857,2011-02-10,2011-05-13,2,1106.4,211,1,3,4,At Risk,2011-02,2011-12-10
12863,2011-10-18,2011-10-18,1,521.2,53,3,1,3,Developing,2011-10,2011-12-10
12864,2011-07-24,2011-07-24,1,147.12,139,2,1,1,Developing,2011-07,2011-12-10
12865,2011-08-08,2011-11-13,2,1568.23,27,4,3,4,Developing,2011-08,2011-12-10
12866,2011-03-01,2011-03-01,1,559.12,284,1,1,3,Developing,2011-03,2011-12-10
12867,2010-12-14,2011-11-13,7,4036.8199999999997,27,4,5,5,Champions,2010-12,2011-12-10
12868,2010-12-01,2011-06-07,6,1607.06,186,1,5,4,At Risk,2010-12,2011-12-10
12871,2011-05-16,2011-09-16,2,380.64,85,2,3,2,At Risk,2011-05,2011-12-10
12872,2010-12-09,2011-01-17,2,599.97,327,1,3,3,At Risk,2010-12,2011-12-10
12873,2011-03-02,2011-03-02,1,374.0,283,1,1,2,Developing,2011-03,2011-12-10
12875,2010-12-12,2011-07-19,2,343.23,144,2,3,2,At Risk,2010-12,2011-12-10
12876,2011-05-27,2011-10-13,2,2218.02,58,3,3,5,Developing,2011-05,2011-12-10
12877,2010-12-16,2011-12-06,12,1535.77,4,5,5,4,Champions,2010-12,2011-12-10
12878,2011-03-18,2011-04-17,2,854.99,237,1,3,3,At Risk,2011-03,2011-12-10
12879,2011-09-09,2011-10-26,3,573.22,45,3,3,3,Developing,2011-09,2011-12-10
12881,2011-03-09,2011-03-09,1,298.0,276,1,1,2,Developing,2011-03,2011-12-10
12882,2011-11-06,2011-11-30,2,1463.04,10,5,3,4,Developing,2011-11,2011-12-10
12883,2011-09-11,2011-11-15,4,703.47,25,4,4,3,Loyal,2011-09,2011-12-10
12884,2011-09-12,2011-09-12,1,309.05,89,2,1,2,Developing,2011-09,2011-12-10
12885,2011-08-08,2011-10-07,3,1175.22,64,3,3,4,Developing,2011-08,2011-12-10
12886,2011-05-04,2011-10-03,2,1378.4,68,3,3,4,Developing,2011-05,2011-12-10
12888,2011-03-29,2011-05-09,2,354.12,215,1,3,2,At Risk,2011-03,2011-12-10
12890,2011-11-15,2011-11-15,1,380.46999999999997,25,4,1,2,New / Recent,2011-11,2011-12-10
12891,2011-02-20,2011-06-07,3,331.0,186,1,3,2,At Risk,2011-02,2011-12-10
12893,2011-11-09,2011-11-09,1,188.14,31,4,1,1,New / Recent,2011-11,2011-12-10
12895,2011-09-14,2011-10-28,2,372.8,43,3,3,2,Developing,2011-09,2011-12-10
12897,2011-02-11,2011-05-19,2,216.5,205,1,3,1,At Risk,2011-02,2011-12-10
12901,2011-03-14,2011-12-01,28,17654.54,9,5,5,5,Champions,2011-03,2011-12-10
12902,2011-03-20,2011-03-20,1,138.68,265,1,1,1,Developing,2011-03,2011-12-10
12904,2011-06-20,2011-11-21,2,509.58,19,4,3,3,Developing,2011-06,2011-12-10
12906,2011-09-22,2011-11-28,5,2919.81,12,5,4,5,Champions,2011-09,2011-12-10
12908,2011-01-31,2011-06-16,2,750.0,177,2,3,3,At Risk,2011-01,2011-12-10
12909,2011-03-31,2011-10-31,5,2178.67,40,3,4,5,Loyal,2011-03,2011-12-10
12910,2011-04-12,2011-11-16,8,3075.04,24,4,5,5,Champions,2011-04,2011-12-10
12912,2011-10-30,2011-12-07,5,1662.3000000000002,3,5,4,4,Champions,2011-10,2011-12-10
12913,2010-12-06,2011-12-05,5,2483.63,5,5,4,5,Champions,2010-12,2011-12-10
12915,2010-12-02,2011-07-14,2,363.65,149,2,3,2,At Risk,2010-12,2011-12-10
12916,2011-01-23,2011-07-24,4,3006.15,139,2,4,5,At Risk,2011-01,2011-12-10
12917,2011-08-03,2011-08-03,1,594.0,129,2,1,3,Developing,2011-08,2011-12-10
12919,2011-06-23,2011-12-01,6,1335.19,9,5,5,4,Champions,2011-06,2011-12-10
12920,2011-11-22,2011-11-22,1,164.23,18,4,1,1,New / Recent,2011-11,2011-12-10
12921,2010-12-01,2011-11-30,37,16587.09,10,5,5,5,Champions,2010-12,2011-12-10
12922,2011-07-01,2011-07-01,1,405.38,162,2,1,2,Developing,2011-07,2011-12-10
12923,2011-10-06,2011-10-06,1,176.97,65,3,1,1,Developing,2011-10,2011-12-10
12924,2011-01-16,2011-09-12,4,933.7,89,2,4,3,At Risk,2011-01,2011-12-10
12925,2011-09-26,2011-12-05,2,694.05,5,5,3,3,Developing,2011-09,2011-12-10
12928,2010-12-15,2011-11-04,5,2062.7,36,3,4,5,Loyal,2010-12,2011-12-10
12929,2011-02-01,2011-02-01,1,117.85,312,1,1,1,Developing,2011-02,2011-12-10
12930,2011-06-21,2011-09-22,2,415.8,79,2,3,2,At Risk,2011-06,2011-12-10
12931,2010-12-17,2011-11-18,15,42055.96,22,4,5,5,Champions,2010-12,2011-12-10
12933,2011-03-01,2011-11-15,3,607.53,25,4,3,3,Developing,2011-03,2011-12-10
12935,2011-01-24,2011-12-07,7,2160.7,3,5,5,5,Champions,2011-01,2011-12-10
12936,2011-09-22,2011-11-22,4,1063.9,18,4,4,4,Champions,2011-09,2011-12-10
12937,2011-03-17,2011-11-24,4,1504.27,16,4,4,4,Champions,2011-03,2011-12-10
12938,2011-11-14,2011-11-14,1,114.14,26,4,1,1,New / Recent,2011-11,2011-12-10
12939,2011-01-09,2011-10-06,8,11581.8,65,3,5,5,Loyal,2011-01,2011-12-10
12940,2011-09-13,2011-10-16,2,913.54,55,3,3,3,Developing,2011-09,2011-12-10
12942,2010-12-09,2011-07-31,3,683.9,132,2,3,3,At Risk,2010-12,2011-12-10
12944,2010-12-20,2011-11-04,2,604.51,36,3,3,3,Developing,2010-12,2011-12-10
12945,2011-02-24,2011-02-24,1,462.95,289,1,1,2,Developing,2011-02,2011-12-10
12947,2010-12-01,2011-07-19,6,1603.99,144,2,5,4,At Risk,2010-12,2011-12-10
12948,2011-03-20,2011-11-23,7,2064.95,17,4,5,5,Champions,2011-03,2011-12-10
12949,2011-04-01,2011-11-09,8,4167.22,31,4,5,5,Champions,2011-04,2011-12-10
12950,2011-11-15,2011-12-07,3,1843.0,3,5,3,4,Developing,2011-11,2011-12-10
12951,2011-01-13,2011-12-01,6,1064.07,9,5,5,4,Champions,2011-01,2011-12-10
12952,2011-09-22,2011-12-04,4,1387.79,6,5,4,4,Champions,2011-09,2011-12-10
12953,2011-11-30,2011-11-30,1,329.85,10,5,1,2,New / Recent,2011-11,2011-12-10
12955,2011-03-17,2011-12-08,11,4757.16,2,5,5,5,Champions,2011-03,2011-12-10
12956,2011-02-06,2011-02-06,1,108.07,307,1,1,1,Developing,2011-02,2011-12-10
12957,2011-01-04,2011-11-30,8,4017.54,10,5,5,5,Champions,2011-01,2011-12-10
12962,2011-08-18,2011-12-02,2,266.39,8,5,3,2,Developing,2011-08,2011-12-10
12963,2010-12-09,2011-12-01,8,1856.63,9,5,5,4,Champions,2010-12,2011-12-10
12965,2011-09-11,2011-09-11,1,771.91,90,2,1,3,Developing,2011-09,2011-12-10
12966,2011-11-30,2011-11-30,1,160.18,10,5,1,1,New / Recent,2011-11,2011-12-10
12967,2010-12-03,2010-12-16,2,1660.8999999999999,359,1,3,4,At Risk,2010-12,2011-12-10
12968,2011-08-19,2011-08-19,1,135.95,113,2,1,1,Developing,2011-08,2011-12-10
12970,2011-01-21,2011-12-02,4,452.24,8,5,4,2,Loyal,2011-01,2011-12-10
12971,2010-12-02,2011-12-06,86,11189.91,4,5,5,5,Champions,2010-12,2011-12-10
12974,2011-05-26,2011-05-26,1,144.8,198,1,1,1,Developing,2011-05,2011-12-10
12976,2011-05-12,2011-05-12,1,738.6,212,1,1,3,Developing,2011-05,2011-12-10
12977,2011-07-06,2011-07-06,1,39.239999999999995,157,2,1,1,Developing,2011-07,2011-12-10
12980,2010-12-16,2011-07-05,9,7374.9,158,2,5,5,At Risk,2010-12,2011-12-10
12981,2011-07-29,2011-11-10,2,372.22,30,4,3,2,Developing,2011-07,2011-12-10
12982,2011-04-11,2011-04-11,1,390.54,243,1,1,2,Developing,2011-04,2011-12-10
12984,2011-11-21,2011-11-21,1,97.5,19,4,1,1,New / Recent,2011-11,2011-12-10
12985,2011-11-11,2011-12-09,2,1239.38,1,5,3,4,Developing,2011-11,2011-12-10
12987,2011-05-26,2011-09-27,2,558.7,74,2,3,3,At Risk,2011-05,2011-12-10
12988,2011-02-20,2011-02-20,1,535.32,293,1,1,3,Developing,2011-02,2011-12-10
12989,2010-12-10,2011-12-06,15,6924.11,4,5,5,5,Champions,2010-12,2011-12-10
12990,2011-02-02,2011-11-08,3,409.5,32,4,3,2,Developing,2011-02,2011-12-10
12991,2011-08-19,2011-11-16,2,503.76,24,4,3,3,Developing,2011-08,2011-12-10
12993,2011-02-14,2011-11-16,4,414.76,24,4,4,2,Loyal,2011-02,2011-12-10
12994,2011-03-16,2011-12-05,3,974.4200000000001,5,5,3,4,Developing,2011-03,2011-12-10
12995,2011-09-15,2011-09-15,1,211.32,86,2,1,1,Developing,2011-09,2011-12-10
12997,2011-01-26,2011-11-17,4,1226.89,23,4,4,4,Champions,2011-01,2011-12-10
12999,2011-04-08,2011-05-27,3,455.88,197,1,3,2,At Risk,2011-04,2011-12-10
13000,2010-12-10,2011-08-25,3,534.8499999999999,107,2,3,3,At Risk,2010-12,2011-12-10
13001,2011-01-17,2011-12-05,13,9818.82,5,5,5,5,Champions,2011-01,2011-12-10
13002,2011-01-25,2011-01-25,1,120.95,319,1,1,1,Developing,2011-01,2011-12-10
13003,2011-05-09,2011-08-26,3,149.05,106,2,3,1,At Risk,2011-05,2011-12-10
13004,2010-12-17,2011-11-28,18,5655.91,12,5,5,5,Champions,2010-12,2011-12-10
13005,2011-04-07,2011-06-19,2,513.7,174,2,3,3,At Risk,2011-04,2011-12-10
13006,2011-10-14,2011-10-14,1,81.57,57,3,1,1,Developing,2011-10,2011-12-10
13008,2011-01-20,2011-01-20,1,229.47,324,1,1,1,Developing,2011-01,2011-12-10
13011,2010-12-02,2010-12-02,1,50.55,373,1,1,1,Developing,2010-12,2011-12-10
13012,2011-02-18,2011-11-30,8,1661.84,10,5,5,4,Champions,2011-02,2011-12-10
13013,2010-12-03,2011-12-08,13,4810.94,2,5,5,5,Champions,2010-12,2011-12-10
13014,2011-03-03,2011-11-29,10,3466.2799999999997,11,5,5,5,Champions,2011-03,2011-12-10
13015,2011-04-04,2011-10-17,5,3346.2799999999997,54,3,4,5,Loyal,2011-04,2011-12-10
13016,2011-08-08,2011-09-27,3,789.89,74,2,3,3,At Risk,2011-08,2011-12-10
13017,2011-12-02,2011-12-02,1,204.0,8,5,1,1,New / Recent,2011-12,2011-12-10
13018,2011-02-17,2011-11-23,28,7277.7,17,4,5,5,Champions,2011-02,2011-12-10
13021,2010-12-16,2011-12-05,9,2616.38,5,5,5,5,Champions,2010-12,2011-12-10
13023,2011-08-02,2011-10-06,2,689.9,65,3,3,3,Developing,2011-08,2011-12-10
13026,2011-03-09,2011-12-08,5,975.36,2,5,4,4,Champions,2011-03,2011-12-10
13027,2010-12-20,2011-08-18,6,6912.0,114,2,5,5,At Risk,2010-12,2011-12-10
13028,2011-10-25,2011-11-17,2,661.3199999999999,23,4,3,3,Developing,2011-10,2011-12-10
13029,2010-12-21,2011-11-09,3,1247.5,31,4,3,4,Developing,2010-12,2011-12-10
13030,2010-12-06,2011-11-28,2,799.48,12,5,3,3,Developing,2010-12,2011-12-10
13032,2011-09-13,2011-10-18,2,1010.1800000000001,53,3,3,4,Developing,2011-09,2011-12-10
13033,2010-12-17,2010-12-17,1,190.55,358,1,1,1,Developing,2010-12,2011-12-10
13034,2010-12-05,2011-10-16,2,642.77,55,3,3,3,Developing,2010-12,2011-12-10
13035,2011-03-24,2011-09-27,2,921.88,74,2,3,3,At Risk,2011-03,2011-12-10
13037,2011-03-28,2011-07-24,3,881.0699999999999,139,2,3,3,At Risk,2011-03,2011-12-10
13038,2011-02-22,2011-09-20,3,908.46,81,2,3,3,At Risk,2011-02,2011-12-10
13040,2011-11-06,2011-12-01,2,676.99,9,5,3,3,Developing,2011-11,2011-12-10
13043,2011-03-11,2011-03-11,1,516.42,274,1,1,3,Developing,2011-03,2011-12-10
13044,2011-02-21,2011-02-21,1,560.47,292,1,1,3,Developing,2011-02,2011-12-10
13045,2011-09-01,2011-09-01,1,305.28000000000003,100,2,1,2,Developing,2011-09,2011-12-10
13046,2011-03-18,2011-11-09,2,629.31,31,4,3,3,Developing,2011-03,2011-12-10
13047,2010-12-01,2011-11-08,10,3237.54,32,4,5,5,Champions,2010-12,2011-12-10
13048,2011-01-16,2011-11-25,4,1835.91,15,4,4,4,Champions,2011-01,2011-12-10
13049,2011-01-25,2011-10-06,2,656.6800000000001,65,3,3,3,Developing,2011-01,2011-12-10
13050,2010-12-08,2011-11-25,17,5836.86,15,4,5,5,Champions,2010-12,2011-12-10
13052,2011-05-11,2011-05-11,1,348.15,213,1,1,2,Developing,2011-05,2011-12-10
13055,2011-05-10,2011-09-22,3,1214.41,79,2,3,4,At Risk,2011-05,2011-12-10
13058,2011-07-11,2011-11-15,3,271.4,25,4,3,2,Developing,2011-07,2011-12-10
13059,2011-04-04,2011-04-04,1,183.4,250,1,1,1,Developing,2011-04,2011-12-10
13060,2011-03-31,2011-03-31,1,307.53,254,1,1,2,Developing,2011-03,2011-12-10
13061,2011-09-28,2011-09-28,1,248.60999999999999,73,2,1,1,Developing,2011-09,2011-12-10
13062,2011-06-01,2011-06-01,1,346.98,192,1,1,2,Developing,2011-06,2011-12-10
13064,2011-01-16,2011-11-27,4,1119.49,13,5,4,4,Champions,2011-01,2011-12-10
13065,2010-12-01,2010-12-01,1,205.85999999999999,374,1,1,1,Developing,2010-12,2011-12-10
13066,2011-11-07,2011-11-15,2,470.8,25,4,3,2,Developing,2011-11,2011-12-10
13067,2011-09-18,2011-09-18,1,115.46000000000001,83,2,1,1,Developing,2011-09,2011-12-10
13068,2011-01-24,2011-11-29,2,344.0,11,5,3,2,Developing,2011-01,2011-12-10
13069,2010-12-05,2011-12-09,24,4436.12,1,5,5,5,Champions,2010-12,2011-12-10
13070,2011-05-31,2011-05-31,1,228.8,193,1,1,1,Developing,2011-05,2011-12-10
13072,2011-03-18,2011-03-18,1,177.15,267,1,1,1,Developing,2011-03,2011-12-10
13075,2011-08-02,2011-08-02,1,919.61,130,2,1,3,Developing,2011-08,2011-12-10
13077,2010-12-08,2011-12-08,4,729.27,2,5,4,3,Loyal,2010-12,2011-12-10
13078,2010-12-08,2011-12-06,26,12627.94,4,5,5,5,Champions,2010-12,2011-12-10
13079,2011-07-22,2011-12-05,5,220.1,5,5,4,1,Loyal,2011-07,2011-12-10
13080,2011-06-13,2011-06-13,1,58.08,180,1,1,1,Developing,2011-06,2011-12-10
13081,2010-12-03,2011-11-28,11,28337.38,12,5,5,5,Champions,2010-12,2011-12-10
13082,2011-01-05,2011-08-05,9,3613.63,127,2,5,5,At Risk,2011-01,2011-12-10
13083,2011-09-25,2011-12-05,2,303.75,5,5,3,2,Developing,2011-09,2011-12-10
13085,2011-02-17,2011-07-05,2,416.0799999999999,158,2,3,2,At Risk,2011-02,2011-12-10
13089,2010-12-05,2011-12-07,97,58825.83,3,5,5,5,Champions,2010-12,2011-12-10
13090,2010-12-02,2011-12-01,14,8910.82,9,5,5,5,Champions,2010-12,2011-12-10
13091,2011-11-11,2011-11-11,1,345.82,29,4,1,2,New / Recent,2011-11,2011-12-10
13092,2010-12-15,2011-09-30,5,477.83,71,3,4,2,Loyal,2010-12,2011-12-10
13093,2010-12-01,2011-03-09,8,7832.47,276,1,5,5,At Risk,2010-12,2011-12-10
13094,2010-12-06,2011-11-18,12,1927.32,22,4,5,4,Champions,2010-12,2011-12-10
13095,2011-09-30,2011-09-30,1,74.4,71,3,1,1,Developing,2011-09,2011-12-10
13097,2010-12-14,2011-11-07,10,6010.42,33,4,5,5,Champions,2010-12,2011-12-10
13098,2011-01-26,2011-12-08,28,28882.44,2,5,5,5,Champions,2011-01,2011-12-10
13099,2011-09-01,2011-09-01,1,207.36,100,2,1,1,Developing,2011-09,2011-12-10
13101,2011-04-19,2011-04-19,1,101.19,235,1,1,1,Developing,2011-04,2011-12-10
13102,2010-12-09,2011-12-08,24,6424.09,2,5,5,5,Champions,2010-12,2011-12-10
13103,2011-10-31,2011-10-31,1,243.94,40,3,1,1,Developing,2011-10,2011-12-10
13104,2010-12-20,2011-12-06,6,1098.48,4,5,5,4,Champions,2010-12,2011-12-10
13106,2011-07-29,2011-07-29,1,76.5,134,2,1,1,Developing,2011-07,2011-12-10
13107,2011-01-10,2011-10-26,4,1531.6200000000001,45,3,4,4,Loyal,2011-01,2011-12-10
13108,2010-12-02,2010-12-02,1,350.06,373,1,1,2,Developing,2010-12,2011-12-10
13109,2011-07-05,2011-10-11,2,786.54,60,3,3,3,Developing,2011-07,2011-12-10
13110,2011-02-01,2011-11-08,7,1488.67,32,4,5,4,Champions,2011-02,2011-12-10
13113,2010-12-08,2011-12-09,24,12245.96,1,5,5,5,Champions,2010-12,2011-12-10
13115,2011-06-08,2011-11-28,4,2294.78,12,5,4,5,Champions,2011-06,2011-12-10
13116,2011-07-24,2011-07-24,1,501.14,139,2,1,3,Developing,2011-07,2011-12-10
13117,2010-12-02,2011-11-18,8,984.91,22,4,5,4,Champions,2010-12,2011-12-10
13118,2011-02-24,2011-11-20,5,1197.81,20,4,4,4,Champions,2011-02,2011-12-10
13120,2011-04-15,2011-04-15,1,30.6,239,1,1,1,Developing,2011-04,2011-12-10
13121,2011-03-15,2011-03-15,1,283.73,270,1,1,2,Developing,2011-03,2011-12-10
13122,2011-04-13,2011-09-06,2,922.39,95,2,3,3,At Risk,2011-04,2011-12-10
13124,2010-12-15,2011-09-11,3,3866.33,90,2,3,5,At Risk,2010-12,2011-12-10
13126,2010-12-08,2011-12-05,8,2099.64,5,5,5,5,Champions,2010-12,2011-12-10
13127,2011-09-23,2011-09-23,1,259.17,78,2,1,2,Developing,2011-09,2011-12-10
13130,2011-09-06,2011-09-06,1,64.0,95,2,1,1,Developing,2011-09,2011-12-10
13131,2011-06-05,2011-11-16,3,1073.3,24,4,3,4,Developing,2011-06,2011-12-10
13132,2011-03-23,2011-03-23,1,77.3,262,1,1,1,Developing,2011-03,2011-12-10
13133,2011-02-08,2011-03-11,2,109.8,274,1,3,1,At Risk,2011-02,2011-12-10
13134,2011-04-13,2011-09-15,4,1793.58,86,2,4,4,At Risk,2011-04,2011-12-10
13135,2011-05-27,2011-05-27,1,3096.0,197,1,1,5,Developing,2011-05,2011-12-10
13136,2011-05-11,2011-10-14,5,2607.6099999999997,57,3,4,5,Loyal,2011-05,2011-12-10
13137,2011-02-04,2011-11-29,8,3650.41,11,5,5,5,Champions,2011-02,2011-12-10
13138,2010-12-02,2011-11-17,6,962.39,23,4,5,4,Champions,2010-12,2011-12-10
13139,2011-03-25,2011-11-23,7,5064.94,17,4,5,5,Champions,2011-03,2011-12-10
13140,2010-12-08,2011-08-23,3,423.72,109,2,3,2,At Risk,2010-12,2011-12-10
13141,2011-01-28,2011-09-16,5,2388.75,85,2,4,5,At Risk,2011-01,2011-12-10
13142,2011-11-20,2011-11-20,1,307.09000000000003,20,4,1,2,New / Recent,2011-11,2011-12-10
13144,2011-01-11,2011-01-11,1,110.95,333,1,1,1,Developing,2011-01,2011-12-10
13145,2010-12-02,2011-10-31,4,618.52,40,3,4,3,Loyal,2010-12,2011-12-10
13146,2011-11-13,2011-11-13,1,228.91,27,4,1,1,New / Recent,2011-11,2011-12-10
13147,2011-09-01,2011-11-29,4,712.8,11,5,4,3,Loyal,2011-09,2011-12-10
13148,2010-12-10,2011-11-10,12,3707.12,30,4,5,5,Champions,2010-12,2011-12-10
13149,2011-02-23,2011-11-25,4,1676.06,15,4,4,4,Champions,2011-02,2011-12-10
13151,2011-02-17,2011-02-17,1,1257.87,296,1,1,4,Developing,2011-02,2011-12-10
13153,2011-12-04,2011-12-04,1,486.22,6,5,1,2,New / Recent,2011-12,2011-12-10
13155,2010-12-06,2011-11-06,4,971.76,34,3,4,4,Loyal,2010-12,2011-12-10
13157,2011-02-14,2011-10-21,4,1741.22,50,3,4,4,Loyal,2011-02,2011-12-10
13158,2011-01-25,2011-09-06,4,1201.06,95,2,4,4,At Risk,2011-01,2011-12-10
13159,2011-08-16,2011-12-01,4,1437.85,9,5,4,4,Champions,2011-08,2011-12-10
13160,2011-11-17,2011-11-17,1,91.8,23,4,1,1,New / Recent,2011-11,2011-12-10
13161,2011-01-30,2011-01-30,1,112.75,314,1,1,1,Developing,2011-01,2011-12-10
13162,2011-01-09,2011-08-09,4,1688.29,123,2,4,4,At Risk,2011-01,2011-12-10
13165,2010-12-23,2011-10-24,2,1021.48,47,3,3,4,Developing,2010-12,2011-12-10
13166,2011-03-01,2011-03-01,1,417.2,284,1,1,2,Developing,2011-03,2011-12-10
13167,2011-07-19,2011-11-21,4,791.3299999999999,19,4,4,3,Loyal,2011-07,2011-12-10
13168,2011-01-25,2011-11-03,4,1319.19,37,3,4,4,Loyal,2011-01,2011-12-10
13169,2011-04-01,2011-10-07,2,712.88,64,3,3,3,Developing,2011-04,2011-12-10
13170,2011-11-13,2011-11-13,1,116.00999999999999,27,4,1,1,New / Recent,2011-11,2011-12-10
13171,2011-02-13,2011-11-18,3,468.40999999999997,22,4,3,2,Developing,2011-02,2011-12-10
13173,2010-12-07,2011-12-05,2,353.65,5,5,3,2,Developing,2010-12,2011-12-10
13174,2010-12-05,2011-11-23,3,2817.0299999999997,17,4,3,5,Developing,2010-12,2011-12-10
13176,2011-10-24,2011-10-24,1,492.84,47,3,1,3,Developing,2011-10,2011-12-10
13177,2011-10-06,2011-10-06,1,282.45,65,3,1,2,Developing,2011-10,2011-12-10
13178,2010-12-14,2011-11-13,11,5725.47,27,4,5,5,Champions,2010-12,2011-12-10
13182,2011-10-25,2011-10-25,1,121.18,46,3,1,1,Developing,2011-10,2011-12-10
13183,2011-01-09,2011-12-02,9,3957.7799999999997,8,5,5,5,Champions,2011-01,2011-12-10
13184,2011-02-22,2011-11-25,10,1701.29,15,4,5,4,Champions,2011-02,2011-12-10
13185,2011-03-17,2011-03-17,1,71.4,268,1,1,1,Developing,2011-03,2011-12-10
13186,2011-08-03,2011-10-31,3,1575.89,40,3,3,4,Developing,2011-08,2011-12-10
13187,2011-01-06,2011-01-06,1,236.02,338,1,1,1,Developing,2011-01,2011-12-10
13188,2011-11-28,2011-11-28,1,114.6,12,5,1,1,New / Recent,2011-11,2011-12-10
13189,2011-08-16,2011-11-21,2,260.68,19,4,3,2,Developing,2011-08,2011-12-10
13192,2011-05-18,2011-09-05,2,911.94,96,2,3,3,At Risk,2011-05,2011-12-10
13193,2011-10-09,2011-10-09,1,117.88,62,3,1,1,Developing,2011-10,2011-12-10
13194,2011-07-27,2011-07-27,1,60.7,136,2,1,1,Developing,2011-07,2011-12-10
13196,2011-03-22,2011-11-28,4,1797.78,12,5,4,4,Champions,2011-03,2011-12-10
13198,2010-12-13,2011-11-29,6,3401.24,11,5,5,5,Champions,2010-12,2011-12-10
13199,2010-12-08,2011-12-06,38,9817.12,4,5,5,5,Champions,2010-12,2011-12-10
13200,2011-08-05,2011-11-20,4,870.09,20,4,4,3,Loyal,2011-08,2011-12-10
13203,2011-04-11,2011-11-30,4,869.46,10,5,4,3,Loyal,2011-04,2011-12-10
13207,2011-07-12,2011-11-24,2,250.26000000000002,16,4,3,2,Developing,2011-07,2011-12-10
13208,2011-02-03,2011-10-12,6,1223.9,59,3,5,4,Loyal,2011-02,2011-12-10
13209,2010-12-13,2011-11-09,8,5891.610000000001,31,4,5,5,Champions,2010-12,2011-12-10
13210,2011-09-07,2011-09-07,1,353.48,94,2,1,2,Developing,2011-09,2011-12-10
13211,2010-12-13,2011-11-29,3,1197.42,11,5,3,4,Developing,2010-12,2011-12-10
13212,2011-10-09,2011-11-20,3,788.08,20,4,3,3,Developing,2011-10,2011-12-10
13213,2011-05-24,2011-10-14,5,1520.5800000000002,57,3,4,4,Loyal,2011-05,2011-12-10
13216,2011-03-17,2011-03-17,1,333.74,268,1,1,2,Developing,2011-03,2011-12-10
13217,2011-07-06,2011-08-09,3,533.98,123,2,3,3,At Risk,2011-07,2011-12-10
13218,2011-08-04,2011-08-04,1,62.64,128,2,1,1,Developing,2011-08,2011-12-10
13220,2011-04-17,2011-09-22,4,819.29,79,2,4,3,At Risk,2011-04,2011-12-10
13221,2010-12-15,2011-04-13,2,847.4100000000001,241,1,3,3,At Risk,2010-12,2011-12-10
13223,2011-04-21,2011-05-23,2,163.2,201,1,3,1,At Risk,2011-04,2011-12-10
13224,2011-07-11,2011-10-10,2,2155.95,61,3,3,5,Developing,2011-07,2011-12-10
13225,2010-12-13,2011-12-06,7,6463.84,4,5,5,5,Champions,2010-12,2011-12-10
13226,2011-03-11,2011-03-11,1,108.21000000000001,274,1,1,1,Developing,2011-03,2011-12-10
13227,2011-05-22,2011-05-22,1,257.7,202,1,1,2,Developing,2011-05,2011-12-10
13228,2011-09-19,2011-09-19,1,358.0,82,2,1,2,Developing,2011-09,2011-12-10
13229,2011-04-28,2011-04-28,1,160.95,226,1,1,1,Developing,2011-04,2011-12-10
13230,2010-12-09,2011-12-05,14,2806.97,5,5,5,5,Champions,2010-12,2011-12-10
13232,2011-04-10,2011-11-27,7,1357.6,13,5,5,4,Champions,2011-04,2011-12-10
13233,2011-01-07,2011-09-26,2,605.12,75,2,3,3,At Risk,2011-01,2011-12-10
13235,2011-05-11,2011-05-11,1,1031.07,213,1,1,4,Developing,2011-05,2011-12-10
13236,2011-08-25,2011-11-15,2,744.85,25,4,3,3,Developing,2011-08,2011-12-10
13238,2010-12-14,2011-11-22,4,700.73,18,4,4,3,Loyal,2010-12,2011-12-10
13239,2011-03-23,2011-03-23,1,329.56,262,1,1,2,Developing,2011-03,2011-12-10
13240,2010-12-09,2011-09-04,4,663.65,97,2,4,3,At Risk,2010-12,2011-12-10
13242,2011-05-10,2011-08-19,3,270.4,113,2,3,2,At Risk,2011-05,2011-12-10
13243,2011-05-20,2011-05-20,1,600.07,204,1,1,3,Developing,2011-05,2011-12-10
13244,2011-09-08,2011-09-08,1,121.74000000000001,93,2,1,1,Developing,2011-09,2011-12-10
13245,2011-10-20,2011-10-20,1,430.5,51,3,1,2,Developing,2011-10,2011-12-10
13246,2011-01-13,2011-11-21,6,1987.3,19,4,5,4,Champions,2011-01,2011-12-10
13247,2011-09-18,2011-11-22,4,501.12,18,4,4,3,Loyal,2011-09,2011-12-10
13248,2011-06-03,2011-08-07,2,465.67999999999995,125,2,3,2,At Risk,2011-06,2011-12-10
13249,2011-03-23,2011-09-08,3,711.41,93,2,3,3,At Risk,2011-03,2011-12-10
13253,2011-01-04,2011-07-06,2,1030.4,157,2,3,4,At Risk,2011-01,2011-12-10
13255,2010-12-01,2011-11-30,2,399.51,10,5,3,2,Developing,2010-12,2011-12-10
13258,2011-05-18,2011-11-28,3,698.5799999999999,12,5,3,3,Developing,2011-05,2011-12-10
13259,2011-10-09,2011-10-09,1,292.32,62,3,1,2,Developing,2011-10,2011-12-10
13260,2011-10-09,2011-10-09,1,557.62,62,3,1,3,Developing,2011-10,2011-12-10
13261,2011-02-27,2011-03-16,2,944.1,269,1,3,4,At Risk,2011-02,2011-12-10
13262,2011-03-21,2011-03-21,1,200.29,264,1,1,1,Developing,2011-03,2011-12-10
13263,2011-01-18,2011-12-08,35,7454.07,2,5,5,5,Champions,2011-01,2011-12-10
13265,2011-03-11,2011-10-17,5,2107.66,54,3,4,5,Loyal,2011-03,2011-12-10
13266,2011-03-28,2011-11-28,12,3834.2599999999998,12,5,5,5,Champions,2011-03,2011-12-10
13267,2010-12-08,2011-12-07,19,4521.49,3,5,5,5,Champions,2010-12,2011-12-10
13268,2011-03-17,2011-11-22,11,3214.69,18,4,5,5,Champions,2011-03,2011-12-10
13269,2010-12-05,2011-12-08,15,5346.23,2,5,5,5,Champions,2010-12,2011-12-10
13270,2010-12-08,2010-12-08,1,590.0,367,1,1,3,Developing,2010-12,2011-12-10
13271,2011-11-02,2011-11-02,1,217.38,38,3,1,1,Developing,2011-11,2011-12-10
13272,2011-09-11,2011-11-08,2,276.56,32,4,3,2,Developing,2011-09,2011-12-10
13273,2011-08-18,2011-08-18,1,138.98,114,2,1,1,Developing,2011-08,2011-12-10
13276,2011-09-01,2011-10-07,2,590.9300000000001,64,3,3,3,Developing,2011-09,2011-12-10
13277,2011-07-29,2011-11-24,4,258.4,16,4,4,2,Loyal,2011-07,2011-12-10
13278,2011-10-30,2011-10-30,1,542.73,41,3,1,3,Developing,2011-10,2011-12-10
13279,2011-09-22,2011-09-22,1,137.75,79,2,1,1,Developing,2011-09,2011-12-10
13280,2011-01-06,2011-08-09,3,814.86,123,2,3,3,At Risk,2011-01,2011-12-10
13282,2011-05-03,2011-11-21,3,1132.1399999999999,19,4,3,4,Developing,2011-05,2011-12-10
13283,2011-06-07,2011-10-11,2,93.66,60,3,3,1,Developing,2011-06,2011-12-10
13284,2011-01-13,2011-01-13,1,201.19,331,1,1,1,Developing,2011-01,2011-12-10
13285,2011-02-22,2011-11-16,4,2709.12,24,4,4,5,Champions,2011-02,2011-12-10
13291,2011-07-07,2011-07-07,1,361.11,156,2,1,2,Developing,2011-07,2011-12-10
13292,2011-02-28,2011-11-01,2,578.94,39,3,3,3,Developing,2011-02,2011-12-10
13294,2011-04-04,2011-06-03,2,873.74,190,1,3,3,At Risk,2011-04,2011-12-10
13295,2010-12-15,2010-12-15,1,201.2,360,1,1,1,Developing,2010-12,2011-12-10
13296,2011-07-25,2011-07-25,1,87.4,138,2,1,1,Developing,2011-07,2011-12-10
13297,2011-10-03,2011-12-02,4,2089.85,8,5,4,5,Champions,2011-10,2011-12-10
13298,2011-12-08,2011-12-08,1,360.0,2,5,1,2,New / Recent,2011-12,2011-12-10
13299,2011-03-16,2011-03-16,1,142.5,269,1,1,1,Developing,2011-03,2011-12-10
13300,2011-06-23,2011-06-23,1,371.89,170,2,1,2,Developing,2011-06,2011-12-10
13301,2011-02-20,2011-08-28,4,618.0899999999999,104,2,4,3,At Risk,2011-02,2011-12-10
13302,2011-07-07,2011-07-07,1,63.75,156,2,1,1,Developing,2011-07,2011-12-10
13304,2010-12-23,2010-12-23,1,300.42,352,1,1,2,Developing,2010-12,2011-12-10
13305,2010-12-02,2011-12-05,10,2000.86,5,5,5,4,Champions,2010-12,2011-12-10
13307,2011-08-11,2011-08-11,1,15.0,121,2,1,1,Developing,2011-08,2011-12-10
13308,2011-05-20,2011-11-17,3,1385.51,23,4,3,4,Developing,2011-05,2011-12-10
13309,2011-02-04,2011-12-02,5,1456.79,8,5,4,4,Champions,2011-02,2011-12-10
13310,2011-01-19,2011-11-11,3,1132.03,29,4,3,4,Developing,2011-01,2011-12-10
13311,2011-07-12,2011-12-05,2,598.57,5,5,3,3,Developing,2011-07,2011-12-10
13313,2011-01-04,2011-11-17,5,1555.3200000000002,23,4,4,4,Champions,2011-01,2011-12-10
13314,2011-09-27,2011-12-08,3,775.94,2,5,3,3,Developing,2011-09,2011-12-10
13316,2011-03-30,2011-11-02,4,5977.73,38,3,4,5,Loyal,2011-03,2011-12-10
13317,2010-12-16,2011-10-04,6,2273.6800000000003,67,3,5,5,Loyal,2010-12,2011-12-10
13318,2011-11-02,2011-12-08,3,640.76,2,5,3,3,Developing,2011-11,2011-12-10
13319,2010-12-09,2011-12-04,26,10845.55,6,5,5,5,Champions,2010-12,2011-12-10
13320,2011-05-10,2011-09-22,4,1548.7,79,2,4,4,At Risk,2011-05,2011-12-10
13321,2011-09-14,2011-09-28,2,567.3599999999999,73,2,3,3,At Risk,2011-09,2011-12-10
13322,2011-11-22,2011-11-22,1,199.48000000000002,18,4,1,1,New / Recent,2011-11,2011-12-10
13323,2011-09-16,2011-12-06,5,787.85,4,5,4,3,Loyal,2011-09,2011-12-10
13324,2010-12-14,2011-11-03,10,7121.95,37,3,5,5,Loyal,2010-12,2011-12-10
13325,2011-09-19,2011-09-19,1,675.3,82,2,1,3,Developing,2011-09,2011-12-10
13327,2010-12-09,2011-11-01,8,3627.77,39,3,5,5,Loyal,2010-12,2011-12-10
13328,2011-01-27,2011-01-27,1,1308.48,317,1,1,4,Developing,2011-01,2011-12-10
13329,2010-12-08,2011-11-08,2,789.0,32,4,3,3,Developing,2010-12,2011-12-10
13330,2011-01-28,2011-09-08,3,1140.9299999999998,93,2,3,4,At Risk,2011-01,2011-12-10
13332,2011-11-25,2011-11-25,1,350.9,15,4,1,2,New / Recent,2011-11,2011-12-10
13334,2011-02-07,2011-09-18,3,3536.82,83,2,3,5,At Risk,2011-02,2011-12-10
13336,2011-09-23,2011-09-23,1,795.12,78,2,1,3,Developing,2011-09,2011-12-10
13338,2011-07-05,2011-07-05,1,487.02,158,2,1,2,Developing,2011-07,2011-12-10
13339,2011-05-23,2011-05-23,1,860.12,201,1,1,3,Developing,2011-05,2011-12-10
13340,2011-03-08,2011-10-25,7,10736.48,46,3,5,5,Loyal,2011-03,2011-12-10
13341,2011-03-24,2011-03-24,1,775.85,261,1,1,3,Developing,2011-03,2011-12-10
13343,2011-06-15,2011-06-15,1,353.43,178,2,1,2,Developing,2011-06,2011-12-10
13344,2011-03-07,2011-10-03,3,2543.7200000000003,68,3,3,5,Developing,2011-03,2011-12-10
13345,2011-02-25,2011-02-25,1,389.5,288,1,1,2,Developing,2011-02,2011-12-10
13347,2011-09-30,2011-09-30,1,341.36,71,3,1,2,Developing,2011-09,2011-12-10
13348,2011-10-06,2011-10-06,1,233.76,65,3,1,1,Developing,2011-10,2011-12-10
13349,2011-11-29,2011-11-29,1,247.32,11,5,1,1,New / Recent,2011-11,2011-12-10
13350,2011-09-21,2011-11-23,2,979.1200000000001,17,4,3,4,Developing,2011-09,2011-12-10
13351,2011-10-04,2011-10-04,1,373.94,67,3,1,2,Developing,2011-10,2011-12-10
13352,2011-10-10,2011-10-10,1,397.98,61,3,1,2,Developing,2011-10,2011-12-10
13354,2011-09-29,2011-09-29,1,743.53,72,3,1,3,Developing,2011-09,2011-12-10
13355,2011-08-09,2011-08-09,1,674.7,123,2,1,3,Developing,2011-08,2011-12-10
13356,2011-09-20,2011-09-20,1,768.24,81,2,1,3,Developing,2011-09,2011-12-10
13357,2011-03-27,2011-03-27,1,609.95,258,1,1,3,Developing,2011-03,2011-12-10
13358,2011-03-16,2011-03-16,1,439.03,269,1,1,2,Developing,2011-03,2011-12-10
13359,2011-10-07,2011-10-07,1,439.56,64,3,1,2,Developing,2011-10,2011-12-10
13362,2011-02-25,2011-11-30,4,3090.74,10,5,4,5,Champions,2011-02,2011-12-10
13363,2011-10-27,2011-11-22,2,992.5,18,4,3,4,Developing,2011-10,2011-12-10
13364,2011-09-29,2011-09-29,1,134.96,72,3,1,1,Developing,2011-09,2011-12-10
13365,2011-05-06,2011-11-06,2,2225.37,34,3,3,5,Developing,2011-05,2011-12-10
13366,2011-10-20,2011-10-20,1,56.16,51,3,1,1,Developing,2011-10,2011-12-10
13368,2011-01-06,2011-03-28,2,623.4,257,1,3,3,At Risk,2011-01,2011-12-10
13369,2010-12-09,2010-12-09,1,308.28,366,1,1,2,Developing,2010-12,2011-12-10
13370,2010-12-03,2010-12-03,1,754.87,372,1,1,3,Developing,2010-12,2011-12-10
13372,2011-09-11,2011-09-11,1,378.64,90,2,1,2,Developing,2011-09,2011-12-10
13373,2011-03-08,2011-10-10,3,3312.25,61,3,3,5,Developing,2011-03,2011-12-10
13375,2011-09-12,2011-09-12,1,778.65,89,2,1,3,Developing,2011-09,2011-12-10
13376,2011-04-19,2011-09-01,3,1019.76,100,2,3,4,At Risk,2011-04,2011-12-10
13379,2011-07-26,2011-11-13,3,572.56,27,4,3,3,Developing,2011-07,2011-12-10
13381,2011-02-14,2011-11-08,6,3639.31,32,4,5,5,Champions,2011-02,2011-12-10
13382,2011-03-04,2011-03-04,1,222.99,281,1,1,1,Developing,2011-03,2011-12-10
13384,2011-06-14,2011-11-09,7,4151.93,31,4,5,5,Champions,2011-06,2011-12-10
13385,2011-01-14,2011-01-14,1,534.57,330,1,1,3,Developing,2011-01,2011-12-10
13388,2011-07-31,2011-07-31,2,677.0999999999999,132,2,3,3,At Risk,2011-07,2011-12-10
13389,2011-04-21,2011-11-28,3,797.96,12,5,3,3,Developing,2011-04,2011-12-10
13390,2011-09-26,2011-09-26,1,544.08,75,2,1,3,Developing,2011-09,2011-12-10
13391,2011-05-20,2011-05-20,1,59.8,204,1,1,1,Developing,2011-05,2011-12-10
13394,2011-02-03,2011-12-08,8,2520.02,2,5,5,5,Champions,2011-02,2011-12-10
13395,2011-06-07,2011-06-07,1,307.72,186,1,1,2,Developing,2011-06,2011-12-10
13396,2011-01-24,2011-11-10,2,1360.99,30,4,3,4,Developing,2011-01,2011-12-10
13397,2011-01-04,2011-09-28,5,1544.13,73,2,4,4,At Risk,2011-01,2011-12-10
13398,2011-05-31,2011-05-31,1,457.34000000000003,193,1,1,2,Developing,2011-05,2011-12-10
13402,2010-12-02,2011-08-04,2,621.23,128,2,3,3,At Risk,2010-12,2011-12-10
13403,2011-11-22,2011-11-22,1,75.0,18,4,1,1,New / Recent,2011-11,2011-12-10
13404,2011-05-11,2011-12-08,2,252.49,2,5,3,2,Developing,2011-05,2011-12-10
13405,2011-01-26,2011-09-26,3,572.45,75,2,3,3,At Risk,2011-01,2011-12-10
13408,2010-12-01,2011-12-08,62,28117.04,2,5,5,5,Champions,2010-12,2011-12-10
13410,2011-02-21,2011-11-15,5,1003.06,25,4,4,4,Champions,2011-02,2011-12-10
13411,2011-08-24,2011-08-24,1,213.55,108,2,1,1,Developing,2011-08,2011-12-10
13414,2011-02-16,2011-07-29,3,1390.5,134,2,3,4,At Risk,2011-02,2011-12-10
13416,2011-09-19,2011-10-27,2,712.5,44,3,3,3,Developing,2011-09,2011-12-10
13417,2011-05-18,2011-12-05,2,640.8299999999999,5,5,3,3,Developing,2011-05,2011-12-10
13418,2010-12-02,2011-11-28,18,6127.43,12,5,5,5,Champions,2010-12,2011-12-10
13419,2011-10-07,2011-10-07,1,221.06,64,3,1,1,Developing,2011-10,2011-12-10
13420,2011-06-22,2011-07-13,2,159.85,150,2,3,1,At Risk,2011-06,2011-12-10
13421,2011-02-22,2011-10-30,2,1851.08,41,3,3,4,Developing,2011-02,2011-12-10
13422,2011-10-06,2011-10-06,1,2626.3,65,3,1,5,Developing,2011-10,2011-12-10
13425,2011-02-18,2011-08-23,3,1624.21,109,2,3,4,At Risk,2011-02,2011-12-10
13426,2010-12-15,2011-12-09,10,3641.32,1,5,5,5,Champions,2010-12,2011-12-10
13427,2011-05-08,2011-11-20,3,582.6,20,4,3,3,Developing,2011-05,2011-12-10
13428,2011-11-29,2011-11-29,1,218.47,11,5,1,1,New / Recent,2011-11,2011-12-10
13429,2011-09-25,2011-11-29,4,1006.8,11,5,4,4,Champions,2011-09,2011-12-10
13430,2011-09-14,2011-11-21,2,679.45,19,4,3,3,Developing,2011-09,2011-12-10
13431,2011-09-12,2011-10-03,2,1269.1,68,3,3,4,Developing,2011-09,2011-12-10
13434,2011-09-04,2011-09-26,2,534.24,75,2,3,3,At Risk,2011-09,2011-12-10
13435,2011-06-03,2011-12-04,7,3809.89,6,5,5,5,Champions,2011-06,2011-12-10
13436,2011-12-08,2011-12-08,1,196.89,2,5,1,1,New / Recent,2011-12,2011-12-10
13437,2011-06-02,2011-11-25,7,3408.06,15,4,5,5,Champions,2011-06,2011-12-10
13439,2011-03-29,2011-03-29,1,283.71,256,1,1,2,Developing,2011-03,2011-12-10
13441,2011-09-09,2011-09-09,1,296.64,92,2,1,2,Developing,2011-09,2011-12-10
13447,2011-11-04,2011-11-16,3,1129.14,24,4,3,4,Developing,2011-11,2011-12-10
13448,2010-12-01,2011-11-23,6,3539.37,17,4,5,5,Champions,2010-12,2011-12-10
13449,2011-11-16,2011-11-16,1,291.88,24,4,1,2,New / Recent,2011-11,2011-12-10
13450,2011-05-05,2011-11-13,6,2043.72,27,4,5,4,Champions,2011-05,2011-12-10
13451,2011-01-09,2011-11-13,5,2976.15,27,4,4,5,Champions,2011-01,2011-12-10
13452,2011-03-14,2011-03-25,2,590.0,260,1,3,3,At Risk,2011-03,2011-12-10
13453,2011-02-23,2011-06-27,2,356.98,166,2,3,2,At Risk,2011-02,2011-12-10
13455,2010-12-08,2011-11-15,2,1058.34,25,4,3,4,Developing,2010-12,2011-12-10
13456,2011-05-16,2011-11-22,6,1766.72,18,4,5,4,Champions,2011-05,2011-12-10
13458,2010-12-15,2011-12-02,14,9646.57,8,5,5,5,Champions,2010-12,2011-12-10
13460,2011-10-21,2011-11-10,2,183.44,30,4,3,1,Developing,2011-10,2011-12-10
13461,2011-06-29,2011-11-01,3,1445.0,39,3,3,4,Developing,2011-06,2011-12-10
13462,2011-04-01,2011-04-01,1,151.5,253,1,1,1,Developing,2011-04,2011-12-10
13464,2011-10-12,2011-10-12,1,674.68,59,3,1,3,Developing,2011-10,2011-12-10
13466,2011-06-08,2011-06-08,1,307.9,185,1,1,2,Developing,2011-06,2011-12-10
13467,2011-11-03,2011-11-29,2,1083.71,11,5,3,4,Developing,2011-11,2011-12-10
13468,2010-12-01,2011-12-08,37,5704.97,2,5,5,5,Champions,2010-12,2011-12-10
13470,2011-08-16,2011-09-01,2,165.0,100,2,3,1,At Risk,2011-08,2011-12-10
13471,2011-10-23,2011-12-08,4,2531.58,2,5,4,5,Champions,2011-10,2011-12-10
13473,2011-01-11,2011-10-10,2,422.64,61,3,3,2,Developing,2011-01,2011-12-10
13474,2011-04-17,2011-04-17,1,229.59,237,1,1,1,Developing,2011-04,2011-12-10
13475,2011-02-14,2011-06-01,4,1431.78,192,1,4,4,At Risk,2011-02,2011-12-10
13476,2011-03-03,2011-06-14,2,1238.47,179,2,3,4,At Risk,2011-03,2011-12-10
13477,2011-02-21,2011-11-02,6,1454.58,38,3,5,4,Loyal,2011-02,2011-12-10
13479,2011-04-19,2011-05-23,2,300.95,201,1,3,2,At Risk,2011-04,2011-12-10
13481,2011-03-28,2011-10-25,5,1804.56,46,3,4,4,Loyal,2011-03,2011-12-10
13482,2011-04-21,2011-04-21,1,184.64,233,1,1,1,Developing,2011-04,2011-12-10
13483,2011-10-05,2011-10-05,1,140.34,66,3,1,1,Developing,2011-10,2011-12-10
13484,2011-04-12,2011-04-12,1,313.8,242,1,1,2,Developing,2011-04,2011-12-10
13485,2011-04-20,2011-04-20,1,454.24,234,1,1,2,Developing,2011-04,2011-12-10
13486,2011-07-07,2011-09-22,3,1122.41,79,2,3,4,At Risk,2011-07,2011-12-10
13487,2010-12-21,2011-10-13,3,575.4,58,3,3,3,Developing,2010-12,2011-12-10
13488,2010-12-07,2011-11-22,13,8968.31,18,4,5,5,Champions,2010-12,2011-12-10
13489,2011-02-18,2011-08-26,4,449.52000000000004,106,2,4,2,At Risk,2011-02,2011-12-10
13491,2010-12-02,2011-10-19,10,1215.82,52,3,5,4,Loyal,2010-12,2011-12-10
13492,2011-05-09,2011-07-26,3,1269.8400000000001,137,2,3,4,At Risk,2011-05,2011-12-10
13493,2011-02-25,2011-03-09,2,618.63,276,1,3,3,At Risk,2011-02,2011-12-10
13494,2011-02-01,2011-02-01,1,316.26,312,1,1,2,Developing,2011-02,2011-12-10
13495,2010-12-06,2011-12-02,5,2044.87,8,5,4,4,Champions,2010-12,2011-12-10
13496,2010-12-15,2011-11-29,2,653.3299999999999,11,5,3,3,Developing,2010-12,2011-12-10
13497,2010-12-06,2011-03-02,2,348.05,283,1,3,2,At Risk,2010-12,2011-12-10
13499,2011-03-15,2011-11-22,5,1159.1100000000001,18,4,4,4,Champions,2011-03,2011-12-10
13500,2011-08-09,2011-11-16,3,1166.77,24,4,3,4,Developing,2011-08,2011-12-10
13501,2011-02-24,2011-02-24,1,1340.32,289,1,1,4,Developing,2011-02,2011-12-10
13502,2011-01-20,2011-11-23,3,292.0,17,4,3,2,Developing,2011-01,2011-12-10
13503,2011-09-29,2011-09-29,1,216.85,72,3,1,1,Developing,2011-09,2011-12-10
13504,2011-10-06,2011-10-06,1,295.93,65,3,1,2,Developing,2011-10,2011-12-10
13505,2011-04-21,2011-09-28,4,4393.63,73,2,4,5,At Risk,2011-04,2011-12-10
13506,2010-12-05,2011-01-27,2,458.52,317,1,3,2,At Risk,2010-12,2011-12-10
13507,2011-07-17,2011-12-06,4,2479.16,4,5,4,5,Champions,2011-07,2011-12-10
13508,2011-04-10,2011-04-10,1,110.97,244,1,1,1,Developing,2011-04,2011-12-10
13509,2011-02-28,2011-12-01,7,979.72,9,5,5,4,Champions,2011-02,2011-12-10
13510,2011-06-09,2011-12-08,4,1791.56,2,5,4,4,Champions,2011-06,2011-12-10
13512,2011-03-24,2011-03-24,1,251.21,261,1,1,2,Developing,2011-03,2011-12-10
13513,2011-08-05,2011-08-05,1,205.1,127,2,1,1,Developing,2011-08,2011-12-10
13514,2011-09-27,2011-09-27,1,152.2,74,2,1,1,Developing,2011-09,2011-12-10
13515,2011-04-06,2011-09-28,4,891.12,73,2,4,3,At Risk,2011-04,2011-12-10
13516,2011-04-15,2011-11-18,3,1389.41,22,4,3,4,Developing,2011-04,2011-12-10
13517,2011-06-13,2011-10-11,3,2128.42,60,3,3,5,Developing,2011-06,2011-12-10
13518,2011-09-15,2011-09-15,1,659.44,86,2,1,3,Developing,2011-09,2011-12-10
13519,2011-09-22,2011-09-22,1,122.75,79,2,1,1,Developing,2011-09,2011-12-10
13520,2010-12-03,2011-10-12,6,3624.35,59,3,5,5,Loyal,2010-12,2011-12-10
13521,2011-11-29,2011-12-08,3,1093.65,2,5,3,4,Developing,2011-11,2011-12-10
13522,2011-11-09,2011-11-09,1,125.8,31,4,1,1,New / Recent,2011-11,2011-12-10
13523,2010-12-08,2011-11-06,5,3964.88,34,3,4,5,Loyal,2010-12,2011-12-10
13524,2011-05-04,2011-10-30,5,680.18,41,3,4,3,Loyal,2011-05,2011-12-10
13525,2011-04-05,2011-11-25,2,628.78,15,4,3,3,Developing,2011-04,2011-12-10
13527,2011-01-17,2011-11-06,7,2287.51,34,3,5,5,Loyal,2011-01,2011-12-10
13529,2011-05-19,2011-09-22,2,307.76,79,2,3,2,At Risk,2011-05,2011-12-10
13531,2010-12-08,2011-05-18,2,483.79999999999995,206,1,3,2,At Risk,2010-12,2011-12-10
13532,2011-11-06,2011-11-06,1,210.31,34,3,1,1,Developing,2011-11,2011-12-10
13533,2011-03-17,2011-06-10,3,270.78999999999996,183,1,3,2,At Risk,2011-03,2011-12-10
13534,2010-12-16,2011-12-07,25,5870.08,3,5,5,5,Champions,2010-12,2011-12-10
13536,2011-09-25,2011-12-08,7,3448.29,2,5,5,5,Champions,2011-09,2011-12-10
13538,2011-01-28,2011-10-27,7,1280.8500000000001,44,3,5,4,Loyal,2011-01,2011-12-10
13539,2011-02-03,2011-09-15,3,631.34,86,2,3,3,At Risk,2011-02,2011-12-10
13544,2011-04-13,2011-10-31,2,291.40999999999997,40,3,3,2,Developing,2011-04,2011-12-10
13546,2011-05-23,2011-11-27,3,626.99,13,5,3,3,Developing,2011-05,2011-12-10
13548,2011-04-10,2011-09-04,2,682.41,97,2,3,3,At Risk,2011-04,2011-12-10
13549,2011-04-11,2011-11-14,7,918.1999999999999,26,4,5,3,Loyal,2011-04,2011-12-10
13551,2011-01-24,2011-01-24,1,91.80000000000001,320,1,1,1,Developing,2011-01,2011-12-10
13552,2011-01-28,2011-10-04,12,3740.07,67,3,5,5,Loyal,2011-01,2011-12-10
13555,2011-05-22,2011-09-27,4,4149.28,74,2,4,5,At Risk,2011-05,2011-12-10
13557,2011-03-04,2011-11-11,2,584.06,29,4,3,3,Developing,2011-03,2011-12-10
13558,2011-10-02,2011-12-04,4,605.06,6,5,4,3,Loyal,2011-10,2011-12-10
13560,2011-12-02,2011-12-02,1,174.37,8,5,1,1,New / Recent,2011-12,2011-12-10
13561,2011-05-08,2011-05-08,1,141.85999999999999,216,1,1,1,Developing,2011-05,2011-12-10
13562,2011-04-08,2011-09-19,3,1799.33,82,2,3,4,At Risk,2011-04,2011-12-10
13563,2011-07-22,2011-09-16,2,777.53,85,2,3,3,At Risk,2011-07,2011-12-10
13564,2010-12-06,2011-07-18,3,1749.02,145,2,3,4,At Risk,2010-12,2011-12-10
13565,2011-01-09,2011-11-20,2,240.22,20,4,3,1,Developing,2011-01,2011-12-10
13566,2011-09-18,2011-10-30,2,874.71,41,3,3,3,Developing,2011-09,2011-12-10
13568,2011-06-19,2011-06-19,1,192.85,174,2,1,1,Developing,2011-06,2011-12-10
13569,2010-12-07,2011-11-22,2,373.75,18,4,3,2,Developing,2010-12,2011-12-10
13570,2011-04-10,2011-04-10,1,239.49,244,1,1,1,Developing,2011-04,2011-12-10
13571,2011-03-31,2011-11-27,12,2092.32,13,5,5,5,Champions,2011-03,2011-12-10
13572,2011-05-18,2011-05-18,1,1384.25,206,1,1,4,Developing,2011-05,2011-12-10
13573,2011-03-31,2011-10-20,2,294.4,51,3,3,2,Developing,2011-03,2011-12-10
13575,2011-06-16,2011-11-16,5,732.0699999999999,24,4,4,3,Loyal,2011-06,2011-12-10
13576,2010-12-01,2011-11-29,18,6717.34,11,5,5,5,Champions,2010-12,2011-12-10
13577,2011-04-12,2011-11-14,4,1687.6,26,4,4,4,Champions,2011-04,2011-12-10
13579,2010-12-05,2011-11-25,2,467.04,15,4,3,2,Developing,2010-12,2011-12-10
13581,2011-02-03,2011-02-03,1,118.0,310,1,1,1,Developing,2011-02,2011-12-10
13583,2011-07-07,2011-07-07,1,781.03,156,2,1,3,Developing,2011-07,2011-12-10
13584,2011-02-06,2011-02-06,1,142.4,307,1,1,1,Developing,2011-02,2011-12-10
13587,2011-10-07,2011-10-07,1,712.4,64,3,1,3,Developing,2011-10,2011-12-10
13588,2011-03-29,2011-11-24,9,2478.95,16,4,5,5,Champions,2011-03,2011-12-10
13589,2011-06-13,2011-11-25,2,379.65,15,4,3,2,Developing,2011-06,2011-12-10
13590,2011-02-09,2011-11-28,6,1981.92,12,5,5,4,Champions,2011-02,2011-12-10
13591,2011-03-18,2011-10-06,3,1117.1299999999999,65,3,3,4,Developing,2011-03,2011-12-10
13592,2011-03-20,2011-11-04,4,247.96,36,3,4,1,Loyal,2011-03,2011-12-10
13593,2011-01-07,2011-08-23,5,2037.0800000000002,109,2,4,4,At Risk,2011-01,2011-12-10
13594,2011-10-18,2011-10-18,1,396.97,53,3,1,2,Developing,2011-10,2011-12-10
13596,2011-11-27,2011-12-04,2,697.04,6,5,3,3,Developing,2011-11,2011-12-10
13598,2011-10-23,2011-10-23,1,180.17000000000002,48,3,1,1,Developing,2011-10,2011-12-10
13599,2010-12-08,2011-12-08,21,5153.67,2,5,5,5,Champions,2010-12,2011-12-10
13600,2011-01-31,2011-01-31,1,219.52,313,1,1,1,Developing,2011-01,2011-12-10
13601,2011-05-12,2011-10-25,2,693.3199999999999,46,3,3,3,Developing,2011-05,2011-12-10
13602,2011-10-06,2011-10-06,1,428.89,65,3,1,2,Developing,2011-10,2011-12-10
13603,2011-11-13,2011-11-13,1,164.34,27,4,1,1,New / Recent,2011-11,2011-12-10
13606,2011-02-01,2011-11-10,3,280.54,30,4,3,2,Developing,2011-02,2011-12-10
13607,2011-10-30,2011-10-30,1,678.01,41,3,1,3,Developing,2011-10,2011-12-10
13610,2011-02-27,2011-11-27,7,1131.88,13,5,5,4,Champions,2011-02,2011-12-10
13611,2010-12-15,2011-09-11,3,1171.8,90,2,3,4,At Risk,2010-12,2011-12-10
13614,2011-01-13,2011-11-15,4,1610.46,25,4,4,4,Champions,2011-01,2011-12-10
13615,2011-01-25,2011-01-25,1,417.69,319,1,1,2,Developing,2011-01,2011-12-10
13617,2011-06-12,2011-10-30,3,544.1800000000001,41,3,3,3,Developing,2011-06,2011-12-10
13618,2011-06-19,2011-06-19,1,177.34,174,2,1,1,Developing,2011-06,2011-12-10
13621,2011-08-15,2011-08-15,1,213.85,117,2,1,1,Developing,2011-08,2011-12-10
13623,2011-02-15,2011-11-09,5,747.78,31,4,4,3,Loyal,2011-02,2011-12-10
13626,2011-04-01,2011-04-01,1,257.23,253,1,1,2,Developing,2011-04,2011-12-10
13627,2010-12-17,2011-10-11,5,1638.47,60,3,4,4,Loyal,2010-12,2011-12-10
13629,2011-01-05,2011-11-16,11,7792.36,24,4,5,5,Champions,2011-01,2011-12-10
13630,2011-02-27,2011-12-04,7,2031.78,6,5,5,4,Champions,2011-02,2011-12-10
13631,2011-03-17,2011-09-01,11,3070.42,100,2,5,5,At Risk,2011-03,2011-12-10
13632,2011-04-10,2011-11-15,5,2121.27,25,4,4,5,Champions,2011-04,2011-12-10
13634,2011-01-16,2011-11-06,5,1575.1599999999999,34,3,4,4,Loyal,2011-01,2011-12-10
13635,2011-10-03,2011-10-03,1,1071.03,68,3,1,4,Developing,2011-10,2011-12-10
13636,2011-02-27,2011-11-03,5,949.12,37,3,4,4,Loyal,2011-02,2011-12-10
13637,2011-04-27,2011-10-18,3,810.5,53,3,3,3,Developing,2011-04,2011-12-10
13638,2011-11-24,2011-11-24,1,122.64,16,4,1,1,New / Recent,2011-11,2011-12-10
13639,2011-09-26,2011-09-26,1,1033.34,75,2,1,4,Developing,2011-09,2011-12-10
13642,2011-05-08,2011-05-08,1,354.8,216,1,1,2,Developing,2011-05,2011-12-10
13643,2011-06-07,2011-11-08,3,519.44,32,4,3,3,Developing,2011-06,2011-12-10
13644,2011-08-26,2011-11-23,4,2624.26,17,4,4,5,Champions,2011-08,2011-12-10
13645,2011-08-11,2011-08-11,1,252.1,121,2,1,2,Developing,2011-08,2011-12-10
13647,2011-04-19,2011-11-30,4,1678.12,10,5,4,4,Champions,2011-04,2011-12-10
13649,2010-12-08,2011-03-28,2,346.6,257,1,3,2,At Risk,2010-12,2011-12-10
13650,2011-03-17,2011-11-23,6,1836.34,17,4,5,4,Champions,2011-03,2011-12-10
13651,2011-10-31,2011-11-04,2,94.2,36,3,3,1,Developing,2011-10,2011-12-10
13652,2010-12-06,2011-10-25,3,1095.08,46,3,3,4,Developing,2010-12,2011-12-10
13654,2011-03-11,2011-10-27,6,2707.33,44,3,5,5,Loyal,2011-03,2011-12-10
13655,2011-04-12,2011-08-17,2,932.9699999999999,115,2,3,3,At Risk,2011-04,2011-12-10
13656,2011-01-06,2011-06-28,2,379.65,165,2,3,2,At Risk,2011-01,2011-12-10
13657,2011-05-22,2011-11-29,2,382.14,11,5,3,2,Developing,2011-05,2011-12-10
13658,2011-05-19,2011-11-30,5,2639.17,10,5,4,5,Champions,2011-05,2011-12-10
13659,2011-01-23,2011-05-18,2,1573.2,206,1,3,4,At Risk,2011-01,2011-12-10
13662,2011-03-25,2011-09-15,3,897.76,86,2,3,3,At Risk,2011-03,2011-12-10
13663,2011-06-13,2011-06-13,1,189.47,180,1,1,1,Developing,2011-06,2011-12-10
13666,2011-02-25,2011-10-10,3,84.65,61,3,3,1,Developing,2011-02,2011-12-10
13667,2011-07-13,2011-07-13,1,305.02,150,2,1,2,Developing,2011-07,2011-12-10
13668,2010-12-12,2011-12-07,21,6363.59,3,5,5,5,Champions,2010-12,2011-12-10
13669,2011-07-13,2011-10-20,2,218.54999999999998,51,3,3,1,Developing,2011-07,2011-12-10
13670,2011-09-25,2011-09-25,1,349.7,76,2,1,2,Developing,2011-09,2011-12-10
13672,2011-01-11,2011-02-11,2,186.39000000000001,302,1,3,1,At Risk,2011-01,2011-12-10
13673,2011-11-07,2011-11-21,2,396.91999999999996,19,4,3,2,Developing,2011-11,2011-12-10
13675,2011-02-28,2011-07-11,2,486.82,152,2,3,2,At Risk,2011-02,2011-12-10
13678,2011-07-11,2011-07-11,1,232.6,152,2,1,1,Developing,2011-07,2011-12-10
13680,2011-01-04,2011-12-08,4,3722.42,2,5,4,5,Champions,2011-01,2011-12-10
13681,2011-07-07,2011-11-22,4,827.83,18,4,4,3,Loyal,2011-07,2011-12-10
13682,2011-06-05,2011-06-05,1,59.5,188,1,1,1,Developing,2011-06,2011-12-10
13684,2011-02-27,2011-02-27,1,67.23,286,1,1,1,Developing,2011-02,2011-12-10
13685,2011-10-10,2011-12-07,7,3119.44,3,5,5,5,Champions,2011-10,2011-12-10
13686,2011-06-10,2011-06-10,1,72.0,183,1,1,1,Developing,2011-06,2011-12-10
13689,2011-10-07,2011-10-07,1,910.0,64,3,1,3,Developing,2011-10,2011-12-10
13690,2011-10-11,2011-10-11,1,172.25,60,3,1,1,Developing,2011-10,2011-12-10
13692,2011-04-17,2011-11-15,3,1488.3200000000002,25,4,3,4,Developing,2011-04,2011-12-10
13694,2010-12-01,2011-12-06,50,65039.619999999995,4,5,5,5,Champions,2010-12,2011-12-10
13695,2011-03-25,2011-11-08,15,2504.13,32,4,5,5,Champions,2011-03,2011-12-10
13697,2011-11-01,2011-11-01,1,151.3,39,3,1,1,Developing,2011-11,2011-12-10
13699,2011-07-07,2011-07-07,1,308.58,156,2,1,2,Developing,2011-07,2011-12-10
13700,2011-01-16,2011-11-13,10,2265.12,27,4,5,5,Champions,2011-01,2011-12-10
13703,2011-01-25,2011-01-25,1,99.5,319,1,1,1,Developing,2011-01,2011-12-10
13704,2011-09-12,2011-12-04,9,2308.06,6,5,5,5,Champions,2011-09,2011-12-10
13705,2010-12-01,2011-12-02,3,711.86,8,5,3,3,Developing,2010-12,2011-12-10
13706,2011-02-10,2011-02-10,1,330.79,303,1,1,2,Developing,2011-02,2011-12-10
13707,2011-01-28,2011-03-17,2,806.41,268,1,3,3,At Risk,2011-01,2011-12-10
13708,2011-03-13,2011-03-13,1,296.88,272,1,1,2,Developing,2011-03,2011-12-10
13709,2011-01-28,2011-12-06,13,6328.05,4,5,5,5,Champions,2011-01,2011-12-10
13710,2011-11-08,2011-11-08,1,180.48,32,4,1,1,New / Recent,2011-11,2011-12-10
13711,2011-05-05,2011-05-05,2,252.06,219,1,3,2,At Risk,2011-05,2011-12-10
13712,2011-04-07,2011-04-07,1,228.84,247,1,1,1,Developing,2011-04,2011-12-10
13715,2010-12-02,2011-03-03,5,1079.3400000000001,282,1,4,4,At Risk,2010-12,2011-12-10
13716,2011-03-15,2011-03-15,1,138.28,270,1,1,1,Developing,2011-03,2011-12-10
13717,2011-02-14,2011-11-07,6,1445.01,33,4,5,4,Champions,2011-02,2011-12-10
13718,2011-02-17,2011-04-07,2,306.55,247,1,3,2,At Risk,2011-02,2011-12-10
13719,2011-04-19,2011-11-24,5,1041.68,16,4,4,4,Champions,2011-04,2011-12-10
13720,2011-03-30,2011-08-15,4,799.9,117,2,4,3,At Risk,2011-03,2011-12-10
13721,2011-11-03,2011-11-03,1,524.14,37,3,1,3,Developing,2011-11,2011-12-10
13722,2011-03-02,2011-07-31,3,2375.41,132,2,3,5,At Risk,2011-03,2011-12-10
13723,2011-05-06,2011-05-06,1,199.85,218,1,1,1,Developing,2011-05,2011-12-10
13725,2011-02-04,2011-10-21,8,1980.56,50,3,5,4,Loyal,2011-02,2011-12-10
13726,2011-08-31,2011-11-01,2,1079.66,39,3,3,4,Developing,2011-08,2011-12-10
13727,2011-11-06,2011-11-11,2,333.48,29,4,3,2,Developing,2011-11,2011-12-10
13728,2011-02-02,2011-11-03,6,1016.14,37,3,5,4,Loyal,2011-02,2011-12-10
13730,2011-07-01,2011-07-27,2,752.6,136,2,3,3,At Risk,2011-07,2011-12-10
13731,2011-04-07,2011-05-04,2,610.5899999999999,220,1,3,3,At Risk,2011-04,2011-12-10
13732,2011-11-11,2011-11-11,1,491.86,29,4,1,3,New / Recent,2011-11,2011-12-10
13735,2011-04-19,2011-11-15,4,2885.24,25,4,4,5,Champions,2011-04,2011-12-10
13736,2011-03-24,2011-12-04,2,731.9,6,5,3,3,Developing,2011-03,2011-12-10
13737,2011-05-23,2011-05-23,1,339.6,201,1,1,2,Developing,2011-05,2011-12-10
13739,2011-11-21,2011-11-21,1,216.9,19,4,1,1,New / Recent,2011-11,2011-12-10
13740,2011-04-13,2011-04-13,1,350.75,241,1,1,2,Developing,2011-04,2011-12-10
13741,2011-05-06,2011-09-29,3,668.4300000000001,72,3,3,3,Developing,2011-05,2011-12-10
13742,2011-01-23,2011-11-23,12,3131.02,17,4,5,5,Champions,2011-01,2011-12-10
13743,2011-03-25,2011-12-07,7,1341.6,3,5,5,4,Champions,2011-03,2011-12-10
13744,2011-02-20,2011-09-05,2,1156.36,96,2,3,4,At Risk,2011-02,2011-12-10
13745,2011-06-30,2011-06-30,1,300.04,163,2,1,2,Developing,2011-06,2011-12-10
13747,2010-12-01,2010-12-01,1,79.6,374,1,1,1,Developing,2010-12,2011-12-10
13748,2010-12-01,2011-09-05,5,948.25,96,2,4,4,At Risk,2010-12,2011-12-10
13750,2011-01-07,2011-10-17,5,1647.26,54,3,4,4,Loyal,2011-01,2011-12-10
13751,2011-02-24,2011-02-24,1,296.25,289,1,1,2,Developing,2011-02,2011-12-10
13752,2011-04-07,2011-08-07,6,1186.28,125,2,5,4,At Risk,2011-04,2011-12-10
13753,2011-02-25,2011-02-25,1,741.26,288,1,1,3,Developing,2011-02,2011-12-10
13754,2011-01-26,2011-07-11,2,282.6,152,2,3,2,At Risk,2011-01,2011-12-10
13755,2011-10-07,2011-12-06,9,2161.35,4,5,5,5,Champions,2011-10,2011-12-10
13756,2010-12-07,2011-12-07,14,5189.52,3,5,5,5,Champions,2010-12,2011-12-10
13758,2010-12-01,2011-11-28,7,3190.55,12,5,5,5,Champions,2010-12,2011-12-10
13759,2011-09-29,2011-11-06,2,659.41,34,3,3,3,Developing,2011-09,2011-12-10
13760,2011-03-28,2011-10-16,2,286.78999999999996,55,3,3,2,Developing,2011-03,2011-12-10
13761,2011-06-13,2011-10-20,2,1070.65,51,3,3,4,Developing,2011-06,2011-12-10
13762,2011-05-05,2011-05-05,1,306.72,219,1,1,2,Developing,2011-05,2011-12-10
13763,2011-10-07,2011-10-07,1,1714.96,64,3,1,4,Developing,2011-10,2011-12-10
13764,2011-01-06,2011-09-30,3,1521.76,71,3,3,4,Developing,2011-01,2011-12-10
13767,2010-12-01,2011-12-07,37,17220.36,3,5,5,5,Champions,2010-12,2011-12-10
13769,2010-12-07,2011-12-07,10,2796.51,3,5,5,5,Champions,2010-12,2011-12-10
13771,2011-04-06,2011-10-06,4,2634.45,65,3,4,5,Loyal,2011-04,2011-12-10
13772,2011-04-14,2011-11-06,3,1132.13,34,3,3,4,Developing,2011-04,2011-12-10
13774,2011-09-19,2011-09-19,1,345.0,82,2,1,2,Developing,2011-09,2011-12-10
13777,2010-12-01,2011-12-09,33,25977.16,1,5,5,5,Champions,2010-12,2011-12-10
13778,2011-08-28,2011-08-28,1,178.7,104,2,1,1,Developing,2011-08,2011-12-10
13780,2011-06-22,2011-12-02,2,360.01,8,5,3,2,Developing,2011-06,2011-12-10
13781,2011-04-03,2011-04-03,1,127.84,251,1,1,1,Developing,2011-04,2011-12-10
13782,2011-01-16,2011-11-27,6,912.0,13,5,5,3,Loyal,2011-01,2011-12-10
13784,2011-01-11,2011-11-30,11,2462.79,10,5,5,5,Champions,2011-01,2011-12-10
13786,2010-12-07,2010-12-07,1,230.4,368,1,1,1,Developing,2010-12,2011-12-10
13787,2010-12-10,2011-09-25,2,309.03999999999996,76,2,3,2,At Risk,2010-12,2011-12-10
13790,2011-12-05,2011-12-05,1,348.8,5,5,1,2,New / Recent,2011-12,2011-12-10
13791,2011-06-24,2011-08-04,2,1516.0,128,2,3,4,At Risk,2011-06,2011-12-10
13792,2011-02-25,2011-10-04,2,195.55,67,3,3,1,Developing,2011-02,2011-12-10
13798,2010-12-02,2011-12-08,57,37153.85,2,5,5,5,Champions,2010-12,2011-12-10
13799,2011-02-18,2011-08-15,2,688.8599999999999,117,2,3,3,At Risk,2011-02,2011-12-10
13800,2011-02-03,2011-02-03,1,558.3199999999999,310,1,1,3,Developing,2011-02,2011-12-10
13801,2011-10-04,2011-10-04,1,324.8,67,3,1,2,Developing,2011-10,2011-12-10
13802,2011-02-01,2011-07-24,3,4599.42,139,2,3,5,At Risk,2011-02,2011-12-10
13803,2011-03-29,2011-03-29,1,277.07,256,1,1,2,Developing,2011-03,2011-12-10
13804,2011-02-23,2011-11-09,7,2635.79,31,4,5,5,Champions,2011-02,2011-12-10
13805,2011-08-02,2011-10-18,2,924.6,53,3,3,3,Developing,2011-08,2011-12-10
13806,2011-10-07,2011-10-07,1,256.38,64,3,1,2,Developing,2011-10,2011-12-10
13807,2010-12-07,2010-12-07,1,112.6,368,1,1,1,Developing,2010-12,2011-12-10
13808,2011-09-04,2011-12-04,5,1747.6599999999999,6,5,4,4,Champions,2011-09,2011-12-10
13809,2011-02-07,2011-02-07,1,155.05,306,1,1,1,Developing,2011-02,2011-12-10
13810,2011-10-14,2011-11-11,3,1499.01,29,4,3,4,Developing,2011-10,2011-12-10
13811,2011-04-14,2011-06-09,3,814.5,184,1,3,3,At Risk,2011-04,2011-12-10
13812,2011-08-26,2011-10-28,3,539.0,43,3,3,3,Developing,2011-08,2011-12-10
13813,2011-07-28,2011-10-31,4,1366.8600000000001,40,3,4,4,Loyal,2011-07,2011-12-10
13814,2011-07-25,2011-09-08,2,1579.12,93,2,3,4,At Risk,2011-07,2011-12-10
13815,2011-01-25,2011-11-17,4,4027.36,23,4,4,5,Champions,2011-01,2011-12-10
13816,2011-10-06,2011-11-16,2,571.67,24,4,3,3,Developing,2011-10,2011-12-10
13817,2010-12-23,2011-11-10,2,382.98,30,4,3,2,Developing,2010-12,2011-12-10
13819,2011-01-24,2011-02-11,3,1140.35,302,1,3,4,At Risk,2011-01,2011-12-10
13821,2011-03-23,2011-07-18,2,385.64,145,2,3,2,At Risk,2011-03,2011-12-10
13822,2011-10-30,2011-12-04,2,632.0,6,5,3,3,Developing,2011-10,2011-12-10
13823,2011-09-09,2011-11-21,2,957.66,19,4,3,4,Developing,2011-09,2011-12-10
13824,2011-02-02,2011-11-07,5,1698.94,33,4,4,4,Champions,2011-02,2011-12-10
13826,2011-06-16,2011-06-16,1,189.5,177,2,1,1,Developing,2011-06,2011-12-10
13827,2011-07-19,2011-10-13,3,412.05,58,3,3,2,Developing,2011-07,2011-12-10
13828,2011-11-17,2011-11-17,1,209.49,23,4,1,1,New / Recent,2011-11,2011-12-10
13831,2010-12-05,2011-11-23,6,2202.99,17,4,5,5,Champions,2010-12,2011-12-10
13832,2011-11-20,2011-11-20,1,52.2,20,4,1,1,New / Recent,2011-11,2011-12-10
13833,2011-07-03,2011-07-03,1,384.8,160,2,1,2,Developing,2011-07,2011-12-10
13835,2011-05-08,2011-11-14,4,834.5699999999999,26,4,4,3,Loyal,2011-05,2011-12-10
13837,2011-01-26,2011-05-12,2,271.24,212,1,3,2,At Risk,2011-01,2011-12-10
13838,2010-12-05,2011-12-04,4,691.73,6,5,4,3,Loyal,2010-12,2011-12-10
13841,2011-04-01,2011-04-01,1,85.0,253,1,1,1,Developing,2011-04,2011-12-10
13842,2010-12-08,2011-10-12,9,3385.62,59,3,5,5,Loyal,2010-12,2011-12-10
13844,2011-11-28,2011-11-28,1,361.62,12,5,1,2,New / Recent,2011-11,2011-12-10
13845,2011-10-06,2011-10-06,1,312.98,65,3,1,2,Developing,2011-10,2011-12-10
13846,2010-12-14,2011-11-15,3,865.06,25,4,3,3,Developing,2010-12,2011-12-10
13848,2010-12-08,2011-09-08,3,1255.0,93,2,3,4,At Risk,2010-12,2011-12-10
13849,2011-06-22,2011-10-19,2,1537.95,52,3,3,4,Developing,2011-06,2011-12-10
13850,2011-08-02,2011-08-02,1,1595.48,130,2,1,4,Developing,2011-08,2011-12-10
13851,2011-02-24,2011-09-05,3,2651.46,96,2,3,5,At Risk,2011-02,2011-12-10
13853,2011-10-13,2011-10-13,1,1090.1399999999999,58,3,1,4,Developing,2011-10,2011-12-10
13854,2010-12-09,2011-12-01,25,8109.5199999999995,9,5,5,5,Champions,2010-12,2011-12-10
13856,2011-05-20,2011-06-24,3,388.5,169,2,3,2,At Risk,2011-05,2011-12-10
13858,2011-10-13,2011-10-13,1,216.17000000000002,58,3,1,1,Developing,2011-10,2011-12-10
13859,2011-01-17,2011-01-17,1,201.16,327,1,1,1,Developing,2011-01,2011-12-10
13860,2011-09-14,2011-12-08,5,1245.9,2,5,4,4,Champions,2011-09,2011-12-10
13862,2011-01-11,2011-11-21,8,2209.36,19,4,5,5,Champions,2011-01,2011-12-10
13863,2011-04-06,2011-04-06,1,305.78,248,1,1,2,Developing,2011-04,2011-12-10
13865,2011-02-23,2011-10-12,4,501.56,59,3,4,3,Loyal,2011-02,2011-12-10
13866,2011-09-26,2011-09-26,1,145.67,75,2,1,1,Developing,2011-09,2011-12-10
13867,2011-05-05,2011-11-08,3,1015.29,32,4,3,4,Developing,2011-05,2011-12-10
13868,2011-11-01,2011-12-02,2,3192.54,8,5,3,5,Developing,2011-11,2011-12-10
13869,2010-12-17,2011-08-08,4,3104.95,124,2,4,5,At Risk,2010-12,2011-12-10
13870,2011-02-25,2011-12-07,8,2770.94,3,5,5,5,Champions,2011-02,2011-12-10
13871,2011-02-04,2011-11-17,13,6403.25,23,4,5,5,Champions,2011-02,2011-12-10
13873,2011-02-03,2011-08-12,3,389.6,120,2,3,2,At Risk,2011-02,2011-12-10
13874,2010-12-16,2010-12-16,1,540.45,359,1,1,3,Developing,2010-12,2011-12-10
13875,2011-02-11,2011-10-17,5,1786.79,54,3,4,4,Loyal,2011-02,2011-12-10
13876,2011-10-07,2011-10-07,1,122.7,64,3,1,1,Developing,2011-10,2011-12-10
13877,2011-09-14,2011-09-14,1,117.24,87,2,1,1,Developing,2011-09,2011-12-10
13878,2011-10-16,2011-10-16,1,1281.53,55,3,1,4,Developing,2011-10,2011-12-10
13880,2010-12-07,2011-11-18,13,3219.77,22,4,5,5,Champions,2010-12,2011-12-10
13881,2011-02-01,2011-12-06,20,17159.52,4,5,5,5,Champions,2011-02,2011-12-10
13882,2011-10-06,2011-12-07,5,1191.13,3,5,4,4,Champions,2011-10,2011-12-10
13883,2011-03-31,2011-11-29,5,2674.48,11,5,4,5,Champions,2011-03,2011-12-10
13884,2011-03-01,2011-12-02,5,787.6,8,5,4,3,Loyal,2011-03,2011-12-10
13885,2011-05-23,2011-06-03,2,506.79999999999995,190,1,3,3,At Risk,2011-05,2011-12-10
13886,2011-09-29,2011-09-29,1,243.56,72,3,1,1,Developing,2011-09,2011-12-10
13887,2011-05-19,2011-05-19,1,349.55,205,1,1,2,Developing,2011-05,2011-12-10
13888,2011-05-05,2011-08-12,2,605.63,120,2,3,3,At Risk,2011-05,2011-12-10
13889,2011-09-08,2011-09-08,1,416.9,93,2,1,2,Developing,2011-09,2011-12-10
13890,2010-12-16,2011-12-08,10,1883.81,2,5,5,4,Champions,2010-12,2011-12-10
13892,2011-04-07,2011-11-13,4,632.97,27,4,4,3,Loyal,2011-04,2011-12-10
13893,2011-02-15,2011-02-15,1,821.1,298,1,1,3,Developing,2011-02,2011-12-10
13894,2011-02-02,2011-11-16,3,564.62,24,4,3,3,Developing,2011-02,2011-12-10
13895,2011-06-28,2011-11-11,4,2593.07,29,4,4,5,Champions,2011-06,2011-12-10
13897,2011-10-20,2011-10-20,1,311.16,51,3,1,2,Developing,2011-10,2011-12-10
13898,2011-01-18,2011-01-18,1,155.93,326,1,1,1,Developing,2011-01,2011-12-10
13899,2011-03-10,2011-11-23,2,388.52,17,4,3,2,Developing,2011-03,2011-12-10
13900,2011-03-22,2011-06-09,3,740.95,184,1,3,3,At Risk,2011-03,2011-12-10
13901,2011-01-25,2011-09-28,5,2867.2,73,2,4,5,At Risk,2011-01,2011-12-10
13904,2011-02-18,2011-11-02,2,332.64,38,3,3,2,Developing,2011-02,2011-12-10
13908,2011-03-08,2011-09-21,4,2369.55,80,2,4,5,At Risk,2011-03,2011-12-10
13911,2011-02-04,2011-10-13,9,2580.91,58,3,5,5,Loyal,2011-02,2011-12-10
13914,2011-11-03,2011-11-28,2,626.45,12,5,3,3,Developing,2011-11,2011-12-10
13917,2011-06-01,2011-10-21,2,272.03999999999996,50,3,3,2,Developing,2011-06,2011-12-10
13918,2011-03-31,2011-10-21,2,1212.84,50,3,3,4,Developing,2011-03,2011-12-10
13919,2011-08-10,2011-10-11,2,384.81,60,3,3,2,Developing,2011-08,2011-12-10
13922,2010-12-23,2010-12-23,1,172.25,352,1,1,1,Developing,2010-12,2011-12-10
13923,2011-10-17,2011-10-17,1,351.13,54,3,1,2,Developing,2011-10,2011-12-10
13924,2011-09-28,2011-12-08,6,1838.85,2,5,5,4,Champions,2011-09,2011-12-10
13925,2011-07-28,2011-09-08,4,678.25,93,2,4,3,At Risk,2011-07,2011-12-10
13926,2011-11-16,2011-11-16,1,223.85,24,4,1,1,New / Recent,2011-11,2011-12-10
13927,2011-09-26,2011-09-26,1,348.99,75,2,1,2,Developing,2011-09,2011-12-10
13928,2011-07-29,2011-11-29,4,464.57,11,5,4,2,Loyal,2011-07,2011-12-10
13929,2011-01-17,2011-06-23,2,842.6500000000001,170,2,3,3,At Risk,2011-01,2011-12-10
13930,2011-07-26,2011-10-13,2,337.34000000000003,58,3,3,2,Developing,2011-07,2011-12-10
13931,2011-03-04,2011-09-05,2,1237.53,96,2,3,4,At Risk,2011-03,2011-12-10
13932,2011-02-18,2011-02-18,1,307.4,295,1,1,2,Developing,2011-02,2011-12-10
13933,2011-07-14,2011-08-22,2,608.79,110,2,3,3,At Risk,2011-07,2011-12-10
13934,2011-03-21,2011-03-21,1,922.1,264,1,1,3,Developing,2011-03,2011-12-10
13936,2011-06-13,2011-06-13,1,376.58,180,1,1,2,Developing,2011-06,2011-12-10
13937,2011-06-23,2011-06-23,1,158.85,170,2,1,1,Developing,2011-06,2011-12-10
13938,2011-11-04,2011-11-04,1,71.66,36,3,1,1,Developing,2011-11,2011-12-10
13939,2011-02-01,2011-11-16,3,568.55,24,4,3,3,Developing,2011-02,2011-12-10
13940,2011-07-18,2011-11-22,4,839.14,18,4,4,3,Loyal,2011-07,2011-12-10
13941,2010-12-02,2011-11-18,5,5112.96,22,4,4,5,Champions,2010-12,2011-12-10
13946,2011-03-17,2011-09-21,3,561.57,80,2,3,3,At Risk,2011-03,2011-12-10
13947,2011-10-05,2011-10-05,1,90.6,66,3,1,1,Developing,2011-10,2011-12-10
13948,2010-12-14,2010-12-14,1,102.0,361,1,1,1,Developing,2010-12,2011-12-10
13949,2011-09-06,2011-12-07,6,2427.3199999999997,3,5,5,5,Champions,2011-09,2011-12-10
13950,2011-04-07,2011-11-28,4,745.06,12,5,4,3,Loyal,2011-04,2011-12-10
13951,2011-02-18,2011-06-16,3,674.45,177,2,3,3,At Risk,2011-02,2011-12-10
13952,2011-04-15,2011-05-06,2,3251.0699999999997,218,1,3,5,At Risk,2011-04,2011-12-10
13953,2010-12-22,2011-12-02,7,3515.68,8,5,5,5,Champions,2010-12,2011-12-10
13954,2011-09-30,2011-12-08,2,439.91999999999996,2,5,3,2,Developing,2011-09,2011-12-10
13955,2011-02-07,2011-07-08,2,322.96,155,2,3,2,At Risk,2011-02,2011-12-10
13956,2011-03-13,2011-12-04,5,1026.42,6,5,4,4,Champions,2011-03,2011-12-10
13959,2010-12-12,2011-09-21,3,598.2,80,2,3,3,At Risk,2010-12,2011-12-10
13960,2011-09-29,2011-11-18,2,230.21999999999997,22,4,3,1,Developing,2011-09,2011-12-10
13962,2011-04-08,2011-11-18,2,169.55,22,4,3,1,Developing,2011-04,2011-12-10
13963,2010-12-07,2011-02-04,4,664.54,309,1,4,3,At Risk,2010-12,2011-12-10
13967,2011-07-17,2011-07-17,1,80.7,146,2,1,1,Developing,2011-07,2011-12-10
13969,2010-12-09,2011-12-02,18,9053.94,8,5,5,5,Champions,2010-12,2011-12-10
13971,2011-02-27,2011-11-21,8,2758.2599999999998,19,4,5,5,Champions,2011-02,2011-12-10
13972,2011-05-22,2011-09-30,2,190.25,71,3,3,1,Developing,2011-05,2011-12-10
13973,2011-02-25,2011-02-25,1,264.7,288,1,1,2,Developing,2011-02,2011-12-10
13974,2011-10-21,2011-10-21,1,413.59,50,3,1,2,Developing,2011-10,2011-12-10
13975,2011-03-08,2011-11-08,6,2526.28,32,4,5,5,Champions,2011-03,2011-12-10
13976,2011-05-17,2011-05-17,1,357.98,207,1,1,2,Developing,2011-05,2011-12-10
13978,2011-10-25,2011-11-25,2,196.79000000000002,15,4,3,1,Developing,2011-10,2011-12-10
13979,2011-09-27,2011-09-27,1,869.87,74,2,1,3,Developing,2011-09,2011-12-10
13980,2011-10-10,2011-10-10,1,200.14,61,3,1,1,Developing,2011-10,2011-12-10
13982,2010-12-09,2011-10-31,4,1871.81,40,3,4,4,Loyal,2010-12,2011-12-10
13983,2010-12-08,2011-11-10,12,2603.43,30,4,5,5,Champions,2010-12,2011-12-10
13984,2010-12-08,2011-11-13,5,920.51,27,4,4,3,Loyal,2010-12,2011-12-10
13985,2011-03-20,2011-12-05,15,7060.13,5,5,5,5,Champions,2011-03,2011-12-10
13986,2011-11-22,2011-11-22,1,320.46,18,4,1,2,New / Recent,2011-11,2011-12-10
13988,2011-03-30,2011-11-20,6,4147.96,20,4,5,5,Champions,2011-03,2011-12-10
13989,2011-04-14,2011-10-05,2,1266.08,66,3,3,4,Developing,2011-04,2011-12-10
13990,2011-05-10,2011-05-10,1,311.3,214,1,1,2,Developing,2011-05,2011-12-10
13991,2011-07-19,2011-11-27,6,855.9699999999999,13,5,5,3,Loyal,2011-07,2011-12-10
13992,2011-11-09,2011-11-09,1,76.8,31,4,1,1,New / Recent,2011-11,2011-12-10
13993,2011-01-13,2011-10-28,9,3466.3599999999997,43,3,5,5,Loyal,2011-01,2011-12-10
13994,2011-07-14,2011-12-06,6,2313.14,4,5,5,5,Champions,2011-07,2011-12-10
13995,2011-04-08,2011-11-24,5,1393.69,16,4,4,4,Champions,2011-04,2011-12-10
13999,2010-12-13,2011-11-29,12,3901.81,11,5,5,5,Champions,2010-12,2011-12-10
14000,2011-05-12,2011-05-12,1,635.66,212,1,1,3,Developing,2011-05,2011-12-10
14001,2010-12-01,2011-10-25,3,2043.08,46,3,3,4,Developing,2010-12,2011-12-10
14002,2011-07-06,2011-07-28,2,529.73,135,2,3,3,At Risk,2011-07,2011-12-10
14004,2011-02-24,2011-10-27,7,4582.64,44,3,5,5,Loyal,2011-02,2011-12-10
14005,2011-05-08,2011-11-30,5,2874.72,10,5,4,5,Champions,2011-05,2011-12-10
14006,2011-01-31,2011-08-16,3,962.19,116,2,3,4,At Risk,2011-01,2011-12-10
14009,2011-05-18,2011-05-25,2,695.6099999999999,199,1,3,3,At Risk,2011-05,2011-12-10
14012,2011-03-07,2011-03-07,1,328.8,278,1,1,2,Developing,2011-03,2011-12-10
14013,2011-03-09,2011-08-21,3,473.02,111,2,3,2,At Risk,2011-03,2011-12-10
14014,2011-09-23,2011-09-23,1,505.18,78,2,1,3,Developing,2011-09,2011-12-10
14015,2011-10-18,2011-10-18,1,917.34,53,3,1,3,Developing,2011-10,2011-12-10
14016,2010-12-17,2011-07-01,4,4341.21,162,2,4,5,At Risk,2010-12,2011-12-10
14019,2011-07-24,2011-10-24,3,1421.6100000000001,47,3,3,4,Developing,2011-07,2011-12-10
14020,2011-09-12,2011-11-23,2,642.8,17,4,3,3,Developing,2011-09,2011-12-10
14021,2011-03-28,2011-07-07,3,631.9,156,2,3,3,At Risk,2011-03,2011-12-10
14022,2011-04-28,2011-04-28,1,440.0,226,1,1,2,Developing,2011-04,2011-12-10
14023,2011-04-03,2011-12-02,2,584.0699999999999,8,5,3,3,Developing,2011-04,2011-12-10
14024,2011-08-07,2011-08-10,2,327.7,122,2,3,2,At Risk,2011-08,2011-12-10
14027,2011-10-10,2011-10-10,1,104.82,61,3,1,1,Developing,2011-10,2011-12-10
14029,2011-07-18,2011-10-07,2,467.65999999999997,64,3,3,2,Developing,2011-07,2011-12-10
14030,2010-12-08,2011-11-21,8,2360.09,19,4,5,5,Champions,2010-12,2011-12-10
14031,2010-12-02,2011-12-02,19,17286.86,8,5,5,5,Champions,2010-12,2011-12-10
14032,2010-12-08,2011-12-07,11,2975.59,3,5,5,5,Champions,2010-12,2011-12-10
14034,2011-07-05,2011-11-17,3,651.82,23,4,3,3,Developing,2011-07,2011-12-10
14035,2011-02-15,2011-11-11,5,1428.02,29,4,4,4,Champions,2011-02,2011-12-10
14036,2011-02-28,2011-02-28,1,626.65,285,1,1,3,Developing,2011-02,2011-12-10
14037,2010-12-10,2011-06-16,2,147.2,177,2,3,1,At Risk,2010-12,2011-12-10
14038,2011-05-16,2011-09-22,3,1560.38,79,2,3,4,At Risk,2011-05,2011-12-10
14039,2011-11-06,2011-11-06,1,152.2,34,3,1,1,Developing,2011-11,2011-12-10
14040,2011-01-12,2011-10-30,12,3614.92,41,3,5,5,Loyal,2011-01,2011-12-10
14041,2011-03-18,2011-03-18,1,141.41,267,1,1,1,Developing,2011-03,2011-12-10
14044,2011-02-03,2011-11-13,4,652.82,27,4,4,3,Loyal,2011-02,2011-12-10
14045,2010-12-01,2011-08-22,4,1659.75,110,2,4,4,At Risk,2010-12,2011-12-10
14046,2011-02-28,2011-02-28,1,154.99,285,1,1,1,Developing,2011-02,2011-12-10
14047,2010-12-02,2011-12-01,5,1308.6100000000001,9,5,4,4,Champions,2010-12,2011-12-10
14048,2011-02-07,2011-02-07,1,409.93,306,1,1,2,Developing,2011-02,2011-12-10
14049,2011-01-26,2011-11-23,4,5681.719999999999,17,4,4,5,Champions,2011-01,2011-12-10
14050,2011-08-25,2011-11-08,2,746.3599999999999,32,4,3,3,Developing,2011-08,2011-12-10
14051,2010-12-08,2011-12-09,23,15610.39,1,5,5,5,Champions,2010-12,2011-12-10
14052,2011-11-20,2011-11-20,1,225.36,20,4,1,1,New / Recent,2011-11,2011-12-10
14053,2011-07-03,2011-08-07,2,260.25,125,2,3,2,At Risk,2011-07,2011-12-10
14054,2011-10-05,2011-10-05,1,92.46000000000001,66,3,1,1,Developing,2011-10,2011-12-10
14055,2011-08-25,2011-08-25,1,725.64,107,2,1,3,Developing,2011-08,2011-12-10
14056,2011-02-28,2011-12-08,23,8214.65,2,5,5,5,Champions,2011-02,2011-12-10
14057,2010-12-14,2011-11-16,17,6217.96,24,4,5,5,Champions,2010-12,2011-12-10
14059,2011-03-18,2011-03-18,1,183.6,267,1,1,1,Developing,2011-03,2011-12-10
14060,2010-12-02,2011-12-05,19,6140.42,5,5,5,5,Champions,2010-12,2011-12-10
14062,2010-12-10,2011-11-30,12,10464.85,10,5,5,5,Champions,2010-12,2011-12-10
14064,2011-03-10,2011-11-10,5,1353.74,30,4,4,4,Champions,2011-03,2011-12-10
14066,2011-03-18,2011-03-18,1,152.55,267,1,1,1,Developing,2011-03,2011-12-10
14067,2011-09-04,2011-10-07,2,374.7,64,3,3,2,Developing,2011-09,2011-12-10
14068,2011-01-23,2011-01-23,1,265.85,321,1,1,2,Developing,2011-01,2011-12-10
14071,2011-03-20,2011-12-06,8,1438.82,4,5,5,4,Champions,2011-03,2011-12-10
14073,2011-11-07,2011-11-07,1,151.04,33,4,1,1,New / Recent,2011-11,2011-12-10
14075,2011-03-23,2011-12-05,3,942.26,5,5,3,4,Developing,2011-03,2011-12-10
14076,2011-08-02,2011-08-02,1,122.47,130,2,1,1,Developing,2011-08,2011-12-10
14077,2011-03-10,2011-10-30,5,499.41999999999996,41,3,4,3,Loyal,2011-03,2011-12-10
14078,2010-12-01,2011-08-30,6,1049.3700000000001,102,2,5,4,At Risk,2010-12,2011-12-10
14079,2011-08-07,2011-08-07,1,375.1,125,2,1,2,Developing,2011-08,2011-12-10
14080,2011-11-07,2011-11-07,1,45.599999999999994,33,4,1,1,New / Recent,2011-11,2011-12-10
14081,2010-12-05,2011-02-10,2,934.52,303,1,3,3,At Risk,2010-12,2011-12-10
14082,2010-12-10,2010-12-10,1,182.25,365,1,1,1,Developing,2010-12,2011-12-10
14083,2010-12-03,2011-12-05,9,1018.4300000000001,5,5,5,4,Champions,2010-12,2011-12-10
14085,2010-12-06,2011-12-07,18,4448.54,3,5,5,5,Champions,2010-12,2011-12-10
14087,2011-12-07,2011-12-07,1,194.42,3,5,1,1,New / Recent,2011-12,2011-12-10
14088,2011-01-21,2011-11-29,13,50491.81,11,5,5,5,Champions,2011-01,2011-12-10
14089,2011-10-14,2011-10-14,1,161.0,57,3,1,1,Developing,2011-10,2011-12-10
14090,2011-01-19,2011-01-19,1,76.32,325,1,1,1,Developing,2011-01,2011-12-10
14092,2010-12-16,2011-12-02,14,4076.91,8,5,5,5,Champions,2010-12,2011-12-10
14093,2011-11-27,2011-11-27,1,442.85,13,5,1,2,New / Recent,2011-11,2011-12-10
14096,2011-08-30,2011-12-05,17,65164.79,5,5,5,5,Champions,2011-08,2011-12-10
14098,2011-11-03,2011-11-03,1,147.35,37,3,1,1,Developing,2011-11,2011-12-10
14099,2010-12-20,2011-11-23,11,3104.17,17,4,5,5,Champions,2010-12,2011-12-10
14100,2011-07-25,2011-07-25,1,194.9,138,2,1,1,Developing,2011-07,2011-12-10
14101,2011-01-17,2011-09-27,6,5976.79,74,2,5,5,At Risk,2011-01,2011-12-10
14102,2011-10-26,2011-12-04,5,1360.28,6,5,4,4,Champions,2011-10,2011-12-10
14104,2011-06-27,2011-07-08,2,216.21,155,2,3,1,At Risk,2011-06,2011-12-10
14105,2011-04-14,2011-04-14,1,1266.23,240,1,1,4,Developing,2011-04,2011-12-10
14107,2010-12-10,2011-10-19,7,2703.23,52,3,5,5,Loyal,2010-12,2011-12-10
14108,2011-08-30,2011-11-09,2,597.91,31,4,3,3,Developing,2011-08,2011-12-10
14109,2011-09-28,2011-09-28,1,144.2,73,2,1,1,Developing,2011-09,2011-12-10
14110,2011-03-18,2011-12-06,12,5683.15,4,5,5,5,Champions,2011-03,2011-12-10
14111,2011-04-12,2011-11-25,4,692.85,15,4,4,3,Loyal,2011-04,2011-12-10
14112,2011-03-09,2011-11-17,7,2915.15,23,4,5,5,Champions,2011-03,2011-12-10
14113,2010-12-20,2011-12-06,4,1840.42,4,5,4,4,Champions,2010-12,2011-12-10
14114,2011-01-13,2011-03-11,2,386.53,274,1,3,2,At Risk,2011-01,2011-12-10
14116,2011-08-10,2011-11-20,5,1382.74,20,4,4,4,Champions,2011-08,2011-12-10
14117,2011-07-19,2011-07-19,1,90.0,144,2,1,1,Developing,2011-07,2011-12-10
14121,2011-10-11,2011-12-06,4,2780.15,4,5,4,5,Champions,2011-10,2011-12-10
14124,2011-09-16,2011-09-16,1,419.58,85,2,1,2,Developing,2011-09,2011-12-10
14125,2011-09-22,2011-11-29,3,2740.43,11,5,3,5,Developing,2011-09,2011-12-10
14126,2011-11-29,2011-12-02,3,706.13,8,5,3,3,Developing,2011-11,2011-12-10
14127,2011-02-02,2011-08-09,3,709.71,123,2,3,3,At Risk,2011-02,2011-12-10
14128,2011-03-29,2011-10-10,2,637.5,61,3,3,3,Developing,2011-03,2011-12-10
14129,2011-03-24,2011-12-08,5,1123.86,2,5,4,4,Champions,2011-03,2011-12-10
14130,2011-01-24,2011-01-24,1,483.86,320,1,1,2,Developing,2011-01,2011-12-10
14132,2011-06-09,2011-12-07,11,3586.03,3,5,5,5,Champions,2011-06,2011-12-10
14133,2011-01-28,2011-08-02,3,605.64,130,2,3,3,At Risk,2011-01,2011-12-10
14135,2010-12-02,2011-12-08,15,4690.3099999999995,2,5,5,5,Champions,2010-12,2011-12-10
14138,2011-10-07,2011-12-08,2,982.3800000000001,2,5,3,4,Developing,2011-10,2011-12-10
14139,2011-10-24,2011-10-24,1,415.82,47,3,1,2,Developing,2011-10,2011-12-10
14140,2011-11-08,2011-12-06,2,935.05,4,5,3,3,Developing,2011-11,2011-12-10
14141,2011-08-26,2011-12-07,4,915.13,3,5,4,3,Loyal,2011-08,2011-12-10
14142,2010-12-01,2010-12-01,1,311.81,374,1,1,2,Developing,2010-12,2011-12-10
14143,2011-07-29,2011-07-29,1,115.8,134,2,1,1,Developing,2011-07,2011-12-10
14145,2011-05-06,2011-10-24,4,3742.2,47,3,4,5,Loyal,2011-05,2011-12-10
14146,2010-12-17,2011-12-01,5,4191.0,9,5,4,5,Champions,2010-12,2011-12-10
14147,2011-02-27,2011-09-22,2,483.40000000000003,79,2,3,2,At Risk,2011-02,2011-12-10
14148,2011-04-20,2011-04-20,1,157.2,234,1,1,1,Developing,2011-04,2011-12-10
14149,2011-05-03,2011-05-03,1,446.62,221,1,1,2,Developing,2011-05,2011-12-10
14150,2010-12-15,2011-11-04,2,658.64,36,3,3,3,Developing,2010-12,2011-12-10
14152,2011-04-19,2011-09-25,2,621.29,76,2,3,3,At Risk,2011-04,2011-12-10
14154,2011-04-14,2011-04-14,2,1345.62,240,1,3,4,At Risk,2011-04,2011-12-10
14155,2011-03-18,2011-03-18,1,118.75,267,1,1,1,Developing,2011-03,2011-12-10
14156,2010-12-03,2011-11-30,55,117379.63,10,5,5,5,Champions,2010-12,2011-12-10
14157,2011-02-27,2011-11-20,2,432.88,20,4,3,2,Developing,2011-02,2011-12-10
14158,2011-10-30,2011-10-30,1,507.65999999999997,41,3,1,3,Developing,2011-10,2011-12-10
14159,2010-12-12,2011-11-20,11,4693.01,20,4,5,5,Champions,2010-12,2011-12-10
14161,2010-12-05,2011-05-08,3,1110.52,216,1,3,4,At Risk,2010-12,2011-12-10
14162,2011-02-20,2011-06-19,2,289.36,174,2,3,2,At Risk,2011-02,2011-12-10
14163,2011-04-14,2011-09-13,4,2445.91,88,2,4,5,At Risk,2011-04,2011-12-10
14164,2011-09-20,2011-09-30,2,1631.77,71,3,3,4,Developing,2011-09,2011-12-10
14165,2011-03-09,2011-03-09,1,122.53999999999999,276,1,1,1,Developing,2011-03,2011-12-10
14167,2011-01-12,2011-10-31,4,574.84,40,3,4,3,Loyal,2011-01,2011-12-10
14171,2011-09-02,2011-09-02,1,363.79,99,2,1,2,Developing,2011-09,2011-12-10
14173,2011-05-04,2011-11-29,4,450.84,11,5,4,2,Loyal,2011-05,2011-12-10
14174,2011-11-06,2011-11-06,1,134.46,34,3,1,1,Developing,2011-11,2011-12-10
14175,2011-01-14,2011-10-11,3,3222.3,60,3,3,5,Developing,2011-01,2011-12-10
14176,2010-12-07,2011-02-15,4,576.9,298,1,4,3,At Risk,2010-12,2011-12-10
14177,2011-06-13,2011-09-14,4,559.41,87,2,4,3,At Risk,2011-06,2011-12-10
14178,2011-06-10,2011-12-01,7,1620.93,9,5,5,4,Champions,2011-06,2011-12-10
14179,2011-10-18,2011-10-30,2,719.7800000000001,41,3,3,3,Developing,2011-10,2011-12-10
14180,2010-12-02,2011-11-29,25,4748.52,11,5,5,5,Champions,2010-12,2011-12-10
14184,2011-10-04,2011-10-04,1,452.89,67,3,1,2,Developing,2011-10,2011-12-10
14185,2011-01-12,2011-01-12,1,197.65,332,1,1,1,Developing,2011-01,2011-12-10
14188,2011-02-02,2011-11-09,6,2054.36,31,4,5,4,Champions,2011-02,2011-12-10
14189,2010-12-06,2011-12-07,15,4654.08,3,5,5,5,Champions,2010-12,2011-12-10
14191,2011-05-03,2011-12-08,13,4684.76,2,5,5,5,Champions,2011-05,2011-12-10
14193,2011-03-15,2011-10-03,2,853.3900000000001,68,3,3,3,Developing,2011-03,2011-12-10
14194,2011-02-04,2011-12-05,21,11349.52,5,5,5,5,Champions,2011-02,2011-12-10
14195,2011-04-01,2011-05-22,2,1012.0,202,1,3,4,At Risk,2011-04,2011-12-10
14196,2011-08-25,2011-08-25,1,335.52,107,2,1,2,Developing,2011-08,2011-12-10
14198,2011-04-14,2011-11-21,4,701.4,19,4,4,3,Loyal,2011-04,2011-12-10
14199,2011-05-05,2011-05-05,1,185.39999999999998,219,1,1,1,Developing,2011-05,2011-12-10
14201,2010-12-15,2011-10-10,7,747.4399999999999,61,3,5,3,Loyal,2010-12,2011-12-10
14204,2011-12-07,2011-12-07,1,161.03,3,5,1,1,New / Recent,2011-12,2011-12-10
14205,2011-03-20,2011-11-23,2,466.70000000000005,17,4,3,2,Developing,2011-03,2011-12-10
14206,2011-04-14,2011-04-14,1,328.15999999999997,240,1,1,2,Developing,2011-04,2011-12-10
14208,2011-09-06,2011-09-06,1,151.74,95,2,1,1,Developing,2011-09,2011-12-10
14209,2011-01-11,2011-11-29,6,2073.43,11,5,5,5,Champions,2011-01,2011-12-10
14210,2010-12-03,2011-08-26,6,1905.84,106,2,5,4,At Risk,2010-12,2011-12-10
14211,2011-02-17,2011-10-17,9,2241.1,54,3,5,5,Loyal,2011-02,2011-12-10
14212,2011-09-11,2011-09-11,1,1070.48,90,2,1,4,Developing,2011-09,2011-12-10
14214,2011-03-07,2011-11-09,5,1004.38,31,4,4,4,Champions,2011-03,2011-12-10
14215,2010-12-06,2011-11-28,6,1789.7199999999998,12,5,5,4,Champions,2010-12,2011-12-10
14216,2011-11-02,2011-12-06,4,1839.3,4,5,4,4,Champions,2011-11,2011-12-10
14217,2010-12-08,2011-12-08,17,2004.98,2,5,5,4,Champions,2010-12,2011-12-10
14218,2011-10-28,2011-10-28,1,169.48,43,3,1,1,Developing,2011-10,2011-12-10
14219,2011-12-05,2011-12-05,1,89.94,5,5,1,1,New / Recent,2011-12,2011-12-10
14220,2010-12-16,2011-04-06,2,632.4000000000001,248,1,3,3,At Risk,2010-12,2011-12-10
14221,2011-01-04,2011-10-28,9,3432.8,43,3,5,5,Loyal,2011-01,2011-12-10
14222,2011-06-15,2011-06-15,1,683.17,178,2,1,3,Developing,2011-06,2011-12-10
14223,2011-03-20,2011-09-08,3,991.13,93,2,3,4,At Risk,2011-03,2011-12-10
14224,2011-01-23,2011-08-21,4,1050.12,111,2,4,4,At Risk,2011-01,2011-12-10
14226,2011-03-15,2011-11-11,5,2232.19,29,4,4,5,Champions,2011-03,2011-12-10
14227,2011-02-28,2011-11-13,10,3350.96,27,4,5,5,Champions,2011-02,2011-12-10
14229,2011-01-10,2011-10-19,3,1547.1999999999998,52,3,3,4,Developing,2011-01,2011-12-10
14231,2011-02-24,2011-06-09,3,925.71,184,1,3,3,At Risk,2011-02,2011-12-10
14232,2011-03-20,2011-10-28,5,2048.0699999999997,43,3,4,4,Loyal,2011-03,2011-12-10
14233,2011-01-26,2011-10-21,4,1462.72,50,3,4,4,Loyal,2011-01,2011-12-10
14234,2011-10-13,2011-11-17,4,775.4599999999999,23,4,4,3,Loyal,2011-10,2011-12-10
14235,2011-03-24,2011-09-25,5,3144.86,76,2,4,5,At Risk,2011-03,2011-12-10
14236,2010-12-02,2011-09-20,2,490.86,81,2,3,3,At Risk,2010-12,2011-12-10
14237,2010-12-01,2010-12-01,1,161.0,374,1,1,1,Developing,2010-12,2011-12-10
14238,2011-01-17,2011-01-17,1,146.85,327,1,1,1,Developing,2011-01,2011-12-10
14239,2011-01-27,2011-10-27,11,2380.85,44,3,5,5,Loyal,2011-01,2011-12-10
14240,2011-04-28,2011-11-09,2,890.34,31,4,3,3,Developing,2011-04,2011-12-10
14241,2011-06-09,2011-06-09,1,213.70000000000002,184,1,1,1,Developing,2011-06,2011-12-10
14242,2011-01-18,2011-04-19,2,280.54999999999995,235,1,3,2,At Risk,2011-01,2011-12-10
14243,2010-12-09,2011-12-01,10,2588.77,9,5,5,5,Champions,2010-12,2011-12-10
14245,2011-03-21,2011-05-04,2,1693.45,220,1,3,4,At Risk,2011-03,2011-12-10
14246,2011-04-08,2011-08-21,3,1474.06,111,2,3,4,At Risk,2011-04,2011-12-10
14247,2011-03-06,2011-03-06,1,136.77,279,1,1,1,Developing,2011-03,2011-12-10
14248,2011-01-25,2011-01-25,1,302.58,319,1,1,2,Developing,2011-01,2011-12-10
14250,2011-09-11,2011-12-02,3,1904.05,8,5,3,4,Developing,2011-09,2011-12-10
14251,2011-10-13,2011-12-08,5,2879.7,2,5,4,5,Champions,2011-10,2011-12-10
14256,2010-12-10,2011-03-24,2,969.06,261,1,3,4,At Risk,2010-12,2011-12-10
14257,2011-01-25,2011-10-06,5,3099.7200000000003,65,3,4,5,Loyal,2011-01,2011-12-10
14258,2011-01-06,2011-11-30,9,12669.98,10,5,5,5,Champions,2011-01,2011-12-10
14259,2011-07-21,2011-07-21,1,120.0,142,2,1,1,Developing,2011-07,2011-12-10
14261,2011-09-22,2011-10-20,2,1163.45,51,3,3,4,Developing,2011-09,2011-12-10
14262,2011-04-13,2011-12-01,8,2618.23,9,5,5,5,Champions,2011-04,2011-12-10
14264,2011-04-08,2011-07-08,2,333.97,155,2,3,2,At Risk,2011-04,2011-12-10
14265,2011-07-14,2011-08-22,2,530.1800000000001,110,2,3,3,At Risk,2011-07,2011-12-10
14267,2011-03-24,2011-06-30,3,1516.24,163,2,3,4,At Risk,2011-03,2011-12-10
14270,2011-01-12,2011-01-12,1,492.65,332,1,1,3,Developing,2011-01,2011-12-10
14271,2011-04-28,2011-04-28,1,112.32,226,1,1,1,Developing,2011-04,2011-12-10
14272,2011-03-30,2011-09-27,2,437.96000000000004,74,2,3,2,At Risk,2011-03,2011-12-10
14273,2011-04-11,2011-10-19,4,559.97,52,3,4,3,Loyal,2011-04,2011-12-10
14276,2011-02-23,2011-09-02,3,1119.74,99,2,3,4,At Risk,2011-02,2011-12-10
14277,2011-05-11,2011-11-24,3,4216.2,16,4,3,5,Developing,2011-05,2011-12-10
14280,2011-05-27,2011-05-27,1,134.04,197,1,1,1,Developing,2011-05,2011-12-10
14282,2010-12-07,2011-12-06,15,3729.34,4,5,5,5,Champions,2010-12,2011-12-10
14284,2011-09-14,2011-11-09,2,595.25,31,4,3,3,Developing,2011-09,2011-12-10
14285,2011-06-16,2011-11-18,4,1910.0100000000002,22,4,4,4,Champions,2011-06,2011-12-10
14286,2011-04-11,2011-11-16,3,4628.75,24,4,3,5,Developing,2011-04,2011-12-10
14287,2011-05-25,2011-12-01,3,176.63,9,5,3,1,Developing,2011-05,2011-12-10
14288,2011-05-10,2011-05-10,1,426.6,214,1,1,2,Developing,2011-05,2011-12-10
14289,2011-02-23,2011-12-01,6,911.26,9,5,5,3,Loyal,2011-02,2011-12-10
14290,2010-12-13,2011-11-28,5,2314.65,12,5,4,5,Champions,2010-12,2011-12-10
14291,2011-03-09,2011-12-08,11,3883.25,2,5,5,5,Champions,2011-03,2011-12-10
14292,2011-03-02,2011-12-02,9,4871.93,8,5,5,5,Champions,2011-03,2011-12-10
14293,2010-12-06,2011-12-06,4,1046.56,4,5,4,4,Champions,2010-12,2011-12-10
14295,2011-10-30,2011-10-30,1,166.2,41,3,1,1,Developing,2011-10,2011-12-10
14297,2011-03-10,2011-11-22,4,1305.33,18,4,4,4,Champions,2011-03,2011-12-10
14298,2010-12-14,2011-12-01,44,51527.3,9,5,5,5,Champions,2010-12,2011-12-10
14299,2010-12-09,2011-12-01,9,3965.62,9,5,5,5,Champions,2010-12,2011-12-10
14300,2011-11-21,2011-11-21,1,43.2,19,4,1,1,New / Recent,2011-11,2011-12-10
14301,2011-08-14,2011-08-14,1,640.14,118,2,1,3,Developing,2011-08,2011-12-10
14304,2011-05-01,2011-05-01,1,383.45,223,1,1,2,Developing,2011-05,2011-12-10
14305,2011-07-27,2011-09-29,3,1858.96,72,3,3,4,Developing,2011-07,2011-12-10
14306,2011-09-15,2011-10-19,2,2093.32,52,3,3,5,Developing,2011-09,2011-12-10
14307,2010-12-01,2011-09-12,6,2995.72,89,2,5,5,At Risk,2010-12,2011-12-10
14309,2010-12-16,2011-12-01,9,2352.53,9,5,5,5,Champions,2010-12,2011-12-10
14311,2011-04-11,2011-04-11,1,310.26,243,1,1,2,Developing,2011-04,2011-12-10
14312,2011-01-06,2011-10-24,6,1611.5900000000001,47,3,5,4,Loyal,2011-01,2011-12-10
14314,2011-08-25,2011-08-25,1,120.0,107,2,1,1,Developing,2011-08,2011-12-10
14315,2011-03-18,2011-10-26,6,2481.13,45,3,5,5,Loyal,2011-03,2011-12-10
14317,2011-10-06,2011-10-06,1,508.58,65,3,1,3,Developing,2011-10,2011-12-10
14320,2011-01-11,2011-05-17,2,477.78999999999996,207,1,3,2,At Risk,2011-01,2011-12-10
14321,2011-01-10,2011-11-29,5,1530.75,11,5,4,4,Champions,2011-01,2011-12-10
14323,2011-04-15,2011-08-17,2,605.06,115,2,3,3,At Risk,2011-04,2011-12-10
14326,2011-04-11,2011-04-11,1,183.85,243,1,1,1,Developing,2011-04,2011-12-10
14327,2011-06-29,2011-06-29,1,311.65,164,2,1,2,Developing,2011-06,2011-12-10
14329,2011-01-14,2011-11-22,7,5014.84,18,4,5,5,Champions,2011-01,2011-12-10
14331,2011-07-27,2011-08-07,2,462.66,125,2,3,2,At Risk,2011-07,2011-12-10
14332,2011-07-15,2011-11-17,3,866.3100000000001,23,4,3,3,Developing,2011-07,2011-12-10
14333,2011-10-03,2011-10-03,1,415.2,68,3,1,2,Developing,2011-10,2011-12-10
14334,2010-12-16,2011-11-23,8,2552.21,17,4,5,5,Champions,2010-12,2011-12-10
14335,2011-09-04,2011-11-23,2,468.26,17,4,3,2,Developing,2011-09,2011-12-10
14336,2011-03-08,2011-11-23,4,1614.9099999999999,17,4,4,4,Champions,2011-03,2011-12-10
14338,2011-05-27,2011-07-01,2,588.22,162,2,3,3,At Risk,2011-05,2011-12-10
14339,2011-04-11,2011-04-11,1,309.52,243,1,1,2,Developing,2011-04,2011-12-10
14340,2011-05-05,2011-05-05,1,134.7,219,1,1,1,Developing,2011-05,2011-12-10
14341,2011-01-25,2011-10-25,8,2182.28,46,3,5,5,Loyal,2011-01,2011-12-10
14342,2011-05-13,2011-11-18,4,668.56,22,4,4,3,Loyal,2011-05,2011-12-10
14344,2010-12-06,2011-08-04,8,889.9300000000001,128,2,5,3,At Risk,2010-12,2011-12-10
14345,2011-11-01,2011-11-01,1,108.98,39,3,1,1,Developing,2011-11,2011-12-10
14346,2011-02-15,2011-08-11,2,1021.5799999999999,121,2,3,4,At Risk,2011-02,2011-12-10
14348,2011-03-24,2011-03-24,1,409.57,261,1,1,2,Developing,2011-03,2011-12-10
14349,2011-11-29,2011-11-29,1,133.5,11,5,1,1,New / Recent,2011-11,2011-12-10
14350,2011-03-10,2011-03-10,1,282.93,275,1,1,2,Developing,2011-03,2011-12-10
14351,2011-06-28,2011-06-28,1,51.0,165,2,1,1,Developing,2011-06,2011-12-10
14352,2011-03-11,2011-07-05,4,1078.96,158,2,4,4,At Risk,2011-03,2011-12-10
14353,2011-05-08,2011-05-08,1,90.6,216,1,1,1,Developing,2011-05,2011-12-10
14354,2011-11-09,2011-12-04,2,163.62,6,5,3,1,Developing,2011-11,2011-12-10
14355,2010-12-09,2010-12-09,1,174.4,366,1,1,1,Developing,2010-12,2011-12-10
14356,2011-09-19,2011-09-21,2,701.23,80,2,3,3,At Risk,2011-09,2011-12-10
14357,2011-10-27,2011-10-27,1,225.77,44,3,1,1,Developing,2011-10,2011-12-10
14359,2011-09-13,2011-11-20,3,912.18,20,4,3,3,Developing,2011-09,2011-12-10
14360,2011-09-06,2011-11-08,4,2128.23,32,4,4,5,Champions,2011-09,2011-12-10
14362,2011-11-17,2011-11-17,1,161.2,23,4,1,1,New / Recent,2011-11,2011-12-10
14364,2011-05-12,2011-08-23,8,3717.35,109,2,5,5,At Risk,2011-05,2011-12-10
14367,2011-03-08,2011-12-01,16,9261.52,9,5,5,5,Champions,2011-03,2011-12-10
14368,2011-01-24,2011-01-24,1,155.0,320,1,1,1,Developing,2011-01,2011-12-10
14371,2011-02-17,2011-02-17,1,100.5,296,1,1,1,Developing,2011-02,2011-12-10
14373,2010-12-16,2010-12-16,1,76.55,359,1,1,1,Developing,2010-12,2011-12-10
14375,2011-06-07,2011-06-07,1,257.68,186,1,1,2,Developing,2011-06,2011-12-10
14377,2011-03-22,2011-06-01,2,617.05,192,1,3,3,At Risk,2011-03,2011-12-10
14379,2011-02-17,2011-10-26,2,348.1,45,3,3,2,Developing,2011-02,2011-12-10
14381,2011-10-18,2011-10-18,1,202.68,53,3,1,1,Developing,2011-10,2011-12-10
14382,2011-11-13,2011-11-13,1,626.0699999999999,27,4,1,3,New / Recent,2011-11,2011-12-10
14383,2011-06-29,2011-11-01,3,1247.69,39,3,3,4,Developing,2011-06,2011-12-10
14385,2011-11-16,2011-11-30,3,202.11,10,5,3,1,Developing,2011-11,2011-12-10
14386,2011-02-16,2011-02-16,1,142.4,297,1,1,1,Developing,2011-02,2011-12-10
14387,2011-08-22,2011-11-07,3,1770.56,33,4,3,4,Developing,2011-08,2011-12-10
14388,2010-12-02,2011-11-29,8,3212.84,11,5,5,5,Champions,2010-12,2011-12-10
14389,2011-06-02,2011-10-05,2,1043.46,66,3,3,4,Developing,2011-06,2011-12-10
14390,2010-12-02,2011-11-29,9,4652.82,11,5,5,5,Champions,2010-12,2011-12-10
14393,2011-05-05,2011-05-05,1,67.95,219,1,1,1,Developing,2011-05,2011-12-10
14395,2010-12-02,2011-12-07,9,3507.71,3,5,5,5,Champions,2010-12,2011-12-10
14396,2010-12-03,2011-10-05,2,487.99,66,3,3,2,Developing,2010-12,2011-12-10
14397,2011-05-10,2011-12-07,19,2612.96,3,5,5,5,Champions,2011-05,2011-12-10
14400,2011-07-13,2011-07-13,1,574.7,150,2,1,3,Developing,2011-07,2011-12-10
14401,2010-12-15,2011-12-05,13,4051.48,5,5,5,5,Champions,2010-12,2011-12-10
14403,2011-04-06,2011-08-01,4,1475.81,131,2,4,4,At Risk,2011-04,2011-12-10
14404,2010-12-05,2011-11-06,6,1474.32,34,3,5,4,Loyal,2010-12,2011-12-10
14406,2011-08-12,2011-08-12,1,156.75,120,2,1,1,Developing,2011-08,2011-12-10
14407,2011-03-08,2011-08-24,6,2157.73,108,2,5,5,At Risk,2011-03,2011-12-10
14408,2011-03-20,2011-11-29,7,2606.53,11,5,5,5,Champions,2011-03,2011-12-10
14409,2010-12-06,2011-09-29,6,2059.45,72,3,5,5,Loyal,2010-12,2011-12-10
14410,2011-02-07,2011-09-08,9,1105.07,93,2,5,4,At Risk,2011-02,2011-12-10
14411,2011-02-02,2011-02-02,1,1063.0,311,1,1,4,Developing,2011-02,2011-12-10
14412,2011-09-28,2011-10-28,2,770.03,43,3,3,3,Developing,2011-09,2011-12-10
14413,2010-12-12,2010-12-12,1,122.7,363,1,1,1,Developing,2010-12,2011-12-10
14414,2010-12-16,2011-09-09,7,1496.98,92,2,5,4,At Risk,2010-12,2011-12-10
14415,2010-12-14,2011-12-08,13,5900.280000000001,2,5,5,5,Champions,2010-12,2011-12-10
14416,2011-10-28,2011-11-17,2,490.22,23,4,3,3,Developing,2011-10,2011-12-10
14418,2011-08-23,2011-12-06,3,1937.25,4,5,3,4,Developing,2011-08,2011-12-10
14419,2010-12-10,2011-11-29,6,1058.06,11,5,5,4,Champions,2010-12,2011-12-10
14420,2011-09-01,2011-09-01,1,387.52,100,2,1,2,Developing,2011-09,2011-12-10
14421,2011-05-12,2011-10-13,2,813.11,58,3,3,3,Developing,2011-05,2011-12-10
14422,2011-03-17,2011-12-09,6,4263.64,1,5,5,5,Champions,2011-03,2011-12-10
14423,2011-05-05,2011-05-05,1,265.2,219,1,1,2,Developing,2011-05,2011-12-10
14424,2011-11-22,2011-11-22,1,322.08,18,4,1,2,New / Recent,2011-11,2011-12-10
14426,2011-01-31,2011-11-16,10,4481.67,24,4,5,5,Champions,2011-01,2011-12-10
14427,2011-10-07,2011-10-20,2,363.34000000000003,51,3,3,2,Developing,2011-10,2011-12-10
14428,2011-01-18,2011-12-02,5,1244.83,8,5,4,4,Champions,2011-01,2011-12-10
14431,2011-02-10,2011-02-10,1,470.36,303,1,1,2,Developing,2011-02,2011-12-10
14432,2011-09-11,2011-11-30,6,2255.51,10,5,5,5,Champions,2011-09,2011-12-10
14434,2011-09-28,2011-11-18,6,1372.7999999999997,22,4,5,4,Champions,2011-09,2011-12-10
14436,2011-09-02,2011-09-02,1,89.06,99,2,1,1,Developing,2011-09,2011-12-10
14437,2010-12-09,2010-12-09,1,63.0,366,1,1,1,Developing,2010-12,2011-12-10
14438,2011-02-06,2011-02-06,1,131.9,307,1,1,1,Developing,2011-02,2011-12-10
14439,2011-01-24,2011-01-24,1,2661.2400000000002,320,1,1,5,Developing,2011-01,2011-12-10
14440,2010-12-09,2011-12-01,5,2357.6800000000003,9,5,4,5,Champions,2010-12,2011-12-10
14441,2011-03-29,2011-12-09,4,1712.8899999999999,1,5,4,4,Champions,2011-03,2011-12-10
14442,2011-01-27,2011-05-19,2,1589.8200000000002,205,1,3,4,At Risk,2011-01,2011-12-10
14443,2010-12-06,2011-10-17,4,1420.2,54,3,4,4,Loyal,2010-12,2011-12-10
14446,2011-04-07,2011-12-09,4,1039.58,1,5,4,4,Champions,2011-04,2011-12-10
14447,2011-03-04,2011-11-21,5,1163.23,19,4,4,4,Champions,2011-03,2011-12-10
14448,2010-12-10,2011-11-30,2,375.35,10,5,3,2,Developing,2010-12,2011-12-10
14449,2010-12-02,2011-11-21,4,907.1,19,4,4,3,Loyal,2010-12,2011-12-10
14450,2011-01-23,2011-06-12,3,483.25,181,1,3,2,At Risk,2011-01,2011-12-10
14451,2011-05-29,2011-10-10,2,662.5899999999999,61,3,3,3,Developing,2011-05,2011-12-10
14452,2011-09-07,2011-11-29,2,264.44,11,5,3,2,Developing,2011-09,2011-12-10
14453,2011-06-02,2011-06-02,1,119.93,191,1,1,1,Developing,2011-06,2011-12-10
14456,2011-07-20,2011-12-04,9,3062.4,6,5,5,5,Champions,2011-07,2011-12-10
14457,2011-02-02,2011-02-02,1,113.64,311,1,1,1,Developing,2011-02,2011-12-10
14459,2011-07-07,2011-07-07,1,1837.92,156,2,1,4,Developing,2011-07,2011-12-10
14460,2011-02-02,2011-08-21,3,434.34,111,2,3,2,At Risk,2011-02,2011-12-10
14461,2011-03-23,2011-07-14,3,2103.06,149,2,3,5,At Risk,2011-03,2011-12-10
14462,2011-01-04,2011-10-04,11,2004.02,67,3,5,4,Loyal,2011-01,2011-12-10
14463,2011-05-18,2011-09-02,3,529.62,99,2,3,3,At Risk,2011-05,2011-12-10
14465,2011-02-10,2011-04-07,3,1058.62,247,1,3,4,At Risk,2011-02,2011-12-10
14466,2010-12-02,2011-11-10,7,2272.4,30,4,5,5,Champions,2010-12,2011-12-10
14467,2011-01-31,2011-11-22,4,598.76,18,4,4,3,Loyal,2011-01,2011-12-10
14470,2011-02-25,2011-11-28,2,461.19,12,5,3,2,Developing,2011-02,2011-12-10
14472,2010-12-19,2011-08-28,8,1936.8400000000001,104,2,5,4,At Risk,2010-12,2011-12-10
14473,2011-03-02,2011-09-26,2,234.34,75,2,3,1,At Risk,2011-03,2011-12-10
14474,2011-10-24,2011-10-24,1,547.66,47,3,1,3,Developing,2011-10,2011-12-10
14475,2011-02-08,2011-09-29,3,925.85,72,3,3,3,Developing,2011-02,2011-12-10
14476,2011-03-27,2011-03-27,1,215.7,258,1,1,1,Developing,2011-03,2011-12-10
14477,2011-02-15,2011-11-20,4,1309.6,20,4,4,4,Champions,2011-02,2011-12-10
14479,2010-12-09,2011-03-31,2,316.25,254,1,3,2,At Risk,2010-12,2011-12-10
14480,2011-11-28,2011-11-28,1,279.05,12,5,1,2,New / Recent,2011-11,2011-12-10
14481,2011-02-25,2011-06-28,2,636.51,165,2,3,3,At Risk,2011-02,2011-12-10
14482,2011-04-14,2011-11-21,6,2068.15,19,4,5,5,Champions,2011-04,2011-12-10
14483,2011-03-03,2011-03-03,1,137.1,282,1,1,1,Developing,2011-03,2011-12-10
14484,2011-10-20,2011-10-20,1,321.92,51,3,1,2,Developing,2011-10,2011-12-10
14485,2011-11-01,2011-11-01,1,165.75,39,3,1,1,Developing,2011-11,2011-12-10
14487,2010-12-06,2011-11-13,6,1196.3300000000002,27,4,5,4,Champions,2010-12,2011-12-10
14488,2011-10-03,2011-10-03,1,1064.28,68,3,1,4,Developing,2011-10,2011-12-10
14489,2011-05-16,2011-05-16,1,463.38,208,1,1,2,Developing,2011-05,2011-12-10
14491,2010-12-02,2011-06-17,2,340.93,176,2,3,2,At Risk,2010-12,2011-12-10
14493,2011-07-07,2011-12-02,5,2383.24,8,5,4,5,Champions,2011-07,2011-12-10
14494,2011-11-14,2011-11-14,1,139.56,26,4,1,1,New / Recent,2011-11,2011-12-10
14495,2011-08-10,2011-10-20,2,123.80000000000001,51,3,3,1,Developing,2011-08,2011-12-10
14496,2010-12-01,2011-02-01,2,538.8100000000001,312,1,3,3,At Risk,2010-12,2011-12-10
14497,2011-02-03,2011-02-03,1,475.37,310,1,1,2,Developing,2011-02,2011-12-10
14498,2010-12-13,2011-10-28,5,1957.32,43,3,4,4,Loyal,2010-12,2011-12-10
14499,2011-03-06,2011-11-13,3,815.3199999999999,27,4,3,3,Developing,2011-03,2011-12-10
14500,2011-06-03,2011-09-12,3,356.85,89,2,3,2,At Risk,2011-06,2011-12-10
14501,2011-01-24,2011-06-09,2,251.21,184,1,3,2,At Risk,2011-01,2011-12-10
14502,2011-01-30,2011-11-20,11,2470.67,20,4,5,5,Champions,2011-01,2011-12-10
14503,2011-06-14,2011-12-06,6,3543.26,4,5,5,5,Champions,2011-06,2011-12-10
14504,2011-03-06,2011-10-23,4,673.26,48,3,4,3,Loyal,2011-03,2011-12-10
14505,2010-12-12,2011-11-22,8,5905.64,18,4,5,5,Champions,2010-12,2011-12-10
14506,2010-12-05,2011-11-22,5,2012.17,18,4,4,4,Champions,2010-12,2011-12-10
14507,2011-03-08,2011-11-16,6,1383.18,24,4,5,4,Champions,2011-03,2011-12-10
14508,2011-09-11,2011-11-17,2,276.42,23,4,3,2,Developing,2011-09,2011-12-10
14511,2011-07-29,2011-11-28,5,1314.81,12,5,4,4,Champions,2011-07,2011-12-10
14512,2011-04-21,2011-06-05,2,275.28,188,1,3,2,At Risk,2011-04,2011-12-10
14513,2011-02-24,2011-08-31,3,455.59000000000003,101,2,3,2,At Risk,2011-02,2011-12-10
14514,2011-01-12,2011-10-09,3,1055.35,62,3,3,4,Developing,2011-01,2011-12-10
14515,2011-05-05,2011-11-22,6,2102.09,18,4,5,5,Champions,2011-05,2011-12-10
14517,2011-07-21,2011-11-06,2,330.45,34,3,3,2,Developing,2011-07,2011-12-10
14518,2011-10-06,2011-10-06,1,174.37,65,3,1,1,Developing,2011-10,2011-12-10
14520,2011-02-22,2011-12-08,2,270.6,2,5,3,2,Developing,2011-02,2011-12-10
14522,2011-05-25,2011-11-15,4,974.54,25,4,4,4,Champions,2011-05,2011-12-10
14523,2011-08-23,2011-08-23,1,241.09,109,2,1,1,Developing,2011-08,2011-12-10
14524,2010-12-14,2011-11-08,9,1867.68,32,4,5,4,Champions,2010-12,2011-12-10
14525,2010-12-13,2011-11-20,9,4332.2,20,4,5,5,Champions,2010-12,2011-12-10
14527,2010-12-05,2011-12-07,55,8508.82,3,5,5,5,Champions,2010-12,2011-12-10
14528,2011-11-02,2011-11-02,1,364.21999999999997,38,3,1,2,Developing,2011-11,2011-12-10
14529,2011-08-21,2011-10-10,3,620.04,61,3,3,3,Developing,2011-08,2011-12-10
14530,2011-02-16,2011-11-14,6,2925.91,26,4,5,5,Champions,2011-02,2011-12-10
14532,2010-12-22,2011-04-17,4,932.8499999999999,237,1,4,3,At Risk,2010-12,2011-12-10
14533,2010-12-22,2011-11-15,7,1949.72,25,4,5,4,Champions,2010-12,2011-12-10
14534,2011-01-25,2011-12-07,18,4447.05,3,5,5,5,Champions,2011-01,2011-12-10
14535,2011-04-05,2011-10-10,3,2864.19,61,3,3,5,Developing,2011-04,2011-12-10
14536,2011-03-25,2011-03-25,1,171.8,260,1,1,1,Developing,2011-03,2011-12-10
14537,2011-10-13,2011-10-13,1,355.56,58,3,1,2,Developing,2011-10,2011-12-10
14538,2011-03-28,2011-10-06,2,388.25,65,3,3,2,Developing,2011-03,2011-12-10
14539,2011-10-26,2011-11-24,2,537.48,16,4,3,3,Developing,2011-10,2011-12-10
14540,2011-02-03,2011-11-30,3,996.26,10,5,3,4,Developing,2011-02,2011-12-10
14541,2011-01-24,2011-10-12,8,1461.6499999999999,59,3,5,4,Loyal,2011-01,2011-12-10
14542,2011-06-07,2011-06-07,1,103.25,186,1,1,1,Developing,2011-06,2011-12-10
14543,2010-12-10,2011-11-11,16,3630.33,29,4,5,5,Champions,2010-12,2011-12-10
14544,2010-12-13,2011-11-15,2,2024.45,25,4,3,4,Developing,2010-12,2011-12-10
14546,2011-04-05,2011-12-04,5,2578.09,6,5,4,5,Champions,2011-04,2011-12-10
14547,2011-10-16,2011-12-06,8,4007.54,4,5,5,5,Champions,2011-10,2011-12-10
14548,2011-01-26,2011-07-12,2,652.8,151,2,3,3,At Risk,2011-01,2011-12-10
14549,2011-02-01,2011-02-01,1,289.24,312,1,1,2,Developing,2011-02,2011-12-10
14550,2011-10-26,2011-11-29,2,765.6199999999999,11,5,3,3,Developing,2011-10,2011-12-10
14551,2011-05-19,2011-11-21,2,186.23000000000002,19,4,3,1,Developing,2011-05,2011-12-10
14552,2011-07-11,2011-07-11,1,165.07,152,2,1,1,Developing,2011-07,2011-12-10
14553,2011-01-04,2011-11-20,5,859.27,20,4,4,3,Loyal,2011-01,2011-12-10
14554,2011-10-18,2011-11-29,4,2381.04,11,5,4,5,Champions,2011-10,2011-12-10
14555,2011-02-10,2011-10-13,2,324.14,58,3,3,2,Developing,2011-02,2011-12-10
14557,2011-09-15,2011-09-15,1,788.38,86,2,1,3,Developing,2011-09,2011-12-10
14560,2010-12-17,2011-12-02,22,2237.77,8,5,5,5,Champions,2010-12,2011-12-10
14561,2011-06-08,2011-09-25,3,1080.76,76,2,3,4,At Risk,2011-06,2011-12-10
14562,2011-02-08,2011-12-06,18,5074.7699999999995,4,5,5,5,Champions,2011-02,2011-12-10
14565,2010-12-13,2011-09-05,4,3099.12,96,2,4,5,At Risk,2010-12,2011-12-10
14566,2011-08-21,2011-08-21,1,1432.0,111,2,1,4,Developing,2011-08,2011-12-10
14567,2011-08-01,2011-10-14,2,1530.3600000000001,57,3,3,4,Developing,2011-08,2011-12-10
14569,2011-12-08,2011-12-08,1,227.39,2,5,1,1,New / Recent,2011-12,2011-12-10
14570,2011-03-04,2011-03-04,2,218.06,281,1,3,1,At Risk,2011-03,2011-12-10
14572,2011-01-19,2011-12-06,7,2832.84,4,5,5,5,Champions,2011-01,2011-12-10
14573,2010-12-02,2011-06-13,9,1653.42,180,1,5,4,At Risk,2010-12,2011-12-10
14576,2010-12-02,2010-12-02,1,35.4,373,1,1,1,Developing,2010-12,2011-12-10
14577,2010-12-12,2011-11-27,4,859.71,13,5,4,3,Loyal,2010-12,2011-12-10
14578,2011-12-06,2011-12-06,1,168.63,4,5,1,1,New / Recent,2011-12,2011-12-10
14581,2011-11-23,2011-11-23,1,138.6,17,4,1,1,New / Recent,2011-11,2011-12-10
14582,2011-10-30,2011-10-30,1,114.10999999999999,41,3,1,1,Developing,2011-10,2011-12-10
14583,2011-05-18,2011-12-04,5,1052.55,6,5,4,4,Champions,2011-05,2011-12-10
14584,2011-05-25,2011-06-23,4,1042.26,170,2,4,4,At Risk,2011-05,2011-12-10
14585,2011-10-20,2011-10-20,1,157.05,51,3,1,1,Developing,2011-10,2011-12-10
14586,2011-03-08,2011-03-08,1,237.35999999999999,277,1,1,1,Developing,2011-03,2011-12-10
14587,2011-01-12,2011-11-21,9,1601.1399999999999,19,4,5,4,Champions,2011-01,2011-12-10
14589,2010-12-03,2010-12-03,1,39.75,372,1,1,1,Developing,2010-12,2011-12-10
14591,2011-05-10,2011-11-24,4,1447.14,16,4,4,4,Champions,2011-05,2011-12-10
14592,2011-10-06,2011-11-04,3,570.46,36,3,3,3,Developing,2011-10,2011-12-10
14593,2011-05-25,2011-11-18,3,617.99,22,4,3,3,Developing,2011-05,2011-12-10
14594,2010-12-01,2011-12-02,2,379.83,8,5,3,2,Developing,2010-12,2011-12-10
14595,2011-01-30,2011-11-20,6,1740.6,20,4,5,4,Champions,2011-01,2011-12-10
14597,2011-06-01,2011-11-28,2,883.15,12,5,3,3,Developing,2011-06,2011-12-10
14598,2011-10-26,2011-10-26,1,221.97,45,3,1,1,Developing,2011-10,2011-12-10
14600,2011-02-07,2011-02-07,1,393.33,306,1,1,2,Developing,2011-02,2011-12-10
14601,2011-11-29,2011-11-29,1,213.96,11,5,1,1,New / Recent,2011-11,2011-12-10
14603,2011-03-10,2011-03-10,1,660.0,275,1,1,3,Developing,2011-03,2011-12-10
14606,2010-12-01,2011-12-08,93,12156.65,2,5,5,5,Champions,2010-12,2011-12-10
14607,2011-03-23,2011-11-24,14,16569.5,16,4,5,5,Champions,2011-03,2011-12-10
14608,2010-12-12,2011-12-05,4,1785.15,5,5,4,4,Champions,2010-12,2011-12-10
14609,2011-02-16,2011-09-28,4,601.56,73,2,4,3,At Risk,2011-02,2011-12-10
14616,2011-01-26,2011-04-11,3,406.08000000000004,243,1,3,2,At Risk,2011-01,2011-12-10
14618,2011-01-06,2011-11-30,3,553.44,10,5,3,3,Developing,2011-01,2011-12-10
14619,2011-04-08,2011-04-08,1,394.44,246,1,1,2,Developing,2011-04,2011-12-10
14620,2011-03-01,2011-05-18,2,412.78,206,1,3,2,At Risk,2011-03,2011-12-10
14621,2010-12-16,2011-12-08,5,1788.3600000000001,2,5,4,4,Champions,2010-12,2011-12-10
14622,2011-06-08,2011-06-08,1,320.58,185,1,1,2,Developing,2011-06,2011-12-10
14623,2011-04-18,2011-11-07,5,889.25,33,4,4,3,Loyal,2011-04,2011-12-10
14624,2011-10-11,2011-10-13,2,225.85,58,3,3,1,Developing,2011-10,2011-12-10
14625,2010-12-13,2011-05-27,2,899.63,197,1,3,3,At Risk,2010-12,2011-12-10
14626,2011-04-20,2011-11-16,4,2791.27,24,4,4,5,Champions,2011-04,2011-12-10
14628,2011-04-11,2011-09-09,2,671.96,92,2,3,3,At Risk,2011-04,2011-12-10
14629,2011-10-23,2011-12-05,2,959.01,5,5,3,4,Developing,2011-10,2011-12-10
14631,2011-02-14,2011-10-20,3,1006.98,51,3,3,4,Developing,2011-02,2011-12-10
14632,2011-03-22,2011-03-22,1,114.56,263,1,1,1,Developing,2011-03,2011-12-10
14633,2011-03-18,2011-03-18,1,344.9,267,1,1,2,Developing,2011-03,2011-12-10
14636,2011-03-16,2011-11-03,2,609.8499999999999,37,3,3,3,Developing,2011-03,2011-12-10
14638,2011-10-20,2011-10-20,1,443.6,51,3,1,2,Developing,2011-10,2011-12-10
14639,2010-12-13,2011-10-18,6,2984.49,53,3,5,5,Loyal,2010-12,2011-12-10
14640,2011-04-26,2011-11-15,6,2125.08,25,4,5,5,Champions,2011-04,2011-12-10
14641,2011-11-18,2011-11-18,1,110.46000000000001,22,4,1,1,New / Recent,2011-11,2011-12-10
14642,2011-10-12,2011-10-12,1,96.11999999999999,59,3,1,1,Developing,2011-10,2011-12-10
14643,2010-12-16,2011-06-22,2,693.81,171,2,3,3,At Risk,2010-12,2011-12-10
14644,2011-02-14,2011-10-03,2,830.76,68,3,3,3,Developing,2011-02,2011-12-10
14645,2011-03-09,2011-07-06,2,597.09,157,2,3,3,At Risk,2011-03,2011-12-10
14646,2010-12-20,2011-12-08,73,280206.02,2,5,5,5,Champions,2010-12,2011-12-10
14647,2011-05-22,2011-05-22,1,243.22,202,1,1,1,Developing,2011-05,2011-12-10
14649,2011-05-11,2011-12-05,4,1417.29,5,5,4,4,Champions,2011-05,2011-12-10
14651,2011-05-12,2011-10-03,2,654.6,68,3,3,3,Developing,2011-05,2011-12-10
14652,2011-09-23,2011-09-23,1,114.18,78,2,1,1,Developing,2011-09,2011-12-10
14653,2011-01-05,2011-12-08,7,1947.5500000000002,2,5,5,4,Champions,2011-01,2011-12-10
14655,2011-05-01,2011-12-01,4,1932.23,9,5,4,4,Champions,2011-05,2011-12-10
14656,2011-03-01,2011-06-23,2,291.04999999999995,170,2,3,2,At Risk,2011-03,2011-12-10
14657,2011-01-17,2011-11-22,4,848.22,18,4,4,3,Loyal,2011-01,2011-12-10
14658,2011-08-14,2011-12-04,2,247.15,6,5,3,1,Developing,2011-08,2011-12-10
14659,2011-01-28,2011-12-01,9,2529.93,9,5,5,5,Champions,2011-01,2011-12-10
14660,2011-08-31,2011-09-14,2,285.74,87,2,3,2,At Risk,2011-08,2011-12-10
14661,2011-11-13,2011-11-13,1,107.95,27,4,1,1,New / Recent,2011-11,2011-12-10
14662,2011-01-27,2011-11-11,4,771.1700000000001,29,4,4,3,Loyal,2011-01,2011-12-10
14664,2011-11-06,2011-11-20,2,637.89,20,4,3,3,Developing,2011-11,2011-12-10
14665,2011-02-02,2011-10-10,5,1835.6999999999998,61,3,4,4,Loyal,2011-02,2011-12-10
14666,2011-11-15,2011-11-15,1,195.25,25,4,1,1,New / Recent,2011-11,2011-12-10
14667,2010-12-06,2011-11-29,25,9241.2,11,5,5,5,Champions,2010-12,2011-12-10
14669,2011-01-11,2011-04-12,3,1269.99,242,1,3,4,At Risk,2011-01,2011-12-10
14670,2011-03-04,2011-03-04,2,411.53,281,1,3,2,At Risk,2011-03,2011-12-10
14672,2011-01-07,2011-04-19,2,765.55,235,1,3,3,At Risk,2011-01,2011-12-10
14673,2010-12-07,2011-12-06,5,1736.4,4,5,4,4,Champions,2010-12,2011-12-10
14675,2011-11-23,2011-11-23,1,604.75,17,4,1,3,New / Recent,2011-11,2011-12-10
14676,2011-03-01,2011-11-08,6,2548.2400000000002,32,4,5,5,Champions,2011-03,2011-12-10
14680,2010-12-03,2011-11-14,16,28754.11,26,4,5,5,Champions,2010-12,2011-12-10
14681,2011-05-12,2011-09-29,3,498.95,72,3,3,3,Developing,2011-05,2011-12-10
14682,2011-05-22,2011-06-05,2,52.0,188,1,3,1,At Risk,2011-05,2011-12-10
14684,2010-12-12,2011-11-14,5,1236.28,26,4,4,4,Champions,2010-12,2011-12-10
14687,2011-08-25,2011-08-25,1,628.38,107,2,1,3,Developing,2011-08,2011-12-10
14688,2010-12-01,2011-12-02,21,5630.87,8,5,5,5,Champions,2010-12,2011-12-10
14689,2011-05-15,2011-05-15,1,112.8,209,1,1,1,Developing,2011-05,2011-12-10
14690,2011-07-11,2011-10-26,2,371.70000000000005,45,3,3,2,Developing,2011-07,2011-12-10
14691,2011-05-11,2011-11-09,5,2114.33,31,4,4,5,Champions,2011-05,2011-12-10
14692,2011-01-21,2011-07-25,4,591.5500000000001,138,2,4,3,At Risk,2011-01,2011-12-10
14693,2011-03-20,2011-03-20,1,172.9,265,1,1,1,Developing,2011-03,2011-12-10
14696,2010-12-01,2011-12-05,7,2078.95,5,5,5,5,Champions,2010-12,2011-12-10
14697,2011-05-05,2011-05-05,2,188.61,219,1,3,1,At Risk,2011-05,2011-12-10
14698,2011-10-19,2011-12-08,5,1250.76,2,5,4,4,Champions,2011-10,2011-12-10
14699,2011-05-09,2011-05-09,1,109.13,215,1,1,1,Developing,2011-05,2011-12-10
14700,2011-04-15,2011-11-07,3,2235.3,33,4,3,5,Developing,2011-04,2011-12-10
14701,2011-01-27,2011-11-29,9,2549.37,11,5,5,5,Champions,2011-01,2011-12-10
14702,2010-12-09,2011-12-08,17,3292.14,2,5,5,5,Champions,2010-12,2011-12-10
14703,2011-11-25,2011-11-25,1,318.17,15,4,1,2,New / Recent,2011-11,2011-12-10
14704,2011-06-12,2011-11-28,9,1546.91,12,5,5,4,Champions,2011-06,2011-12-10
14705,2011-05-25,2011-05-25,1,179.0,199,1,1,1,Developing,2011-05,2011-12-10
14708,2010-12-06,2011-12-07,3,1126.37,3,5,3,4,Developing,2010-12,2011-12-10
14709,2010-12-16,2011-11-24,13,4921.04,16,4,5,5,Champions,2010-12,2011-12-10
14710,2011-10-11,2011-11-25,4,606.13,15,4,4,3,Loyal,2011-10,2011-12-10
14711,2011-03-22,2011-11-29,11,2868.8,11,5,5,5,Champions,2011-03,2011-12-10
14712,2011-08-19,2011-11-10,3,917.07,30,4,3,3,Developing,2011-08,2011-12-10
14713,2010-12-09,2011-11-30,11,2666.36,10,5,5,5,Champions,2010-12,2011-12-10
14714,2011-11-15,2011-11-15,1,160.19,25,4,1,1,New / Recent,2011-11,2011-12-10
14715,2011-01-12,2011-11-15,4,867.38,25,4,4,3,Loyal,2011-01,2011-12-10
14716,2011-07-14,2011-10-27,2,329.68,44,3,3,2,Developing,2011-07,2011-12-10
14719,2011-04-04,2011-12-08,5,1602.13,2,5,4,4,Champions,2011-04,2011-12-10
14720,2011-08-05,2011-12-04,3,663.81,6,5,3,3,Developing,2011-08,2011-12-10
14722,2011-07-15,2011-07-15,1,187.92,148,2,1,1,Developing,2011-07,2011-12-10
14723,2010-12-03,2011-11-29,6,1158.3,11,5,5,4,Champions,2010-12,2011-12-10
14725,2011-11-15,2011-11-15,1,718.08,25,4,1,3,New / Recent,2011-11,2011-12-10
14727,2011-03-10,2011-03-10,1,268.58,275,1,1,2,Developing,2011-03,2011-12-10
14729,2010-12-01,2010-12-01,1,313.49,374,1,1,2,Developing,2010-12,2011-12-10
14730,2011-03-08,2011-12-08,8,2005.06,2,5,5,4,Champions,2011-03,2011-12-10
14731,2011-05-11,2011-10-23,3,380.02,48,3,3,2,Developing,2011-05,2011-12-10
14732,2011-01-04,2011-12-01,8,2702.4900000000002,9,5,5,5,Champions,2011-01,2011-12-10
14733,2010-12-07,2011-11-23,12,9585.91,17,4,5,5,Champions,2010-12,2011-12-10
14735,2010-12-16,2011-12-06,32,6065.69,4,5,5,5,Champions,2010-12,2011-12-10
14737,2010-12-21,2011-12-06,3,1164.55,4,5,3,4,Developing,2010-12,2011-12-10
14738,2011-01-27,2011-10-28,7,1314.45,43,3,5,4,Loyal,2011-01,2011-12-10
14739,2010-12-07,2011-12-05,7,3902.2799999999997,5,5,5,5,Champions,2010-12,2011-12-10
14740,2011-03-01,2011-05-26,3,1448.21,198,1,3,4,At Risk,2011-03,2011-12-10
14741,2010-12-02,2011-11-28,6,1400.34,12,5,5,4,Champions,2010-12,2011-12-10
14744,2010-12-08,2011-11-23,7,1099.98,17,4,5,4,Champions,2010-12,2011-12-10
14745,2011-02-27,2011-08-19,5,1220.26,113,2,4,4,At Risk,2011-02,2011-12-10
14747,2011-04-04,2011-04-04,1,328.2,250,1,1,2,Developing,2011-04,2011-12-10
14748,2010-12-06,2011-11-10,5,1415.75,30,4,4,4,Champions,2010-12,2011-12-10
14752,2011-10-27,2011-10-27,1,389.64,44,3,1,2,Developing,2011-10,2011-12-10
14753,2011-09-13,2011-09-13,1,563.15,88,2,1,3,Developing,2011-09,2011-12-10
14754,2011-02-17,2011-10-26,2,638.0500000000001,45,3,3,3,Developing,2011-02,2011-12-10
14755,2011-01-09,2011-11-30,11,5010.28,10,5,5,5,Champions,2011-01,2011-12-10
14756,2011-11-24,2011-11-24,1,738.96,16,4,1,3,New / Recent,2011-11,2011-12-10
14757,2011-09-25,2011-09-25,1,420.5,76,2,1,2,Developing,2011-09,2011-12-10
14758,2011-03-25,2011-07-18,4,1484.06,145,2,4,4,At Risk,2011-03,2011-12-10
14759,2011-04-21,2011-12-05,3,1625.97,5,5,3,4,Developing,2011-04,2011-12-10
14760,2011-02-15,2011-02-15,1,89.2,298,1,1,1,Developing,2011-02,2011-12-10
14761,2011-01-09,2011-10-12,2,255.9,59,3,3,2,Developing,2011-01,2011-12-10
14762,2011-03-21,2011-03-21,1,300.52,264,1,1,2,Developing,2011-03,2011-12-10
14764,2011-10-24,2011-10-24,1,278.3,47,3,1,2,Developing,2011-10,2011-12-10
14765,2011-06-16,2011-11-10,3,254.11,30,4,3,2,Developing,2011-06,2011-12-10
14766,2010-12-08,2011-12-01,6,2473.37,9,5,5,5,Champions,2010-12,2011-12-10
14768,2011-08-04,2011-11-22,2,192.6,18,4,3,1,Developing,2011-08,2011-12-10
14769,2010-12-17,2011-12-07,8,10674.75,3,5,5,5,Champions,2010-12,2011-12-10
14770,2011-01-20,2011-04-21,2,876.4200000000001,233,1,3,3,At Risk,2011-01,2011-12-10
14772,2011-08-19,2011-08-19,1,139.26,113,2,1,1,Developing,2011-08,2011-12-10
14775,2010-12-02,2011-10-12,3,1011.9,59,3,3,4,Developing,2010-12,2011-12-10
14776,2011-01-31,2011-10-19,11,2538.3,52,3,5,5,Loyal,2011-01,2011-12-10
14778,2011-02-04,2011-08-04,2,730.86,128,2,3,3,At Risk,2011-02,2011-12-10
14779,2011-01-20,2011-03-04,3,386.15,281,1,3,2,At Risk,2011-01,2011-12-10
14780,2011-09-21,2011-10-16,2,447.68,55,3,3,2,Developing,2011-09,2011-12-10
14782,2011-01-24,2011-01-24,1,200.1,320,1,1,1,Developing,2011-01,2011-12-10
14784,2011-01-20,2011-11-13,2,289.99,27,4,3,2,Developing,2011-01,2011-12-10
14785,2011-11-24,2011-11-29,2,77.4,11,5,3,1,Developing,2011-11,2011-12-10
14788,2011-11-13,2011-12-02,2,679.44,8,5,3,3,Developing,2011-11,2011-12-10
14789,2011-11-11,2011-11-11,1,197.64,29,4,1,1,New / Recent,2011-11,2011-12-10
14790,2011-03-31,2011-11-23,4,745.06,17,4,4,3,Loyal,2011-03,2011-12-10
14792,2011-10-07,2011-10-07,1,6.2,64,3,1,1,Developing,2011-10,2011-12-10
14793,2011-11-18,2011-11-18,1,228.99,22,4,1,1,New / Recent,2011-11,2011-12-10
14794,2011-01-09,2011-12-07,7,1319.91,3,5,5,4,Champions,2011-01,2011-12-10
14795,2011-06-26,2011-06-26,1,131.45000000000002,167,2,1,1,Developing,2011-06,2011-12-10
14796,2010-12-08,2011-12-08,17,8022.49,2,5,5,5,Champions,2010-12,2011-12-10
14798,2011-02-02,2011-10-18,3,173.74,53,3,3,1,Developing,2011-02,2011-12-10
14799,2011-10-19,2011-10-19,1,157.7,52,3,1,1,Developing,2011-10,2011-12-10
14800,2010-12-05,2011-10-23,12,4339.74,48,3,5,5,Loyal,2010-12,2011-12-10
14801,2011-10-09,2011-10-09,1,193.14,62,3,1,1,Developing,2011-10,2011-12-10
14803,2011-02-20,2011-06-30,3,845.55,163,2,3,3,At Risk,2011-02,2011-12-10
14804,2011-12-01,2011-12-01,1,353.27,9,5,1,2,New / Recent,2011-12,2011-12-10
14805,2011-01-30,2011-11-24,4,554.6500000000001,16,4,4,3,Loyal,2011-01,2011-12-10
14806,2011-09-25,2011-09-25,1,193.39,76,2,1,1,Developing,2011-09,2011-12-10
14808,2011-06-20,2011-10-31,8,2741.17,40,3,5,5,Loyal,2011-06,2011-12-10
14810,2010-12-05,2011-10-30,11,2087.88,41,3,5,5,Loyal,2010-12,2011-12-10
14813,2010-12-05,2010-12-05,2,155.43,370,1,3,1,At Risk,2010-12,2011-12-10
14815,2011-10-03,2011-11-03,2,778.5,37,3,3,3,Developing,2011-10,2011-12-10
14816,2011-05-26,2011-05-26,1,271.85,198,1,1,2,Developing,2011-05,2011-12-10
14817,2011-03-07,2011-05-23,2,1110.34,201,1,3,4,At Risk,2011-03,2011-12-10
14818,2011-03-31,2011-09-27,3,657.8,74,2,3,3,At Risk,2011-03,2011-12-10
14819,2011-05-31,2011-10-06,2,272.07,65,3,3,2,Developing,2011-05,2011-12-10
14820,2011-06-19,2011-11-18,4,507.29,22,4,4,3,Loyal,2011-06,2011-12-10
14821,2010-12-08,2010-12-08,1,48.8,367,1,1,1,Developing,2010-12,2011-12-10
14823,2011-05-29,2011-06-12,3,321.43,181,1,3,2,At Risk,2011-05,2011-12-10
14824,2011-09-09,2011-11-29,4,1127.71,11,5,4,4,Champions,2011-09,2011-12-10
14825,2010-12-06,2011-12-06,12,2226.91,4,5,5,5,Champions,2010-12,2011-12-10
14828,2011-01-07,2011-05-27,3,2139.76,197,1,3,5,At Risk,2011-01,2011-12-10
14829,2010-12-02,2011-11-10,4,697.5500000000001,30,4,4,3,Loyal,2010-12,2011-12-10
14830,2011-10-17,2011-10-17,1,197.13,54,3,1,1,Developing,2011-10,2011-12-10
14834,2011-04-13,2011-11-22,6,1720.3,18,4,5,4,Champions,2011-04,2011-12-10
14836,2011-11-09,2011-11-29,3,102.44999999999999,11,5,3,1,Developing,2011-11,2011-12-10
14837,2011-05-22,2011-09-11,4,1649.5,90,2,4,4,At Risk,2011-05,2011-12-10
14840,2011-03-17,2011-03-17,1,62.85,268,1,1,1,Developing,2011-03,2011-12-10
14841,2010-12-16,2011-10-17,6,3295.76,54,3,5,5,Loyal,2010-12,2011-12-10
14842,2011-02-04,2011-10-27,4,2824.69,44,3,4,5,Loyal,2011-02,2011-12-10
14844,2011-04-12,2011-10-07,4,3189.81,64,3,4,5,Loyal,2011-04,2011-12-10
14847,2011-07-14,2011-07-14,1,309.4,149,2,1,2,Developing,2011-07,2011-12-10
14849,2010-12-01,2011-11-18,25,7930.54,22,4,5,5,Champions,2010-12,2011-12-10
14850,2011-02-01,2011-02-01,1,325.75,312,1,1,2,Developing,2011-02,2011-12-10
14851,2011-03-28,2011-11-16,2,511.35,24,4,3,3,Developing,2011-03,2011-12-10
14852,2011-04-01,2011-10-12,6,2836.69,59,3,5,5,Loyal,2011-04,2011-12-10
14853,2011-05-12,2011-11-15,2,475.8,25,4,3,2,Developing,2011-05,2011-12-10
14854,2011-03-10,2011-09-22,7,2759.83,79,2,5,5,At Risk,2011-03,2011-12-10
14855,2011-07-28,2011-08-12,2,645.6500000000001,120,2,3,3,At Risk,2011-07,2011-12-10
14856,2011-10-14,2011-11-03,3,1311.3799999999999,37,3,3,4,Developing,2011-10,2011-12-10
14857,2011-07-14,2011-10-11,2,1173.12,60,3,3,4,Developing,2011-07,2011-12-10
14859,2011-05-19,2011-11-27,4,1353.74,13,5,4,4,Champions,2011-05,2011-12-10
14860,2011-11-20,2011-11-20,1,170.32,20,4,1,1,New / Recent,2011-11,2011-12-10
14861,2011-10-18,2011-10-18,1,125.78999999999999,53,3,1,1,Developing,2011-10,2011-12-10
14862,2011-07-14,2011-11-14,2,841.2,26,4,3,3,Developing,2011-07,2011-12-10
14863,2011-11-10,2011-11-10,1,266.76,30,4,1,2,New / Recent,2011-11,2011-12-10
14865,2010-12-02,2011-12-02,2,52.2,8,5,3,1,Developing,2010-12,2011-12-10
14866,2010-12-08,2011-11-29,12,14389.9,11,5,5,5,Champions,2010-12,2011-12-10
14867,2011-01-07,2011-06-07,3,710.28,186,1,3,3,At Risk,2011-01,2011-12-10
14868,2011-04-20,2011-12-06,8,2953.5899999999997,4,5,5,5,Champions,2011-04,2011-12-10
14869,2011-08-28,2011-12-01,2,725.7,9,5,3,3,Developing,2011-08,2011-12-10
14870,2011-03-23,2011-03-23,1,327.25,262,1,1,2,Developing,2011-03,2011-12-10
14871,2010-12-14,2011-12-06,4,522.38,4,5,4,3,Loyal,2010-12,2011-12-10
14873,2011-05-13,2011-05-13,1,519.68,211,1,1,3,Developing,2011-05,2011-12-10
14875,2011-03-22,2011-08-24,2,1465.32,108,2,3,4,At Risk,2011-03,2011-12-10
14878,2010-12-16,2011-11-27,9,1485.54,13,5,5,4,Champions,2010-12,2011-12-10
14880,2011-02-24,2011-09-23,3,706.19,78,2,3,3,At Risk,2011-02,2011-12-10
14881,2011-11-20,2011-11-20,1,255.4,20,4,1,2,New / Recent,2011-11,2011-12-10
14882,2011-11-06,2011-11-13,2,589.7,27,4,3,3,Developing,2011-11,2011-12-10
14883,2011-05-12,2011-11-21,6,761.59,19,4,5,3,Loyal,2011-05,2011-12-10
14885,2011-07-31,2011-07-31,1,765.3199999999999,132,2,1,3,Developing,2011-07,2011-12-10
14886,2011-04-01,2011-04-01,1,364.8,253,1,1,2,Developing,2011-04,2011-12-10
14887,2011-09-21,2011-09-21,1,1862.0,80,2,1,4,Developing,2011-09,2011-12-10
14888,2011-05-16,2011-05-16,1,369.2,208,1,1,2,Developing,2011-05,2011-12-10
14889,2011-01-07,2011-01-07,1,135.9,337,1,1,1,Developing,2011-01,2011-12-10
14890,2011-03-31,2011-03-31,1,125.65,254,1,1,1,Developing,2011-03,2011-12-10
14891,2011-06-05,2011-07-14,2,554.38,149,2,3,3,At Risk,2011-06,2011-12-10
14893,2011-11-28,2011-11-30,2,1237.85,10,5,3,4,Developing,2011-11,2011-12-10
14894,2011-09-15,2011-09-15,1,655.75,86,2,1,3,Developing,2011-09,2011-12-10
14895,2011-02-22,2011-12-02,20,11138.710000000001,8,5,5,5,Champions,2011-02,2011-12-10
14896,2010-12-09,2011-05-19,2,468.77000000000004,205,1,3,2,At Risk,2010-12,2011-12-10
14897,2011-02-16,2011-12-02,4,1366.38,8,5,4,4,Champions,2011-02,2011-12-10
14898,2010-12-03,2011-11-16,6,1303.52,24,4,5,4,Champions,2010-12,2011-12-10
14901,2010-12-02,2011-11-28,9,1421.29,12,5,5,4,Champions,2010-12,2011-12-10
14902,2011-11-14,2011-11-14,1,332.66,26,4,1,2,New / Recent,2011-11,2011-12-10
14903,2011-03-06,2011-11-18,5,2810.63,22,4,4,5,Champions,2011-03,2011-12-10
14904,2011-11-14,2011-12-07,2,1025.44,3,5,3,4,Developing,2011-11,2011-12-10
14905,2011-04-20,2011-07-05,2,616.15,158,2,3,3,At Risk,2011-04,2011-12-10
14907,2010-12-07,2011-12-06,7,3501.1,4,5,5,5,Champions,2010-12,2011-12-10
14908,2011-09-26,2011-09-26,1,277.8,75,2,1,2,Developing,2011-09,2011-12-10
14910,2011-10-16,2011-12-07,4,434.35,3,5,4,2,Loyal,2011-10,2011-12-10
14911,2010-12-01,2011-12-08,201,143825.06,2,5,5,5,Champions,2010-12,2011-12-10
14912,2011-04-07,2011-11-23,2,867.8499999999999,17,4,3,3,Developing,2011-04,2011-12-10
14913,2010-12-15,2011-11-04,4,1227.4299999999998,36,3,4,4,Loyal,2010-12,2011-12-10
14915,2011-03-07,2011-09-09,2,307.48,92,2,3,2,At Risk,2011-03,2011-12-10
14916,2011-01-19,2011-09-30,4,1268.98,71,3,4,4,Loyal,2011-01,2011-12-10
14918,2011-07-08,2011-08-16,2,1610.15,116,2,3,4,At Risk,2011-07,2011-12-10
14920,2011-05-11,2011-05-11,2,977.77,213,1,3,4,At Risk,2011-05,2011-12-10
14921,2011-05-22,2011-11-09,2,1316.07,31,4,3,4,Developing,2011-05,2011-12-10
14923,2011-10-20,2011-10-20,1,749.1,51,3,1,3,Developing,2011-10,2011-12-10
14924,2011-04-08,2011-04-08,1,310.05,246,1,1,2,Developing,2011-04,2011-12-10
14929,2011-11-07,2011-11-07,1,223.88,33,4,1,1,New / Recent,2011-11,2011-12-10
14930,2011-03-10,2011-08-23,3,2372.86,109,2,3,5,At Risk,2011-03,2011-12-10
14931,2011-04-13,2011-12-05,5,1257.68,5,5,4,4,Champions,2011-04,2011-12-10
14932,2010-12-09,2010-12-09,1,363.53,366,1,1,2,Developing,2010-12,2011-12-10
14934,2011-03-02,2011-09-19,2,1890.94,82,2,3,4,At Risk,2011-03,2011-12-10
14935,2011-02-15,2011-02-15,1,1784.71,298,1,1,4,Developing,2011-02,2011-12-10
14936,2011-03-09,2011-11-06,8,8137.0199999999995,34,3,5,5,Loyal,2011-03,2011-12-10
14937,2011-08-01,2011-10-14,3,1621.88,57,3,3,4,Developing,2011-08,2011-12-10
14944,2011-02-16,2011-11-10,12,5900.25,30,4,5,5,Champions,2011-02,2011-12-10
14946,2011-11-25,2011-11-25,1,100.9,15,4,1,1,New / Recent,2011-11,2011-12-10
14947,2011-08-01,2011-09-28,2,290.82,73,2,3,2,At Risk,2011-08,2011-12-10
14948,2011-05-04,2011-11-16,6,1101.9699999999998,24,4,5,4,Champions,2011-05,2011-12-10
14950,2011-11-20,2011-11-20,1,371.2,20,4,1,2,New / Recent,2011-11,2011-12-10
14951,2011-09-21,2011-09-21,1,311.69,80,2,1,2,Developing,2011-09,2011-12-10
14952,2010-12-10,2011-10-11,11,8099.49,60,3,5,5,Loyal,2010-12,2011-12-10
14953,2011-11-14,2011-11-14,1,289.82,26,4,1,2,New / Recent,2011-11,2011-12-10
14954,2011-11-27,2011-11-27,1,336.17,13,5,1,2,New / Recent,2011-11,2011-12-10
14957,2011-03-31,2011-03-31,1,58.49,254,1,1,1,Developing,2011-03,2011-12-10
14958,2011-04-08,2011-07-15,3,499.68,148,2,3,3,At Risk,2011-04,2011-12-10
14959,2011-02-16,2011-10-06,4,695.42,65,3,4,3,Loyal,2011-02,2011-12-10
14960,2011-06-21,2011-12-01,2,221.26999999999998,9,5,3,1,Developing,2011-06,2011-12-10
14961,2010-12-14,2011-11-29,9,7044.68,11,5,5,5,Champions,2010-12,2011-12-10
14962,2011-03-14,2011-03-14,1,126.7,271,1,1,1,Developing,2011-03,2011-12-10
14963,2011-06-09,2011-11-30,5,1487.8,10,5,4,4,Champions,2011-06,2011-12-10
14964,2011-04-06,2011-04-06,1,206.21,248,1,1,1,Developing,2011-04,2011-12-10
14965,2011-09-04,2011-09-04,2,599.0,97,2,3,3,At Risk,2011-09,2011-12-10
14966,2011-11-25,2011-11-25,1,191.32,15,4,1,1,New / Recent,2011-11,2011-12-10
14967,2011-10-21,2011-10-21,1,463.8,50,3,1,2,Developing,2011-10,2011-12-10
14968,2011-11-09,2011-11-09,1,147.59,31,4,1,1,New / Recent,2011-11,2011-12-10
14970,2011-01-27,2011-10-02,4,1592.06,69,3,4,4,Loyal,2011-01,2011-12-10
14971,2011-10-27,2011-11-04,3,1116.57,36,3,3,4,Developing,2011-10,2011-12-10
14972,2011-08-03,2011-08-03,1,114.77,129,2,1,1,Developing,2011-08,2011-12-10
14973,2011-04-28,2011-08-24,3,1314.45,108,2,3,4,At Risk,2011-04,2011-12-10
14974,2011-11-02,2011-11-02,1,114.39,38,3,1,1,Developing,2011-11,2011-12-10
14975,2011-10-13,2011-10-13,1,279.94,58,3,1,2,Developing,2011-10,2011-12-10
14976,2011-01-17,2011-10-13,7,790.86,58,3,5,3,Loyal,2011-01,2011-12-10
14978,2011-01-13,2011-09-28,5,1931.42,73,2,4,4,At Risk,2011-01,2011-12-10
14981,2011-04-07,2011-04-07,1,102.12,247,1,1,1,Developing,2011-04,2011-12-10
14984,2011-06-12,2011-11-20,2,213.26999999999998,20,4,3,1,Developing,2011-06,2011-12-10
14985,2010-12-16,2011-05-25,2,296.75,199,1,3,2,At Risk,2010-12,2011-12-10
14987,2010-12-09,2011-11-24,2,326.4,16,4,3,2,Developing,2010-12,2011-12-10
14988,2011-05-12,2011-05-12,1,334.54,212,1,1,2,Developing,2011-05,2011-12-10
14995,2011-03-04,2011-11-01,2,233.23000000000002,39,3,3,1,Developing,2011-03,2011-12-10
14997,2011-06-14,2011-10-24,3,546.1999999999999,47,3,3,3,Developing,2011-06,2011-12-10
14998,2011-04-12,2011-06-22,2,429.87,171,2,3,2,At Risk,2011-04,2011-12-10
15000,2011-10-23,2011-10-23,1,490.52,48,3,1,3,Developing,2011-10,2011-12-10
15002,2010-12-07,2011-08-16,4,1641.76,116,2,4,4,At Risk,2010-12,2011-12-10
15004,2011-07-15,2011-07-15,1,1246.32,148,2,1,4,Developing,2011-07,2011-12-10
15005,2010-12-08,2011-11-24,28,6316.57,16,4,5,5,Champions,2010-12,2011-12-10
15006,2011-10-19,2011-10-19,1,502.09,52,3,1,3,Developing,2011-10,2011-12-10
15007,2011-07-03,2011-07-03,1,156.91,160,2,1,1,Developing,2011-07,2011-12-10
15009,2011-11-14,2011-11-27,3,1261.78,13,5,3,4,Developing,2011-11,2011-12-10
15010,2011-11-04,2011-11-04,1,308.94,36,3,1,2,Developing,2011-11,2011-12-10
15012,2010-12-01,2011-10-17,2,423.03999999999996,54,3,3,2,Developing,2010-12,2011-12-10
15014,2011-06-16,2011-10-27,2,260.16999999999996,44,3,3,2,Developing,2011-06,2011-12-10
15016,2011-06-20,2011-06-20,1,170.04,173,2,1,1,Developing,2011-06,2011-12-10
15017,2011-11-06,2011-11-06,1,125.58,34,3,1,1,Developing,2011-11,2011-12-10
15018,2010-12-07,2011-11-01,3,496.21000000000004,39,3,3,3,Developing,2010-12,2011-12-10
15019,2011-03-18,2011-03-18,1,266.0,267,1,1,2,Developing,2011-03,2011-12-10
15021,2010-12-08,2011-12-01,9,1914.82,9,5,5,4,Champions,2010-12,2011-12-10
15022,2011-10-23,2011-11-28,4,905.04,12,5,4,3,Loyal,2011-10,2011-12-10
15023,2010-12-05,2011-12-06,11,6802.76,4,5,5,5,Champions,2010-12,2011-12-10
15024,2010-12-07,2011-11-30,10,1661.33,10,5,5,4,Champions,2010-12,2011-12-10
15025,2011-11-06,2011-11-06,1,377.01,34,3,1,2,Developing,2011-11,2011-12-10
15026,2011-03-07,2011-09-20,3,469.0,81,2,3,2,At Risk,2011-03,2011-12-10
15027,2011-04-15,2011-11-09,4,1066.15,31,4,4,4,Champions,2011-04,2011-12-10
15028,2010-12-06,2011-12-01,4,627.13,9,5,4,3,Loyal,2010-12,2011-12-10
15030,2011-03-16,2011-09-29,2,518.28,72,3,3,3,Developing,2011-03,2011-12-10
15031,2011-03-02,2011-12-05,4,668.14,5,5,4,3,Loyal,2011-03,2011-12-10
15032,2010-12-08,2011-03-28,3,4959.1,257,1,3,5,At Risk,2010-12,2011-12-10
15033,2011-01-14,2011-12-05,10,2586.67,5,5,5,5,Champions,2011-01,2011-12-10
15034,2010-12-21,2011-11-24,8,4308.61,16,4,5,5,Champions,2010-12,2011-12-10
15035,2011-09-11,2011-09-11,1,252.73,90,2,1,2,Developing,2011-09,2011-12-10
15036,2011-06-13,2011-09-28,3,465.54999999999995,73,2,3,2,At Risk,2011-06,2011-12-10
15038,2010-12-05,2011-10-12,6,705.49,59,3,5,3,Loyal,2010-12,2011-12-10
15039,2010-12-06,2011-11-30,47,19914.44,10,5,5,5,Champions,2010-12,2011-12-10
15041,2011-06-22,2011-06-22,1,180.35,171,2,1,1,Developing,2011-06,2011-12-10
15042,2011-05-24,2011-05-24,1,135.93,200,1,1,1,Developing,2011-05,2011-12-10
15043,2011-11-08,2011-11-08,1,537.0,32,4,1,3,New / Recent,2011-11,2011-12-10
15044,2010-12-12,2011-11-20,17,7700.23,20,4,5,5,Champions,2010-12,2011-12-10
15045,2011-03-27,2011-07-11,2,735.66,152,2,3,3,At Risk,2011-03,2011-12-10
15046,2011-01-05,2011-11-30,15,5213.77,10,5,5,5,Champions,2011-01,2011-12-10
15047,2011-03-15,2011-03-15,1,343.62,270,1,1,2,Developing,2011-03,2011-12-10
15048,2010-12-06,2011-10-05,4,384.05,66,3,4,2,Loyal,2010-12,2011-12-10
15049,2011-03-11,2011-03-11,1,121.17000000000002,274,1,1,1,Developing,2011-03,2011-12-10
15050,2011-09-29,2011-11-14,3,1782.0900000000001,26,4,3,4,Developing,2011-09,2011-12-10
15051,2011-07-12,2011-11-16,3,1391.61,24,4,3,4,Developing,2011-07,2011-12-10
15052,2011-01-24,2011-01-24,1,215.78,320,1,1,1,Developing,2011-01,2011-12-10
15053,2011-03-03,2011-12-05,3,697.79,5,5,3,3,Developing,2011-03,2011-12-10
15054,2011-10-30,2011-11-27,2,302.1,13,5,3,2,Developing,2011-10,2011-12-10
15057,2011-01-28,2011-03-09,2,1489.5,276,1,3,4,At Risk,2011-01,2011-12-10
15058,2011-01-31,2011-11-14,11,2124.99,26,4,5,5,Champions,2011-01,2011-12-10
15059,2011-01-09,2011-10-30,9,1337.72,41,3,5,4,Loyal,2011-01,2011-12-10
15060,2011-11-30,2011-12-01,4,303.09,9,5,4,2,Loyal,2011-11,2011-12-10
15061,2010-12-02,2011-12-06,48,54534.14,4,5,5,5,Champions,2010-12,2011-12-10
15062,2010-12-15,2011-09-29,4,987.86,72,3,4,4,Loyal,2010-12,2011-12-10
15063,2011-05-10,2011-05-10,1,370.79999999999995,214,1,1,2,Developing,2011-05,2011-12-10
15065,2011-02-21,2011-11-02,4,3158.13,38,3,4,5,Loyal,2011-02,2011-12-10
15066,2011-10-17,2011-10-17,1,893.59,54,3,1,3,Developing,2011-10,2011-12-10
15067,2011-03-02,2011-09-22,3,1744.7599999999998,79,2,3,4,At Risk,2011-03,2011-12-10
15068,2011-03-28,2011-10-24,2,553.36,47,3,3,3,Developing,2011-03,2011-12-10
15069,2011-06-13,2011-06-13,1,1109.53,180,1,1,4,Developing,2011-06,2011-12-10
15070,2010-12-02,2010-12-02,1,106.2,373,1,1,1,Developing,2010-12,2011-12-10
15071,2011-03-09,2011-09-07,2,982.07,94,2,3,4,At Risk,2011-03,2011-12-10
15073,2011-06-06,2011-11-30,3,1043.41,10,5,3,4,Developing,2011-06,2011-12-10
15074,2011-08-26,2011-08-26,1,748.87,106,2,1,3,Developing,2011-08,2011-12-10
15075,2011-09-23,2011-09-23,1,773.03,78,2,1,3,Developing,2011-09,2011-12-10
15076,2011-06-20,2011-06-20,1,880.85,173,2,1,3,Developing,2011-06,2011-12-10
15078,2010-12-06,2011-12-02,32,9743.11,8,5,5,5,Champions,2010-12,2011-12-10
15079,2010-12-09,2011-05-11,4,895.61,213,1,4,3,At Risk,2010-12,2011-12-10
15081,2010-12-07,2011-11-17,5,504.8,23,4,4,3,Loyal,2010-12,2011-12-10
15083,2011-03-28,2011-03-28,1,88.2,257,1,1,1,Developing,2011-03,2011-12-10
15087,2011-03-03,2011-03-03,1,306.94,282,1,1,2,Developing,2011-03,2011-12-10
15088,2011-10-03,2011-11-18,2,1160.0700000000002,22,4,3,4,Developing,2011-10,2011-12-10
15089,2011-08-03,2011-11-29,6,2420.84,11,5,5,5,Champions,2011-08,2011-12-10
15090,2011-02-04,2011-02-04,1,381.32,309,1,1,2,Developing,2011-02,2011-12-10
15091,2011-10-03,2011-10-03,1,480.71,68,3,1,2,Developing,2011-10,2011-12-10
15092,2011-03-01,2011-05-08,2,457.81000000000006,216,1,3,2,At Risk,2011-03,2011-12-10
15093,2010-12-02,2011-11-21,6,4597.02,19,4,5,5,Champions,2010-12,2011-12-10
15095,2011-05-20,2011-08-28,4,1370.6,104,2,4,4,At Risk,2011-05,2011-12-10
15096,2011-10-28,2011-10-28,1,219.39,43,3,1,1,Developing,2011-10,2011-12-10
15097,2011-12-05,2011-12-05,1,248.08,5,5,1,1,New / Recent,2011-12,2011-12-10
15098,2011-06-10,2011-06-10,3,39916.5,183,1,3,5,At Risk,2011-06,2011-12-10
15099,2011-09-16,2011-09-16,1,410.48,85,2,1,2,Developing,2011-09,2011-12-10
15100,2010-12-01,2011-01-10,3,876.0,334,1,3,3,At Risk,2010-12,2011-12-10
15101,2010-12-15,2011-12-01,2,317.53,9,5,3,2,Developing,2010-12,2011-12-10
15103,2011-09-14,2011-11-08,2,703.36,32,4,3,3,Developing,2011-09,2011-12-10
15104,2011-03-02,2011-05-27,2,1027.44,197,1,3,4,At Risk,2011-03,2011-12-10
15105,2011-07-28,2011-11-21,7,2298.93,19,4,5,5,Champions,2011-07,2011-12-10
15106,2011-03-15,2011-11-22,5,1422.52,18,4,4,4,Champions,2011-03,2011-12-10
15107,2010-12-02,2011-02-01,6,319.5,312,1,5,2,At Risk,2010-12,2011-12-10
15108,2011-04-26,2011-07-21,4,1300.25,142,2,4,4,At Risk,2011-04,2011-12-10
15109,2011-04-08,2011-04-08,1,484.95,246,1,1,2,Developing,2011-04,2011-12-10
15110,2011-01-25,2011-11-16,4,996.1,24,4,4,4,Champions,2011-01,2011-12-10
15111,2010-12-02,2011-11-10,3,1567.48,30,4,3,4,Developing,2010-12,2011-12-10
15113,2011-10-16,2011-11-30,3,3609.33,10,5,3,5,Developing,2011-10,2011-12-10
15114,2011-02-11,2011-11-09,10,2760.56,31,4,5,5,Champions,2011-02,2011-12-10
15115,2011-11-21,2011-11-21,1,340.11,19,4,1,2,New / Recent,2011-11,2011-12-10
15116,2011-05-19,2011-11-22,4,1352.75,18,4,4,4,Champions,2011-05,2011-12-10
15117,2011-05-08,2011-11-25,5,1551.78,15,4,4,4,Champions,2011-05,2011-12-10
15118,2011-07-28,2011-07-28,1,244.8,135,2,1,1,Developing,2011-07,2011-12-10
15119,2011-04-08,2011-04-08,1,266.4,246,1,1,2,Developing,2011-04,2011-12-10
15120,2011-07-29,2011-07-29,1,358.82,134,2,1,2,Developing,2011-07,2011-12-10
15121,2011-02-24,2011-10-20,2,457.71999999999997,51,3,3,2,Developing,2011-02,2011-12-10
15122,2011-02-15,2011-08-17,3,1633.78,115,2,3,4,At Risk,2011-02,2011-12-10
15123,2011-05-17,2011-12-02,2,2199.31,8,5,3,5,Developing,2011-05,2011-12-10
15124,2011-06-01,2011-11-17,2,184.19,23,4,3,1,Developing,2011-06,2011-12-10
15125,2011-03-14,2011-11-14,15,11528.48,26,4,5,5,Champions,2011-03,2011-12-10
15127,2011-10-05,2011-10-05,1,406.53,66,3,1,2,Developing,2011-10,2011-12-10
15128,2011-05-04,2011-10-10,4,1471.0,61,3,4,4,Loyal,2011-05,2011-12-10
15129,2011-02-21,2011-10-20,11,3447.3999999999996,51,3,5,5,Loyal,2011-02,2011-12-10
15130,2011-06-23,2011-06-23,1,330.11,170,2,1,2,Developing,2011-06,2011-12-10
15132,2011-03-22,2011-11-21,5,977.9300000000001,19,4,4,4,Champions,2011-03,2011-12-10
15133,2011-02-11,2011-08-04,3,982.42,128,2,3,4,At Risk,2011-02,2011-12-10
15134,2011-04-13,2011-11-25,8,1387.99,15,4,5,4,Champions,2011-04,2011-12-10
15135,2011-04-14,2011-04-14,1,139.05,240,1,1,1,Developing,2011-04,2011-12-10
15136,2011-09-04,2011-12-07,4,1286.7,3,5,4,4,Champions,2011-09,2011-12-10
15139,2011-01-07,2011-04-14,2,178.95999999999998,240,1,3,1,At Risk,2011-01,2011-12-10
15140,2011-03-20,2011-10-18,7,2354.25,53,3,5,5,Loyal,2011-03,2011-12-10
15142,2011-10-24,2011-10-24,1,498.74,47,3,1,3,Developing,2011-10,2011-12-10
15143,2011-04-28,2011-04-28,1,259.45,226,1,1,2,Developing,2011-04,2011-12-10
15144,2011-01-31,2011-12-01,17,6580.4400000000005,9,5,5,5,Champions,2011-01,2011-12-10
15145,2011-04-05,2011-12-05,4,1194.73,5,5,4,4,Champions,2011-04,2011-12-10
15146,2011-02-21,2011-06-28,2,1327.16,165,2,3,4,At Risk,2011-02,2011-12-10
15147,2011-04-13,2011-04-13,1,623.5,241,1,1,3,Developing,2011-04,2011-12-10
15148,2011-11-29,2011-11-29,1,301.29,11,5,1,2,New / Recent,2011-11,2011-12-10
15149,2011-07-29,2011-07-29,1,520.8,134,2,1,3,Developing,2011-07,2011-12-10
15150,2011-03-15,2011-11-22,10,5314.469999999999,18,4,5,5,Champions,2011-03,2011-12-10
15152,2011-06-05,2011-11-30,13,4745.69,10,5,5,5,Champions,2011-06,2011-12-10
15153,2011-11-08,2011-11-08,1,329.25,32,4,1,2,New / Recent,2011-11,2011-12-10
15154,2011-09-25,2011-09-25,1,296.42,76,2,1,2,Developing,2011-09,2011-12-10
15156,2011-11-06,2011-12-08,3,961.49,2,5,3,4,Developing,2011-11,2011-12-10
15157,2010-12-16,2011-12-06,3,1936.07,4,5,3,4,Developing,2010-12,2011-12-10
15158,2011-10-25,2011-10-25,1,401.40000000000003,46,3,1,2,Developing,2011-10,2011-12-10
15159,2010-12-13,2011-12-08,30,18641.01,2,5,5,5,Champions,2010-12,2011-12-10
15160,2010-12-17,2010-12-17,1,158.16,358,1,1,1,Developing,2010-12,2011-12-10
15163,2011-05-31,2011-11-21,2,304.47,19,4,3,2,Developing,2011-05,2011-12-10
15164,2011-01-04,2011-10-02,3,843.05,69,3,3,3,Developing,2011-01,2011-12-10
15165,2010-12-01,2010-12-01,1,487.75,374,1,1,2,Developing,2010-12,2011-12-10
15167,2011-01-23,2011-01-23,1,163.0,321,1,1,1,Developing,2011-01,2011-12-10
15168,2011-11-14,2011-11-14,1,106.56,26,4,1,1,New / Recent,2011-11,2011-12-10
15171,2011-01-12,2011-01-12,1,1289.5,332,1,1,4,Developing,2011-01,2011-12-10
15172,2011-04-17,2011-12-01,5,1624.05,9,5,4,4,Champions,2011-04,2011-12-10
15174,2011-01-21,2011-01-21,1,135.75,323,1,1,1,Developing,2011-01,2011-12-10
15175,2011-09-29,2011-09-29,1,224.14,72,3,1,1,Developing,2011-09,2011-12-10
15178,2011-03-24,2011-03-24,1,40.5,261,1,1,1,Developing,2011-03,2011-12-10
15179,2011-01-24,2011-11-21,5,2206.95,19,4,4,5,Champions,2011-01,2011-12-10
15180,2010-12-07,2010-12-07,1,87.5,368,1,1,1,Developing,2010-12,2011-12-10
15181,2011-03-15,2011-10-04,3,689.48,67,3,3,3,Developing,2011-03,2011-12-10
15182,2011-03-16,2011-07-08,2,622.85,155,2,3,3,At Risk,2011-03,2011-12-10
15184,2011-06-02,2011-11-10,2,406.76,30,4,3,2,Developing,2011-06,2011-12-10
15185,2011-09-30,2011-09-30,1,310.62,71,3,1,2,Developing,2011-09,2011-12-10
15186,2011-06-24,2011-11-25,2,411.40999999999997,15,4,3,2,Developing,2011-06,2011-12-10
15187,2011-05-11,2011-12-08,16,4777.18,2,5,5,5,Champions,2011-05,2011-12-10
15189,2011-01-11,2011-12-08,41,16225.39,2,5,5,5,Champions,2011-01,2011-12-10
15192,2010-12-09,2011-08-12,3,1044.32,120,2,3,4,At Risk,2010-12,2011-12-10
15193,2011-10-10,2011-10-10,1,499.32,61,3,1,3,Developing,2011-10,2011-12-10
15194,2010-12-06,2011-12-06,15,7616.53,4,5,5,5,Champions,2010-12,2011-12-10
15195,2011-12-07,2011-12-07,1,3861.0,3,5,1,5,New / Recent,2011-12,2011-12-10
15197,2010-12-16,2011-11-29,3,1079.6100000000001,11,5,3,4,Developing,2010-12,2011-12-10
15198,2011-08-07,2011-09-08,2,193.64,93,2,3,1,At Risk,2011-08,2011-12-10
15199,2011-02-04,2011-10-11,4,1268.7,60,3,4,4,Loyal,2011-02,2011-12-10
15201,2011-04-06,2011-09-13,5,1236.54,88,2,4,4,At Risk,2011-04,2011-12-10
15203,2011-02-01,2011-11-14,6,1827.8,26,4,5,4,Champions,2011-02,2011-12-10
15204,2010-12-17,2010-12-17,1,316.58,358,1,1,2,Developing,2010-12,2011-12-10
15205,2011-08-04,2011-09-15,2,653.24,86,2,3,3,At Risk,2011-08,2011-12-10
15206,2011-03-09,2011-11-29,4,420.30000000000007,11,5,4,2,Loyal,2011-03,2011-12-10
15208,2010-12-21,2011-12-08,5,870.12,2,5,4,3,Loyal,2010-12,2011-12-10
15210,2011-04-28,2011-04-28,1,331.18,226,1,1,2,Developing,2011-04,2011-12-10
15211,2010-12-09,2011-10-10,2,894.41,61,3,3,3,Developing,2010-12,2011-12-10
15212,2011-04-12,2011-04-12,1,101.8,242,1,1,1,Developing,2011-04,2011-12-10
15213,2011-01-14,2011-01-25,2,328.34999999999997,319,1,3,2,At Risk,2011-01,2011-12-10
15214,2011-04-11,2011-12-08,8,1661.4399999999998,2,5,5,4,Champions,2011-04,2011-12-10
15215,2011-09-04,2011-10-24,3,734.94,47,3,3,3,Developing,2011-09,2011-12-10
15216,2011-09-13,2011-09-13,1,96.6,88,2,1,1,Developing,2011-09,2011-12-10
15218,2011-01-25,2011-11-29,11,5756.889999999999,11,5,5,5,Champions,2011-01,2011-12-10
15219,2011-06-16,2011-06-16,1,305.75,177,2,1,2,Developing,2011-06,2011-12-10
15220,2011-03-04,2011-10-19,6,1778.96,52,3,5,4,Loyal,2011-03,2011-12-10
15221,2010-12-08,2010-12-08,1,403.25,367,1,1,2,Developing,2010-12,2011-12-10
15222,2011-01-25,2011-01-25,1,585.0,319,1,1,3,Developing,2011-01,2011-12-10
15223,2011-04-04,2011-04-28,2,755.75,226,1,3,3,At Risk,2011-04,2011-12-10
15224,2010-12-12,2010-12-16,2,322.08,359,1,3,2,At Risk,2010-12,2011-12-10
15225,2011-04-19,2011-04-19,1,409.4,235,1,1,2,Developing,2011-04,2011-12-10
15226,2011-02-02,2011-02-02,1,154.41,311,1,1,1,Developing,2011-02,2011-12-10
15227,2011-01-26,2011-11-03,5,1219.4,37,3,4,4,Loyal,2011-01,2011-12-10
15228,2011-02-18,2011-10-04,4,3386.71,67,3,4,5,Loyal,2011-02,2011-12-10
15230,2011-04-13,2011-04-14,2,429.59999999999997,240,1,3,2,At Risk,2011-04,2011-12-10
15232,2011-07-22,2011-08-18,2,612.06,114,2,3,3,At Risk,2011-07,2011-12-10
15234,2011-03-08,2011-03-08,1,197.0,277,1,1,1,Developing,2011-03,2011-12-10
15235,2010-12-01,2011-05-06,12,2247.51,218,1,5,5,At Risk,2010-12,2011-12-10
15236,2011-02-14,2011-02-14,1,321.05,299,1,1,2,Developing,2011-02,2011-12-10
15237,2011-04-26,2011-12-08,4,1412.32,2,5,4,4,Champions,2011-04,2011-12-10
15238,2011-06-08,2011-11-10,3,1071.99,30,4,3,4,Developing,2011-06,2011-12-10
15239,2011-09-22,2011-11-29,2,780.5899999999999,11,5,3,3,Developing,2011-09,2011-12-10
15240,2011-02-01,2011-10-26,5,1706.57,45,3,4,4,Loyal,2011-02,2011-12-10
15241,2011-03-01,2011-10-04,8,1756.44,67,3,5,4,Loyal,2011-03,2011-12-10
15243,2011-09-26,2011-09-26,1,316.68,75,2,1,2,Developing,2011-09,2011-12-10
15244,2011-04-05,2011-10-05,2,631.5699999999999,66,3,3,3,Developing,2011-04,2011-12-10
15245,2011-03-23,2011-07-28,3,2515.84,135,2,3,5,At Risk,2011-03,2011-12-10
15246,2010-12-16,2011-04-15,2,514.15,239,1,3,3,At Risk,2010-12,2011-12-10
15247,2011-08-09,2011-08-09,1,356.0,123,2,1,2,Developing,2011-08,2011-12-10
15249,2011-03-28,2011-11-08,13,6688.46,32,4,5,5,Champions,2011-03,2011-12-10
15251,2011-04-12,2011-11-30,11,10484.99,10,5,5,5,Champions,2011-04,2011-12-10
15252,2011-06-09,2011-11-03,2,740.78,37,3,3,3,Developing,2011-06,2011-12-10
15253,2011-06-23,2011-11-23,5,918.2,17,4,4,3,Loyal,2011-06,2011-12-10
15254,2011-08-04,2011-08-04,1,300.36,128,2,1,2,Developing,2011-08,2011-12-10
15255,2011-10-04,2011-10-04,1,890.85,67,3,1,3,Developing,2011-10,2011-12-10
15256,2011-07-14,2011-07-14,1,98.45,149,2,1,1,Developing,2011-07,2011-12-10
15257,2011-03-01,2011-03-01,1,317.15,284,1,1,2,Developing,2011-03,2011-12-10
15258,2011-05-06,2011-06-24,2,623.1600000000001,169,2,3,3,At Risk,2011-05,2011-12-10
15260,2010-12-02,2011-08-31,7,1810.77,101,2,5,4,At Risk,2010-12,2011-12-10
15261,2011-07-27,2011-07-27,1,254.82,136,2,1,2,Developing,2011-07,2011-12-10
15262,2011-01-20,2011-01-20,1,178.95,324,1,1,1,Developing,2011-01,2011-12-10
15263,2011-08-25,2011-08-25,1,156.51,107,2,1,1,Developing,2011-08,2011-12-10
15264,2011-10-06,2011-10-06,1,393.74,65,3,1,2,Developing,2011-10,2011-12-10
15265,2011-04-18,2011-07-11,2,1506.12,152,2,3,4,At Risk,2011-04,2011-12-10
15266,2011-01-05,2011-01-05,1,119.3,339,1,1,1,Developing,2011-01,2011-12-10
15267,2011-06-10,2011-11-17,5,1717.36,23,4,4,4,Champions,2011-06,2011-12-10
15269,2011-11-16,2011-11-16,1,408.8,24,4,1,2,New / Recent,2011-11,2011-12-10
15270,2011-02-02,2011-11-24,7,2379.49,16,4,5,5,Champions,2011-02,2011-12-10
15271,2010-12-09,2011-12-02,15,2507.07,8,5,5,5,Champions,2010-12,2011-12-10
15272,2011-09-14,2011-10-13,2,721.94,58,3,3,3,Developing,2011-09,2011-12-10
15274,2011-11-21,2011-12-05,2,716.5699999999999,5,5,3,3,Developing,2011-11,2011-12-10
15275,2011-11-02,2011-11-02,1,615.14,38,3,1,3,Developing,2011-11,2011-12-10
15276,2011-10-04,2011-10-04,1,135.31,67,3,1,1,Developing,2011-10,2011-12-10
15277,2011-10-24,2011-10-24,1,255.9,47,3,1,2,Developing,2011-10,2011-12-10
15279,2010-12-20,2010-12-20,1,290.51,355,1,1,2,Developing,2010-12,2011-12-10
15280,2011-06-20,2011-06-20,1,113.12,173,2,1,1,Developing,2011-06,2011-12-10
15281,2011-01-10,2011-10-12,9,2332.15,59,3,5,5,Loyal,2011-01,2011-12-10
15286,2011-10-21,2011-10-21,1,240.55,50,3,1,1,Developing,2011-10,2011-12-10
15287,2011-09-30,2011-11-17,2,486.69000000000005,23,4,3,2,Developing,2011-09,2011-12-10
15288,2010-12-09,2011-10-27,5,2306.52,44,3,4,5,Loyal,2010-12,2011-12-10
15289,2011-04-04,2011-11-10,3,939.78,30,4,3,3,Developing,2011-04,2011-12-10
15290,2010-12-15,2011-12-05,18,7943.22,5,5,5,5,Champions,2010-12,2011-12-10
15291,2010-12-01,2011-11-14,15,4668.3,26,4,5,5,Champions,2010-12,2011-12-10
15292,2011-05-22,2011-05-22,1,180.94,202,1,1,1,Developing,2011-05,2011-12-10
15296,2011-01-17,2011-10-20,6,3672.8599999999997,51,3,5,5,Loyal,2011-01,2011-12-10
15297,2011-10-07,2011-11-29,3,641.94,11,5,3,3,Developing,2011-10,2011-12-10
15298,2010-12-08,2011-12-07,12,4799.9,3,5,5,5,Champions,2010-12,2011-12-10
15299,2010-12-02,2011-10-03,7,4507.01,68,3,5,5,Loyal,2010-12,2011-12-10
15300,2011-10-06,2011-10-06,1,496.44,65,3,1,3,Developing,2011-10,2011-12-10
15301,2010-12-06,2011-10-20,12,5070.35,51,3,5,5,Loyal,2010-12,2011-12-10
15303,2011-02-22,2011-02-22,1,574.02,291,1,1,3,Developing,2011-02,2011-12-10
15304,2010-12-06,2011-10-10,8,694.4,61,3,5,3,Loyal,2010-12,2011-12-10
15306,2011-07-14,2011-10-06,3,1174.35,65,3,3,4,Developing,2011-07,2011-12-10
15307,2011-09-05,2011-09-05,1,205.3,96,2,1,1,Developing,2011-09,2011-12-10
15308,2011-03-10,2011-03-10,1,310.46999999999997,275,1,1,2,Developing,2011-03,2011-12-10
15311,2010-12-01,2011-12-09,91,60767.9,1,5,5,5,Champions,2010-12,2011-12-10
15312,2010-12-20,2011-09-25,4,924.85,76,2,4,3,At Risk,2010-12,2011-12-10
15313,2011-08-21,2011-08-21,1,52.0,111,2,1,1,Developing,2011-08,2011-12-10
15314,2011-05-24,2011-05-24,1,327.96999999999997,200,1,1,2,Developing,2011-05,2011-12-10
15315,2011-08-15,2011-10-06,2,570.5,65,3,3,3,Developing,2011-08,2011-12-10
15316,2011-01-17,2011-01-17,1,165.0,327,1,1,1,Developing,2011-01,2011-12-10
15318,2011-12-06,2011-12-06,1,312.62,4,5,1,2,New / Recent,2011-12,2011-12-10
15319,2011-03-01,2011-03-01,1,204.5,284,1,1,1,Developing,2011-03,2011-12-10
15320,2011-10-26,2011-10-26,1,267.13,45,3,1,2,Developing,2011-10,2011-12-10
15321,2011-02-21,2011-09-30,3,2748.31,71,3,3,5,Developing,2011-02,2011-12-10
15322,2011-09-15,2011-09-15,1,679.68,86,2,1,3,Developing,2011-09,2011-12-10
15325,2011-08-28,2011-08-28,1,162.29,104,2,1,1,Developing,2011-08,2011-12-10
15326,2011-01-10,2011-01-10,1,311.71,334,1,1,2,Developing,2011-01,2011-12-10
15327,2011-10-18,2011-10-18,1,208.75,53,3,1,1,Developing,2011-10,2011-12-10
15329,2011-06-21,2011-10-31,3,1049.7,40,3,3,4,Developing,2011-06,2011-12-10
15330,2011-10-10,2011-11-07,2,714.96,33,4,3,3,Developing,2011-10,2011-12-10
15332,2010-12-05,2010-12-08,4,1661.06,367,1,4,4,At Risk,2010-12,2011-12-10
15333,2011-05-15,2011-05-15,1,1028.56,209,1,1,4,Developing,2011-05,2011-12-10
15334,2011-06-19,2011-07-06,3,351.67,157,2,3,2,At Risk,2011-06,2011-12-10
15335,2011-10-17,2011-10-17,1,173.97,54,3,1,1,Developing,2011-10,2011-12-10
15339,2011-01-25,2011-10-04,2,574.0699999999999,67,3,3,3,Developing,2011-01,2011-12-10
15341,2011-09-20,2011-09-20,1,2020.52,81,2,1,4,Developing,2011-09,2011-12-10
15342,2011-08-02,2011-08-02,1,406.09,130,2,1,2,Developing,2011-08,2011-12-10
15343,2011-09-13,2011-09-13,1,364.5,88,2,1,2,Developing,2011-09,2011-12-10
15344,2011-09-26,2011-12-09,3,563.9399999999999,1,5,3,3,Developing,2011-09,2011-12-10
15345,2011-10-25,2011-10-25,1,393.54,46,3,1,2,Developing,2011-10,2011-12-10
15346,2011-01-11,2011-01-11,1,252.42,333,1,1,2,Developing,2011-01,2011-12-10
15347,2010-12-08,2010-12-08,1,201.6,367,1,1,1,Developing,2010-12,2011-12-10
15348,2011-09-28,2011-09-28,1,158.04,73,2,1,1,Developing,2011-09,2011-12-10
15349,2011-06-05,2011-07-04,2,473.81,159,2,3,2,At Risk,2011-06,2011-12-10
15350,2010-12-01,2010-12-01,1,115.64999999999999,374,1,1,1,Developing,2010-12,2011-12-10
15351,2010-12-05,2011-11-27,7,1960.1100000000001,13,5,5,4,Champions,2010-12,2011-12-10
15353,2010-12-07,2011-03-30,2,777.02,255,1,3,3,At Risk,2010-12,2011-12-10
15355,2011-10-17,2011-11-10,2,277.05,30,4,3,2,Developing,2011-10,2011-12-10
15356,2010-12-06,2011-11-08,10,2766.5,32,4,5,5,Champions,2010-12,2011-12-10
15358,2010-12-09,2011-12-05,22,8347.2,5,5,5,5,Champions,2010-12,2011-12-10
15360,2011-10-31,2011-10-31,1,427.93,40,3,1,2,Developing,2011-10,2011-12-10
15361,2010-12-13,2010-12-13,1,418.92,362,1,1,2,Developing,2010-12,2011-12-10
15363,2010-12-02,2010-12-02,1,326.0,373,1,1,2,Developing,2010-12,2011-12-10
15364,2011-03-30,2011-09-05,2,913.19,96,2,3,3,At Risk,2011-03,2011-12-10
15365,2011-01-28,2011-11-14,7,2314.3199999999997,26,4,5,5,Champions,2011-01,2011-12-10
15366,2010-12-16,2011-09-25,2,602.51,76,2,3,3,At Risk,2010-12,2011-12-10
15367,2011-03-09,2011-10-13,4,1877.5900000000001,58,3,4,4,Loyal,2011-03,2011-12-10
15368,2011-11-18,2011-11-18,1,446.94,22,4,1,2,New / Recent,2011-11,2011-12-10
15370,2011-01-11,2011-10-30,7,2386.05,41,3,5,5,Loyal,2011-01,2011-12-10
15372,2011-07-25,2011-07-25,1,2007.4,138,2,1,4,Developing,2011-07,2011-12-10
15373,2010-12-03,2011-12-01,12,2415.9100000000003,9,5,5,5,Champions,2010-12,2011-12-10
15374,2011-08-03,2011-08-03,1,168.0,129,2,1,1,Developing,2011-08,2011-12-10
15376,2011-05-01,2011-10-30,3,1233.36,41,3,3,4,Developing,2011-05,2011-12-10
15379,2010-12-16,2011-06-23,7,3703.29,170,2,5,5,At Risk,2010-12,2011-12-10
15380,2010-12-09,2011-12-01,5,1690.26,9,5,4,4,Champions,2010-12,2011-12-10
15381,2011-03-16,2011-05-10,2,596.85,214,1,3,3,At Risk,2011-03,2011-12-10
15382,2011-02-17,2011-11-25,6,5955.71,15,4,5,5,Champions,2011-02,2011-12-10
15384,2010-12-15,2011-06-23,2,642.41,170,2,3,3,At Risk,2010-12,2011-12-10
15385,2011-10-30,2011-10-30,1,316.88,41,3,1,2,Developing,2011-10,2011-12-10
15386,2011-06-06,2011-06-06,1,394.14,187,1,1,2,Developing,2011-06,2011-12-10
15388,2011-03-14,2011-03-14,1,140.54,271,1,1,1,Developing,2011-03,2011-12-10
15389,2011-06-20,2011-06-20,1,500.0,173,2,1,3,Developing,2011-06,2011-12-10
15392,2010-12-14,2011-12-05,4,1535.53,5,5,4,4,Champions,2010-12,2011-12-10
15393,2011-03-03,2011-11-23,2,231.86,17,4,3,1,Developing,2011-03,2011-12-10
15394,2010-12-16,2011-11-30,4,2183.54,10,5,4,5,Champions,2010-12,2011-12-10
15395,2011-01-18,2011-01-18,1,107.45,326,1,1,1,Developing,2011-01,2011-12-10
15396,2011-08-19,2011-08-19,1,288.18,113,2,1,2,Developing,2011-08,2011-12-10
15397,2011-02-23,2011-02-23,1,94.0,290,1,1,1,Developing,2011-02,2011-12-10
15398,2011-09-22,2011-11-23,2,1345.53,17,4,3,4,Developing,2011-09,2011-12-10
15399,2011-09-21,2011-12-08,3,815.77,2,5,3,3,Developing,2011-09,2011-12-10
15400,2011-03-06,2011-09-08,5,716.2,93,2,4,3,At Risk,2011-03,2011-12-10
15402,2011-05-27,2011-07-14,2,626.77,149,2,3,3,At Risk,2011-05,2011-12-10
15405,2011-06-03,2011-06-03,1,349.1,190,1,1,2,Developing,2011-06,2011-12-10
15406,2011-02-11,2011-11-08,2,510.71000000000004,32,4,3,3,Developing,2011-02,2011-12-10
15407,2011-02-07,2011-11-06,4,1056.44,34,3,4,4,Loyal,2011-02,2011-12-10
15408,2011-03-20,2011-03-20,1,267.18,265,1,1,2,Developing,2011-03,2011-12-10
15410,2011-03-23,2011-09-16,8,3450.84,85,2,5,5,At Risk,2011-03,2011-12-10
15411,2011-06-10,2011-11-13,4,1358.88,27,4,4,4,Champions,2011-06,2011-12-10
15412,2011-06-21,2011-06-21,1,190.53,172,2,1,1,Developing,2011-06,2011-12-10
15414,2011-04-11,2011-11-30,3,774.9,10,5,3,3,Developing,2011-04,2011-12-10
15415,2011-01-30,2011-01-30,1,572.81,314,1,1,3,Developing,2011-01,2011-12-10
15416,2011-03-02,2011-10-06,4,3984.32,65,3,4,5,Loyal,2011-03,2011-12-10
15417,2011-09-15,2011-09-15,1,508.8,86,2,1,3,Developing,2011-09,2011-12-10
15419,2011-11-15,2011-11-15,1,135.86,25,4,1,1,New / Recent,2011-11,2011-12-10
15421,2011-02-02,2011-10-12,4,950.36,59,3,4,4,Loyal,2011-02,2011-12-10
15422,2011-01-20,2011-01-20,2,97.7,324,1,3,1,At Risk,2011-01,2011-12-10
15423,2011-11-01,2011-11-01,1,43.5,39,3,1,1,Developing,2011-11,2011-12-10
15424,2011-03-30,2011-03-30,2,383.34000000000003,255,1,3,2,At Risk,2011-03,2011-12-10
15426,2010-12-05,2011-11-20,5,1447.3899999999999,20,4,4,4,Champions,2010-12,2011-12-10
15427,2011-10-23,2011-11-06,3,1483.14,34,3,3,4,Developing,2011-10,2011-12-10
15428,2011-11-24,2011-11-24,1,93.78,16,4,1,1,New / Recent,2011-11,2011-12-10
15429,2011-09-25,2011-11-13,2,397.35,27,4,3,2,Developing,2011-09,2011-12-10
15432,2011-11-16,2011-11-16,1,171.19,24,4,1,1,New / Recent,2011-11,2011-12-10
15433,2011-03-17,2011-05-10,2,533.3,214,1,3,3,At Risk,2011-03,2011-12-10
15434,2011-05-23,2011-12-01,5,1041.48,9,5,4,4,Champions,2011-05,2011-12-10
15435,2011-11-17,2011-11-17,1,149.29,23,4,1,1,New / Recent,2011-11,2011-12-10
15436,2011-04-19,2011-11-27,3,1122.53,13,5,3,4,Developing,2011-04,2011-12-10
15437,2011-03-22,2011-03-22,1,200.16,263,1,1,1,Developing,2011-03,2011-12-10
15438,2011-07-31,2011-07-31,1,156.57999999999998,132,2,1,1,Developing,2011-07,2011-12-10
15440,2011-05-15,2011-10-16,3,383.68,55,3,3,2,Developing,2011-05,2011-12-10
15442,2011-04-05,2011-04-05,1,594.0,249,1,1,3,Developing,2011-04,2011-12-10
15443,2011-01-23,2011-12-08,7,3236.91,2,5,5,5,Champions,2011-01,2011-12-10
15444,2011-10-30,2011-11-30,2,1418.2599999999998,10,5,3,4,Developing,2011-10,2011-12-10
15445,2011-03-20,2011-03-20,1,113.5,265,1,1,1,Developing,2011-03,2011-12-10
15447,2011-01-13,2011-01-13,1,155.17,331,1,1,1,Developing,2011-01,2011-12-10
15448,2011-01-31,2011-01-31,1,494.64,313,1,1,3,Developing,2011-01,2011-12-10
15449,2011-03-23,2011-11-13,3,974.52,27,4,3,4,Developing,2011-03,2011-12-10
15450,2011-11-09,2011-11-09,1,429.84,31,4,1,2,New / Recent,2011-11,2011-12-10
15452,2011-03-20,2011-11-10,3,538.73,30,4,3,3,Developing,2011-03,2011-12-10
15453,2011-06-05,2011-12-08,7,1388.37,2,5,5,4,Champions,2011-06,2011-12-10
15454,2010-12-12,2010-12-12,1,179.1,363,1,1,1,Developing,2010-12,2011-12-10
15456,2010-12-15,2011-03-01,3,447.21999999999997,284,1,3,2,At Risk,2010-12,2011-12-10
15457,2011-03-22,2011-03-22,1,237.07,263,1,1,1,Developing,2011-03,2011-12-10
15458,2011-11-14,2011-11-14,1,161.64,26,4,1,1,New / Recent,2011-11,2011-12-10
15460,2010-12-20,2010-12-20,1,216.76,355,1,1,1,Developing,2010-12,2011-12-10
15462,2011-06-05,2011-09-06,3,234.6,95,2,3,1,At Risk,2011-06,2011-12-10
15463,2011-11-10,2011-11-10,1,126.14,30,4,1,1,New / Recent,2011-11,2011-12-10
15464,2011-01-05,2011-01-05,1,1048.85,339,1,1,4,Developing,2011-01,2011-12-10
15465,2010-12-05,2011-11-20,18,7354.62,20,4,5,5,Champions,2010-12,2011-12-10
15466,2011-09-15,2011-09-15,1,334.53,86,2,1,2,Developing,2011-09,2011-12-10
15467,2011-07-10,2011-11-30,3,524.88,10,5,3,3,Developing,2011-07,2011-12-10
15468,2011-10-19,2011-10-19,2,467.51,52,3,3,2,Developing,2011-10,2011-12-10
15469,2011-08-11,2011-10-20,2,538.55,51,3,3,3,Developing,2011-08,2011-12-10
15471,2011-12-07,2011-12-07,1,469.48,3,5,1,2,New / Recent,2011-12,2011-12-10
15472,2011-08-18,2011-08-18,1,371.56,114,2,1,2,Developing,2011-08,2011-12-10
15473,2011-10-10,2011-11-25,7,1771.2,15,4,5,4,Champions,2011-10,2011-12-10
15475,2011-09-23,2011-09-23,1,454.11,78,2,1,2,Developing,2011-09,2011-12-10
15478,2011-10-14,2011-10-30,2,1441.42,41,3,3,4,Developing,2011-10,2011-12-10
15480,2011-08-15,2011-08-15,1,905.5,117,2,1,3,Developing,2011-08,2011-12-10
15482,2010-12-16,2011-11-24,12,11054.96,16,4,5,5,Champions,2010-12,2011-12-10
15483,2011-03-18,2011-07-01,4,233.81,162,2,4,1,At Risk,2011-03,2011-12-10
15484,2011-09-22,2011-12-08,4,3594.31,2,5,4,5,Champions,2011-09,2011-12-10
15485,2010-12-01,2011-11-09,3,2575.0,31,4,3,5,Developing,2010-12,2011-12-10
15488,2011-09-08,2011-09-08,1,91.32,93,2,1,1,Developing,2011-09,2011-12-10
15489,2011-05-12,2011-11-17,3,1134.28,23,4,3,4,Developing,2011-05,2011-12-10
15491,2011-04-18,2011-09-05,6,3100.09,96,2,5,5,At Risk,2011-04,2011-12-10
15492,2011-09-26,2011-11-11,2,659.46,29,4,3,3,Developing,2011-09,2011-12-10
15493,2011-03-14,2011-11-07,5,2001.8,33,4,4,4,Champions,2011-03,2011-12-10
15494,2011-08-10,2011-11-18,2,1299.23,22,4,3,4,Developing,2011-08,2011-12-10
15497,2011-01-24,2011-11-22,2,1262.2,18,4,3,4,Developing,2011-01,2011-12-10
15498,2010-12-08,2011-12-07,27,13316.4,3,5,5,5,Champions,2010-12,2011-12-10
15500,2011-09-19,2011-12-01,4,1131.56,9,5,4,4,Champions,2011-09,2011-12-10
15502,2010-12-05,2011-11-24,12,10384.93,16,4,5,5,Champions,2010-12,2011-12-10
15503,2010-12-12,2010-12-12,1,147.09,363,1,1,1,Developing,2010-12,2011-12-10
15504,2011-09-19,2011-09-19,1,52.83,82,2,1,1,Developing,2011-09,2011-12-10
15505,2011-07-07,2011-10-18,5,3610.96,53,3,4,5,Loyal,2011-07,2011-12-10
15506,2011-07-24,2011-11-17,3,979.26,23,4,3,4,Developing,2011-07,2011-12-10
15507,2011-06-21,2011-06-21,1,492.36,172,2,1,3,Developing,2011-06,2011-12-10
15508,2011-04-18,2011-06-03,6,1000.27,190,1,5,4,At Risk,2011-04,2011-12-10
15510,2011-01-13,2011-01-13,1,250.0,331,1,1,1,Developing,2011-01,2011-12-10
15511,2011-09-15,2011-11-28,5,909.23,12,5,4,3,Loyal,2011-09,2011-12-10
15512,2010-12-15,2011-07-07,2,121.0,156,2,3,1,At Risk,2010-12,2011-12-10
15513,2010-12-01,2011-11-06,19,14758.22,34,3,5,5,Loyal,2010-12,2011-12-10
15514,2010-12-10,2011-11-27,11,4139.46,13,5,5,5,Champions,2010-12,2011-12-10
15516,2011-10-24,2011-10-26,3,62.43,45,3,3,1,Developing,2011-10,2011-12-10
15517,2011-04-20,2011-04-20,1,267.03,234,1,1,2,Developing,2011-04,2011-12-10
15518,2011-01-11,2011-10-06,8,1942.45,65,3,5,4,Loyal,2011-01,2011-12-10
15520,2011-12-08,2011-12-08,1,343.5,2,5,1,2,New / Recent,2011-12,2011-12-10
15521,2011-03-30,2011-10-30,8,3000.2,41,3,5,5,Loyal,2011-03,2011-12-10
15522,2011-09-13,2011-11-07,2,398.84,33,4,3,2,Developing,2011-09,2011-12-10
15523,2011-09-16,2011-09-16,1,412.01,85,2,1,2,Developing,2011-09,2011-12-10
15524,2011-11-15,2011-11-15,1,440.0,25,4,1,2,New / Recent,2011-11,2011-12-10
15525,2010-12-01,2011-12-07,3,825.9200000000001,3,5,3,3,Developing,2010-12,2011-12-10
15526,2011-11-06,2011-11-06,2,148.44,34,3,3,1,Developing,2011-11,2011-12-10
15527,2010-12-20,2011-11-21,8,2429.78,19,4,5,5,Champions,2010-12,2011-12-10
15528,2011-03-30,2011-03-30,1,229.33,255,1,1,1,Developing,2011-03,2011-12-10
15529,2010-12-08,2011-11-17,11,3995.23,23,4,5,5,Champions,2010-12,2011-12-10
15530,2011-04-07,2011-11-18,4,1502.35,22,4,4,4,Champions,2011-04,2011-12-10
15531,2011-11-09,2011-12-01,2,2007.44,9,5,3,4,Developing,2011-11,2011-12-10
15532,2010-12-16,2011-11-14,4,1580.93,26,4,4,4,Champions,2010-12,2011-12-10
15533,2011-09-11,2011-11-20,3,807.5699999999999,20,4,3,3,Developing,2011-09,2011-12-10
15535,2011-01-16,2011-06-19,4,536.4000000000001,174,2,4,3,At Risk,2011-01,2011-12-10
15537,2011-06-29,2011-06-29,1,110.92,164,2,1,1,Developing,2011-06,2011-12-10
15539,2011-12-02,2011-12-02,1,538.46,8,5,1,3,New / Recent,2011-12,2011-12-10
15540,2011-11-28,2011-11-28,1,213.3,12,5,1,1,New / Recent,2011-11,2011-12-10
15541,2011-08-17,2011-08-17,1,85.13,115,2,1,1,Developing,2011-08,2011-12-10
15543,2011-02-24,2011-02-24,1,127.86,289,1,1,1,Developing,2011-02,2011-12-10
15544,2010-12-02,2011-11-30,9,3546.71,10,5,5,5,Champions,2010-12,2011-12-10
15545,2010-12-03,2011-10-16,2,292.72,55,3,3,2,Developing,2010-12,2011-12-10
15547,2010-12-12,2011-12-02,14,4954.84,8,5,5,5,Champions,2010-12,2011-12-10
15549,2011-01-27,2011-09-23,3,1693.26,78,2,3,4,At Risk,2011-01,2011-12-10
15550,2011-02-11,2011-12-05,4,575.63,5,5,4,3,Loyal,2011-02,2011-12-10
15551,2011-11-03,2011-11-03,1,436.06,37,3,1,2,Developing,2011-11,2011-12-10
15552,2011-05-06,2011-05-06,1,90.12,218,1,1,1,Developing,2011-05,2011-12-10
15553,2011-10-10,2011-10-10,1,437.23,61,3,1,2,Developing,2011-10,2011-12-10
15554,2011-03-07,2011-03-07,1,217.2,278,1,1,1,Developing,2011-03,2011-12-10
15555,2010-12-05,2011-11-27,16,4805.17,13,5,5,5,Champions,2010-12,2011-12-10
15556,2011-11-15,2011-11-15,1,279.77,25,4,1,2,New / Recent,2011-11,2011-12-10
15557,2011-11-11,2011-11-11,1,473.65,29,4,1,2,New / Recent,2011-11,2011-12-10
15561,2011-05-08,2011-11-28,4,800.59,12,5,4,3,Loyal,2011-05,2011-12-10
15562,2010-12-23,2010-12-23,1,134.55,352,1,1,1,Developing,2010-12,2011-12-10
15563,2010-12-16,2011-11-17,4,1400.44,23,4,4,4,Champions,2010-12,2011-12-10
15565,2011-09-30,2011-10-20,2,173.16,51,3,3,1,Developing,2011-09,2011-12-10
15567,2011-11-21,2011-11-21,1,186.01,19,4,1,1,New / Recent,2011-11,2011-12-10
15568,2011-09-27,2011-12-07,3,758.29,3,5,3,3,Developing,2011-09,2011-12-10
15569,2011-01-11,2011-08-28,5,1375.71,104,2,4,4,At Risk,2011-01,2011-12-10
15570,2010-12-05,2011-12-02,12,4165.5199999999995,8,5,5,5,Champions,2010-12,2011-12-10
15571,2011-09-22,2011-11-28,4,650.4300000000001,12,5,4,3,Loyal,2011-09,2011-12-10
15572,2011-03-06,2011-12-05,7,2552.86,5,5,5,5,Champions,2011-03,2011-12-10
15573,2011-09-15,2011-11-08,2,607.45,32,4,3,3,Developing,2011-09,2011-12-10
15574,2010-12-02,2011-06-15,4,702.25,178,2,4,3,At Risk,2010-12,2011-12-10
15576,2011-11-02,2011-11-02,1,940.67,38,3,1,3,Developing,2011-11,2011-12-10
15577,2011-02-07,2011-07-11,3,258.88,152,2,3,2,At Risk,2011-02,2011-12-10
15578,2011-06-30,2011-06-30,1,127.1,163,2,1,1,Developing,2011-06,2011-12-10
15579,2011-01-30,2011-10-02,2,348.6,69,3,3,2,Developing,2011-01,2011-12-10
15581,2010-12-08,2011-08-11,13,3679.9700000000003,121,2,5,5,At Risk,2010-12,2011-12-10
15582,2011-05-03,2011-11-15,3,682.91,25,4,3,3,Developing,2011-05,2011-12-10
15584,2011-06-30,2011-11-16,4,725.11,24,4,4,3,Loyal,2011-06,2011-12-10
15585,2011-06-16,2011-06-16,1,455.3,177,2,1,2,Developing,2011-06,2011-12-10
15587,2010-12-23,2011-10-20,4,913.6800000000001,51,3,4,3,Loyal,2010-12,2011-12-10
15589,2011-02-02,2011-03-29,3,478.53,256,1,3,2,At Risk,2011-02,2011-12-10
15592,2011-10-24,2011-10-24,1,388.58,47,3,1,2,Developing,2011-10,2011-12-10
15593,2011-09-30,2011-09-30,1,199.8,71,3,1,1,Developing,2011-09,2011-12-10
15594,2011-04-19,2011-11-24,5,1771.7800000000002,16,4,4,4,Champions,2011-04,2011-12-10
15596,2010-12-09,2011-08-31,5,1406.59,101,2,4,4,At Risk,2010-12,2011-12-10
15597,2011-11-04,2011-11-04,1,324.57,36,3,1,2,Developing,2011-11,2011-12-10
15598,2011-10-17,2011-10-17,1,240.68,54,3,1,1,Developing,2011-10,2011-12-10
15599,2011-05-19,2011-11-13,2,761.74,27,4,3,3,Developing,2011-05,2011-12-10
15601,2010-12-02,2011-11-28,14,6776.56,12,5,5,5,Champions,2010-12,2011-12-10
15602,2010-12-06,2011-12-01,9,1297.87,9,5,5,4,Champions,2010-12,2011-12-10
15603,2011-09-22,2011-09-22,1,48.480000000000004,79,2,1,1,Developing,2011-09,2011-12-10
15604,2011-10-18,2011-10-18,1,216.39,53,3,1,1,Developing,2011-10,2011-12-10
15605,2010-12-01,2011-11-03,5,1198.23,37,3,4,4,Loyal,2010-12,2011-12-10
15606,2011-01-19,2011-10-09,9,2920.16,62,3,5,5,Loyal,2011-01,2011-12-10
15607,2011-01-07,2011-01-07,1,104.75999999999999,337,1,1,1,Developing,2011-01,2011-12-10
15608,2011-08-11,2011-11-11,4,1093.68,29,4,4,4,Champions,2011-08,2011-12-10
15609,2011-06-08,2011-06-08,1,298.48,185,1,1,2,Developing,2011-06,2011-12-10
15610,2011-10-19,2011-10-19,1,112.46000000000001,52,3,1,1,Developing,2011-10,2011-12-10
15611,2011-01-09,2011-11-30,13,1591.45,10,5,5,4,Champions,2011-01,2011-12-10
15612,2011-10-09,2011-11-03,2,195.15,37,3,3,1,Developing,2011-10,2011-12-10
15615,2010-12-15,2011-11-29,23,10399.74,11,5,5,5,Champions,2010-12,2011-12-10
15618,2011-07-26,2011-11-07,4,776.85,33,4,4,3,Loyal,2011-07,2011-12-10
15619,2011-11-29,2011-11-29,1,336.4,11,5,1,2,New / Recent,2011-11,2011-12-10
15620,2010-12-16,2011-10-14,3,1553.1799999999998,57,3,3,4,Developing,2010-12,2011-12-10
15621,2011-11-18,2011-12-05,4,1293.03,5,5,4,4,Champions,2011-11,2011-12-10
15622,2011-03-02,2011-10-27,9,3709.56,44,3,5,5,Loyal,2011-03,2011-12-10
15623,2011-07-21,2011-07-21,1,301.03000000000003,142,2,1,2,Developing,2011-07,2011-12-10
15624,2011-03-28,2011-08-15,4,588.13,117,2,4,3,At Risk,2011-03,2011-12-10
15625,2011-04-18,2011-08-28,4,1534.26,104,2,4,4,At Risk,2011-04,2011-12-10
15626,2011-01-14,2011-09-26,2,675.8,75,2,3,3,At Risk,2011-01,2011-12-10
15628,2010-12-08,2011-12-05,9,2870.24,5,5,5,5,Champions,2010-12,2011-12-10
15630,2011-05-19,2011-10-25,2,1186.35,46,3,3,4,Developing,2011-05,2011-12-10
15632,2011-03-10,2011-11-24,8,3285.31,16,4,5,5,Champions,2011-03,2011-12-10
15634,2011-11-22,2011-11-22,1,243.55,18,4,1,1,New / Recent,2011-11,2011-12-10
15636,2011-03-02,2011-09-11,2,724.76,90,2,3,3,At Risk,2011-03,2011-12-10
15637,2011-10-18,2011-10-18,1,223.36,53,3,1,1,Developing,2011-10,2011-12-10
15639,2011-07-28,2011-07-28,1,425.32,135,2,1,2,Developing,2011-07,2011-12-10
15640,2010-12-02,2011-12-05,15,12515.66,5,5,5,5,Champions,2010-12,2011-12-10
15641,2010-12-15,2011-08-26,4,1887.2000000000003,106,2,4,4,At Risk,2010-12,2011-12-10
15643,2011-03-02,2011-06-01,3,664.0,192,1,3,3,At Risk,2011-03,2011-12-10
15644,2011-03-23,2011-06-26,4,813.0,167,2,4,3,At Risk,2011-03,2011-12-10
15645,2011-11-21,2011-11-21,1,612.01,19,4,1,3,New / Recent,2011-11,2011-12-10
15646,2010-12-02,2011-07-05,3,447.64,158,2,3,2,At Risk,2010-12,2011-12-10
15648,2011-03-17,2011-05-19,2,657.35,205,1,3,3,At Risk,2011-03,2011-12-10
15649,2010-12-07,2011-01-07,2,816.0,337,1,3,3,At Risk,2010-12,2011-12-10
15651,2011-03-24,2011-11-03,3,646.3,37,3,3,3,Developing,2011-03,2011-12-10
15652,2011-09-09,2011-09-09,1,337.74,92,2,1,2,Developing,2011-09,2011-12-10
15653,2011-08-16,2011-09-08,2,877.44,93,2,3,3,At Risk,2011-08,2011-12-10
15654,2011-11-13,2011-11-30,2,922.53,10,5,3,3,Developing,2011-11,2011-12-10
15655,2011-04-10,2011-04-10,1,560.67,244,1,1,3,Developing,2011-04,2011-12-10
15656,2011-02-28,2011-10-25,4,748.5,46,3,4,3,Loyal,2011-02,2011-12-10
15657,2011-11-17,2011-11-17,1,30.0,23,4,1,1,New / Recent,2011-11,2011-12-10
15658,2010-12-02,2011-06-02,5,1024.1,191,1,4,4,At Risk,2010-12,2011-12-10
15659,2011-10-27,2011-10-27,1,306.45,44,3,1,2,Developing,2011-10,2011-12-10
15660,2010-12-09,2011-11-14,9,1600.8600000000001,26,4,5,4,Champions,2010-12,2011-12-10
15661,2011-01-05,2011-01-26,2,309.79999999999995,318,1,3,2,At Risk,2011-01,2011-12-10
15663,2011-08-25,2011-08-25,1,138.14,107,2,1,1,Developing,2011-08,2011-12-10
15664,2011-10-20,2011-10-20,1,386.43,51,3,1,2,Developing,2011-10,2011-12-10
15665,2011-04-10,2011-06-24,2,2242.01,169,2,3,5,At Risk,2011-04,2011-12-10
15667,2011-10-31,2011-10-31,1,301.32,40,3,1,2,Developing,2011-10,2011-12-10
15668,2011-05-06,2011-05-06,1,76.32,218,1,1,1,Developing,2011-05,2011-12-10
15669,2011-03-21,2011-10-30,4,684.34,41,3,4,3,Loyal,2011-03,2011-12-10
15670,2011-02-16,2011-02-16,1,173.05,297,1,1,1,Developing,2011-02,2011-12-10
15671,2011-03-14,2011-11-21,7,2657.13,19,4,5,5,Champions,2011-03,2011-12-10
15673,2011-01-16,2011-09-12,4,2881.02,89,2,4,5,At Risk,2011-01,2011-12-10
15674,2011-03-30,2011-09-27,5,2446.6,74,2,4,5,At Risk,2011-03,2011-12-10
15675,2011-03-04,2011-09-19,3,323.69,82,2,3,2,At Risk,2011-03,2011-12-10
15676,2011-03-01,2011-11-21,3,3435.76,19,4,3,5,Developing,2011-03,2011-12-10
15677,2011-10-21,2011-10-21,1,657.23,50,3,1,3,Developing,2011-10,2011-12-10
15678,2011-10-18,2011-10-18,1,352.7,53,3,1,2,Developing,2011-10,2011-12-10
15679,2011-06-10,2011-11-15,4,781.28,25,4,4,3,Loyal,2011-06,2011-12-10
15680,2010-12-08,2011-11-30,3,1333.68,10,5,3,4,Developing,2010-12,2011-12-10
15681,2011-03-04,2011-11-14,5,1426.1599999999999,26,4,4,4,Champions,2011-03,2011-12-10
15683,2011-08-14,2011-08-14,1,193.75,118,2,1,1,Developing,2011-08,2011-12-10
15687,2011-01-13,2011-12-01,9,2993.1,9,5,5,5,Champions,2011-01,2011-12-10
15689,2010-12-13,2011-08-12,2,254.1,120,2,3,2,At Risk,2010-12,2011-12-10
15690,2011-08-31,2011-12-05,2,239.76,5,5,3,1,Developing,2011-08,2011-12-10
15691,2011-04-01,2011-04-01,1,136.8,253,1,1,1,Developing,2011-04,2011-12-10
15692,2011-11-11,2011-11-11,1,191.04,29,4,1,1,New / Recent,2011-11,2011-12-10
15694,2010-12-02,2011-12-09,14,6479.4,1,5,5,5,Champions,2010-12,2011-12-10
15695,2011-03-18,2011-03-18,2,409.98,267,1,3,2,At Risk,2011-03,2011-12-10
15696,2011-01-17,2011-11-06,8,2736.46,34,3,5,5,Loyal,2011-01,2011-12-10
15699,2011-11-22,2011-11-22,1,309.65,18,4,1,2,New / Recent,2011-11,2011-12-10
15700,2011-06-19,2011-06-20,2,696.68,173,2,3,3,At Risk,2011-06,2011-12-10
15701,2011-08-21,2011-12-07,4,1542.1399999999999,3,5,4,4,Champions,2011-08,2011-12-10
15703,2011-03-20,2011-03-20,1,211.5,265,1,1,1,Developing,2011-03,2011-12-10
15704,2011-05-08,2011-07-22,4,2293.62,141,2,4,5,At Risk,2011-05,2011-12-10
15705,2011-05-22,2011-05-22,1,143.1,202,1,1,1,Developing,2011-05,2011-12-10
15706,2011-08-15,2011-10-07,4,1060.56,64,3,4,4,Loyal,2011-08,2011-12-10
15707,2011-09-14,2011-11-04,4,945.5799999999999,36,3,4,4,Loyal,2011-09,2011-12-10
15708,2010-12-05,2011-10-30,7,3364.24,41,3,5,5,Loyal,2010-12,2011-12-10
15709,2011-03-01,2011-03-01,1,133.25,284,1,1,1,Developing,2011-03,2011-12-10
15712,2011-02-25,2011-11-30,5,1072.3600000000001,10,5,4,4,Champions,2011-02,2011-12-10
15713,2010-12-08,2011-07-19,2,356.70000000000005,144,2,3,2,At Risk,2010-12,2011-12-10
15714,2011-09-23,2011-11-28,2,330.88,12,5,3,2,Developing,2011-09,2011-12-10
15716,2010-12-05,2011-07-17,4,1118.81,146,2,4,4,At Risk,2010-12,2011-12-10
15717,2011-04-19,2011-04-19,1,150.3,235,1,1,1,Developing,2011-04,2011-12-10
15719,2011-01-06,2011-11-07,13,5045.610000000001,33,4,5,5,Champions,2011-01,2011-12-10
15720,2011-11-15,2011-11-15,1,598.73,25,4,1,3,New / Recent,2011-11,2011-12-10
15721,2011-11-28,2011-11-28,1,507.08,12,5,1,3,New / Recent,2011-11,2011-12-10
15722,2011-02-22,2011-11-04,5,2222.56,36,3,4,5,Loyal,2011-02,2011-12-10
15723,2010-12-10,2010-12-10,1,203.1,365,1,1,1,Developing,2010-12,2011-12-10
15724,2011-02-28,2011-05-22,2,218.25,202,1,3,1,At Risk,2011-02,2011-12-10
15725,2011-11-24,2011-11-24,1,415.25,16,4,1,2,New / Recent,2011-11,2011-12-10
15727,2010-12-15,2011-11-23,7,5178.96,17,4,5,5,Champions,2010-12,2011-12-10
15729,2011-05-11,2011-05-11,1,85.0,213,1,1,1,Developing,2011-05,2011-12-10
15730,2011-05-17,2011-10-05,3,1120.88,66,3,3,4,Developing,2011-05,2011-12-10
15732,2010-12-02,2011-05-11,2,294.12,213,1,3,2,At Risk,2010-12,2011-12-10
15733,2011-03-02,2011-03-02,1,162.3,283,1,1,1,Developing,2011-03,2011-12-10
15734,2011-05-23,2011-08-17,2,1339.4499999999998,115,2,3,4,At Risk,2011-05,2011-12-10
15737,2011-04-11,2011-11-25,8,1205.12,15,4,5,4,Champions,2011-04,2011-12-10
15738,2010-12-02,2011-11-21,16,4812.42,19,4,5,5,Champions,2010-12,2011-12-10
15739,2011-10-04,2011-10-04,1,449.12,67,3,1,2,Developing,2011-10,2011-12-10
15740,2011-10-21,2011-10-21,1,154.88,50,3,1,1,Developing,2011-10,2011-12-10
15743,2011-06-08,2011-11-23,4,784.46,17,4,4,3,Loyal,2011-06,2011-12-10
15744,2011-09-23,2011-09-23,1,34.8,78,2,1,1,Developing,2011-09,2011-12-10
15745,2011-04-17,2011-11-20,4,1094.5900000000001,20,4,4,4,Champions,2011-04,2011-12-10
15746,2011-07-28,2011-07-28,1,196.88,135,2,1,1,Developing,2011-07,2011-12-10
15747,2011-06-20,2011-11-27,3,974.04,13,5,3,4,Developing,2011-06,2011-12-10
15748,2011-10-30,2011-10-30,1,149.31,41,3,1,1,Developing,2011-10,2011-12-10
15749,2011-01-11,2011-04-18,3,44534.3,236,1,3,5,At Risk,2011-01,2011-12-10
15750,2010-12-08,2011-12-07,8,2465.48,3,5,5,5,Champions,2010-12,2011-12-10
15752,2010-12-02,2011-10-31,7,2637.38,40,3,5,5,Loyal,2010-12,2011-12-10
15753,2011-02-08,2011-02-08,1,79.2,305,1,1,1,Developing,2011-02,2011-12-10
15754,2011-04-07,2011-10-19,3,458.57000000000005,52,3,3,2,Developing,2011-04,2011-12-10
15755,2011-02-18,2011-11-29,6,2364.25,11,5,5,5,Champions,2011-02,2011-12-10
15756,2011-04-04,2011-10-09,4,532.96,62,3,4,3,Loyal,2011-04,2011-12-10
15757,2011-05-06,2011-10-05,2,714.4200000000001,66,3,3,3,Developing,2011-05,2011-12-10
15758,2011-11-15,2011-11-15,1,205.25,25,4,1,1,New / Recent,2011-11,2011-12-10
15759,2010-12-16,2011-05-05,3,253.04,219,1,3,2,At Risk,2010-12,2011-12-10
15762,2011-09-23,2011-10-05,2,583.75,66,3,3,3,Developing,2011-09,2011-12-10
15763,2011-09-23,2011-11-08,2,1086.92,32,4,3,4,Developing,2011-09,2011-12-10
15764,2011-03-08,2011-09-12,6,3279.9700000000003,89,2,5,5,At Risk,2011-03,2011-12-10
15766,2011-10-06,2011-10-06,1,315.06,65,3,1,2,Developing,2011-10,2011-12-10
15768,2011-04-28,2011-08-16,3,621.8299999999999,116,2,3,3,At Risk,2011-04,2011-12-10
15769,2010-12-03,2011-12-02,26,56252.72,8,5,5,5,Champions,2010-12,2011-12-10
15773,2011-12-04,2011-12-04,1,635.6800000000001,6,5,1,3,New / Recent,2011-12,2011-12-10
15774,2011-10-02,2011-10-02,1,270.8,69,3,1,2,Developing,2011-10,2011-12-10
15775,2011-04-08,2011-04-08,1,104.9,246,1,1,1,Developing,2011-04,2011-12-10
15776,2011-07-29,2011-07-29,1,241.62,134,2,1,1,Developing,2011-07,2011-12-10
15777,2010-12-13,2011-04-12,4,1047.1100000000001,242,1,4,4,At Risk,2010-12,2011-12-10
15780,2010-12-17,2011-06-09,3,475.28000000000003,184,1,3,2,At Risk,2010-12,2011-12-10
15781,2011-02-07,2011-11-14,3,345.46,26,4,3,2,Developing,2011-02,2011-12-10
15782,2011-09-11,2011-11-30,3,2614.74,10,5,3,5,Developing,2011-09,2011-12-10
15783,2011-11-29,2011-11-29,1,246.3,11,5,1,1,New / Recent,2011-11,2011-12-10
15785,2011-02-17,2011-11-07,5,2328.9700000000003,33,4,4,5,Champions,2011-02,2011-12-10
15786,2011-08-17,2011-10-24,3,4932.2,47,3,3,5,Developing,2011-08,2011-12-10
15787,2011-10-09,2011-11-13,3,948.0500000000001,27,4,3,4,Developing,2011-10,2011-12-10
15789,2010-12-16,2010-12-16,1,351.3,359,1,1,2,Developing,2010-12,2011-12-10
15790,2011-11-29,2011-11-29,1,220.85,11,5,1,1,New / Recent,2011-11,2011-12-10
15791,2011-05-19,2011-10-27,2,1612.69,44,3,3,4,Developing,2011-05,2011-12-10
15793,2011-03-16,2011-11-25,3,965.61,15,4,3,4,Developing,2011-03,2011-12-10
15795,2011-07-13,2011-07-13,1,610.01,150,2,1,3,Developing,2011-07,2011-12-10
15796,2011-02-10,2011-12-08,8,2711.56,2,5,5,5,Champions,2011-02,2011-12-10
15797,2011-01-24,2011-08-18,4,2207.4,114,2,4,5,At Risk,2011-01,2011-12-10
15799,2011-01-09,2011-09-25,3,884.14,76,2,3,3,At Risk,2011-01,2011-12-10
15800,2011-04-07,2011-08-24,2,699.0799999999999,108,2,3,3,At Risk,2011-04,2011-12-10
15801,2011-08-22,2011-10-24,3,1063.95,47,3,3,4,Developing,2011-08,2011-12-10
15802,2011-07-20,2011-07-20,1,451.42,143,2,1,2,Developing,2011-07,2011-12-10
15803,2011-10-19,2011-10-19,1,415.82,52,3,1,2,Developing,2011-10,2011-12-10
15804,2011-05-25,2011-12-09,13,4206.39,1,5,5,5,Champions,2011-05,2011-12-10
15805,2010-12-10,2011-11-16,17,5528.48,24,4,5,5,Champions,2010-12,2011-12-10
15806,2011-03-08,2011-10-24,3,784.58,47,3,3,3,Developing,2011-03,2011-12-10
15807,2011-09-23,2011-10-20,3,903.9000000000001,51,3,3,3,Developing,2011-09,2011-12-10
15808,2010-12-05,2011-02-06,4,3734.9700000000003,307,1,4,5,At Risk,2010-12,2011-12-10
15809,2011-02-10,2011-11-03,5,515.77,37,3,4,3,Loyal,2011-02,2011-12-10
15810,2011-02-16,2011-09-22,4,1391.98,79,2,4,4,At Risk,2011-02,2011-12-10
15811,2010-12-09,2011-11-17,6,2218.62,23,4,5,5,Champions,2010-12,2011-12-10
15812,2011-01-26,2011-08-24,5,1801.14,108,2,4,4,At Risk,2011-01,2011-12-10
15813,2011-04-14,2011-05-16,2,1303.9099999999999,208,1,3,4,At Risk,2011-04,2011-12-10
15814,2011-10-20,2011-11-23,4,1945.33,17,4,4,4,Champions,2011-10,2011-12-10
15815,2011-03-25,2011-10-07,5,2100.6,64,3,4,5,Loyal,2011-03,2011-12-10
15819,2011-03-08,2011-10-21,4,1905.45,50,3,4,4,Loyal,2011-03,2011-12-10
15820,2011-01-24,2011-01-24,1,206.98,320,1,1,1,Developing,2011-01,2011-12-10
15821,2011-10-09,2011-10-26,2,570.96,45,3,3,3,Developing,2011-10,2011-12-10
15822,2010-12-15,2011-12-06,2,885.47,4,5,3,3,Developing,2010-12,2011-12-10
15823,2010-12-02,2010-12-02,1,15.0,373,1,1,1,Developing,2010-12,2011-12-10
15825,2011-06-20,2011-06-20,1,532.94,173,2,1,3,Developing,2011-06,2011-12-10
15826,2011-05-13,2011-10-14,3,1654.31,57,3,3,4,Developing,2011-05,2011-12-10
15827,2010-12-02,2011-09-27,14,1836.09,74,2,5,4,At Risk,2010-12,2011-12-10
15829,2011-07-22,2011-09-01,2,636.14,100,2,3,3,At Risk,2011-07,2011-12-10
15830,2011-11-02,2011-11-02,1,576.0,38,3,1,3,Developing,2011-11,2011-12-10
15831,2011-01-19,2011-10-12,3,801.76,59,3,3,3,Developing,2011-01,2011-12-10
15832,2011-03-30,2011-03-30,1,836.79,255,1,1,3,Developing,2011-03,2011-12-10
15834,2011-03-07,2011-09-30,4,2233.75,71,3,4,5,Loyal,2011-03,2011-12-10
15835,2011-01-13,2011-10-26,4,954.09,45,3,4,4,Loyal,2011-01,2011-12-10
15836,2011-10-20,2011-10-20,1,137.37,51,3,1,1,Developing,2011-10,2011-12-10
15837,2011-10-06,2011-10-06,1,391.98,65,3,1,2,Developing,2011-10,2011-12-10
15838,2010-12-07,2011-11-28,19,33643.08,12,5,5,5,Champions,2010-12,2011-12-10
15839,2011-07-14,2011-11-06,3,1048.49,34,3,3,4,Developing,2011-07,2011-12-10
15840,2011-06-20,2011-10-12,2,355.56,59,3,3,2,Developing,2011-06,2011-12-10
15841,2011-01-05,2011-09-28,4,1224.06,73,2,4,4,At Risk,2011-01,2011-12-10
15843,2011-02-09,2011-02-09,1,118.95,304,1,1,1,Developing,2011-02,2011-12-10
15844,2011-10-24,2011-10-24,1,130.74,47,3,1,1,Developing,2011-10,2011-12-10
15845,2011-01-06,2011-11-22,8,3711.77,18,4,5,5,Champions,2011-01,2011-12-10
15847,2011-02-24,2011-11-01,2,389.27,39,3,3,2,Developing,2011-02,2011-12-10
15850,2011-06-24,2011-11-20,2,238.85,20,4,3,1,Developing,2011-06,2011-12-10
15852,2011-05-26,2011-06-06,2,160.71,187,1,3,1,At Risk,2011-05,2011-12-10
15853,2011-10-19,2011-10-19,1,110.8,52,3,1,1,Developing,2011-10,2011-12-10
15854,2010-12-13,2011-12-05,12,2974.65,5,5,5,5,Champions,2010-12,2011-12-10
15855,2011-03-21,2011-07-26,5,712.24,137,2,4,3,At Risk,2011-03,2011-12-10
15856,2010-12-09,2011-12-05,27,16387.57,5,5,5,5,Champions,2010-12,2011-12-10
15857,2011-11-21,2011-11-21,1,297.0,19,4,1,2,New / Recent,2011-11,2011-12-10
15858,2010-12-07,2011-11-24,5,1438.85,16,4,4,4,Champions,2010-12,2011-12-10
15860,2010-12-06,2011-10-30,8,977.21,41,3,5,4,Loyal,2010-12,2011-12-10
15861,2011-03-17,2011-11-27,8,3165.36,13,5,5,5,Champions,2011-03,2011-12-10
15862,2010-12-01,2011-12-01,4,832.88,9,5,4,3,Loyal,2010-12,2011-12-10
15863,2011-05-31,2011-11-14,2,68.84,26,4,3,1,Developing,2011-05,2011-12-10
15864,2011-01-27,2011-11-17,6,1936.3199999999997,23,4,5,4,Champions,2011-01,2011-12-10
15865,2011-05-10,2011-10-30,3,895.13,41,3,3,3,Developing,2011-05,2011-12-10
15866,2011-08-30,2011-08-30,1,230.53,102,2,1,1,Developing,2011-08,2011-12-10
15867,2010-12-05,2011-12-04,15,3812.64,6,5,5,5,Champions,2010-12,2011-12-10
15869,2011-03-07,2011-03-07,2,149.64,278,1,3,1,At Risk,2011-03,2011-12-10
15870,2011-11-07,2011-11-07,1,354.09000000000003,33,4,1,2,New / Recent,2011-11,2011-12-10
15872,2011-11-25,2011-11-25,2,360.93,15,4,3,2,Developing,2011-11,2011-12-10
15874,2011-02-28,2011-10-07,7,4405.88,64,3,5,5,Loyal,2011-02,2011-12-10
15877,2011-11-22,2011-12-08,2,493.28,2,5,3,3,Developing,2011-11,2011-12-10
15880,2010-12-05,2010-12-05,1,343.28,370,1,1,2,Developing,2010-12,2011-12-10
15881,2010-12-10,2011-01-31,5,501.39,313,1,4,3,At Risk,2010-12,2011-12-10
15882,2010-12-06,2011-05-25,4,516.36,199,1,4,3,At Risk,2010-12,2011-12-10
15883,2011-11-06,2011-12-07,2,396.48,3,5,3,2,Developing,2011-11,2011-12-10
15885,2011-02-03,2011-09-08,3,379.35,93,2,3,2,At Risk,2011-02,2011-12-10
15886,2011-10-10,2011-10-10,1,181.09,61,3,1,1,Developing,2011-10,2011-12-10
15888,2011-09-20,2011-09-20,1,168.31,81,2,1,1,Developing,2011-09,2011-12-10
15889,2010-12-05,2011-07-06,2,446.87,157,2,3,2,At Risk,2010-12,2011-12-10
15891,2011-04-27,2011-04-27,1,524.52,227,1,1,3,Developing,2011-04,2011-12-10
15894,2010-12-05,2011-03-31,2,263.55,254,1,3,2,At Risk,2010-12,2011-12-10
15895,2011-07-13,2011-07-13,1,179.17,150,2,1,1,Developing,2011-07,2011-12-10
15897,2011-05-29,2011-05-29,2,222.05,195,1,3,1,At Risk,2011-05,2011-12-10
15898,2010-12-06,2011-12-08,5,1388.88,2,5,4,4,Champions,2010-12,2011-12-10
15899,2010-12-06,2010-12-06,1,56.25,369,1,1,1,Developing,2010-12,2011-12-10
15900,2011-11-16,2011-11-16,1,351.11,24,4,1,2,New / Recent,2011-11,2011-12-10
15901,2011-07-08,2011-11-23,3,363.88,17,4,3,2,Developing,2011-07,2011-12-10
15903,2011-02-17,2011-11-30,7,5126.76,10,5,5,5,Champions,2011-02,2011-12-10
15904,2011-12-01,2011-12-01,1,164.68,9,5,1,1,New / Recent,2011-12,2011-12-10
15906,2011-03-29,2011-11-20,7,1567.6899999999998,20,4,5,4,Champions,2011-03,2011-12-10
15907,2011-05-13,2011-12-06,3,967.45,4,5,3,4,Developing,2011-05,2011-12-10
15909,2011-06-19,2011-06-19,1,191.94,174,2,1,1,Developing,2011-06,2011-12-10
15910,2011-01-27,2011-12-09,8,1232.18,1,5,5,4,Champions,2011-01,2011-12-10
15912,2011-04-20,2011-06-14,2,264.62,179,2,3,2,At Risk,2011-04,2011-12-10
15916,2010-12-08,2011-11-23,8,1528.09,17,4,5,4,Champions,2010-12,2011-12-10
15917,2011-04-06,2011-04-06,1,123.1,248,1,1,1,Developing,2011-04,2011-12-10
15918,2011-03-13,2011-06-02,2,334.23,191,1,3,2,At Risk,2011-03,2011-12-10
15919,2010-12-06,2011-11-20,2,639.8900000000001,20,4,3,3,Developing,2010-12,2011-12-10
15920,2011-07-08,2011-07-08,4,167.5,155,2,4,1,At Risk,2011-07,2011-12-10
15921,2011-06-20,2011-06-20,1,336.03000000000003,173,2,1,2,Developing,2011-06,2011-12-10
15922,2010-12-01,2010-12-01,1,369.5,374,1,1,2,Developing,2010-12,2011-12-10
15923,2010-12-02,2010-12-02,1,127.08,373,1,1,1,Developing,2010-12,2011-12-10
15925,2011-05-29,2011-05-29,1,207.15,195,1,1,1,Developing,2011-05,2011-12-10
15930,2011-10-03,2011-10-03,1,426.63,68,3,1,2,Developing,2011-10,2011-12-10
15932,2011-02-23,2011-12-05,8,2495.87,5,5,5,5,Champions,2011-02,2011-12-10
15933,2011-09-14,2011-11-18,3,1107.46,22,4,3,4,Developing,2011-09,2011-12-10
15935,2011-04-12,2011-04-14,2,416.86,240,1,3,2,At Risk,2011-04,2011-12-10
15937,2011-10-06,2011-10-06,1,145.35,65,3,1,1,Developing,2011-10,2011-12-10
15938,2011-01-20,2011-08-19,5,404.58000000000004,113,2,4,2,At Risk,2011-01,2011-12-10
15939,2011-01-12,2011-09-11,15,6115.01,90,2,5,5,At Risk,2011-01,2011-12-10
15940,2011-02-01,2011-02-01,1,35.8,312,1,1,1,Developing,2011-02,2011-12-10
15942,2011-07-29,2011-07-29,1,337.44,134,2,1,2,Developing,2011-07,2011-12-10
15944,2011-03-08,2011-03-08,1,325.09999999999997,277,1,1,2,Developing,2011-03,2011-12-10
15945,2010-12-09,2010-12-09,1,181.0,366,1,1,1,Developing,2010-12,2011-12-10
15947,2011-09-18,2011-09-18,1,1708.24,83,2,1,4,Developing,2011-09,2011-12-10
15948,2011-10-27,2011-12-01,2,955.24,9,5,3,4,Developing,2011-10,2011-12-10
15949,2011-09-29,2011-11-23,2,364.71999999999997,17,4,3,2,Developing,2011-09,2011-12-10
15950,2010-12-15,2011-11-08,4,1765.5099999999998,32,4,4,4,Champions,2010-12,2011-12-10
15951,2011-02-27,2011-12-01,2,708.22,9,5,3,3,Developing,2011-02,2011-12-10
15952,2011-04-28,2011-11-06,4,806.5699999999999,34,3,4,3,Loyal,2011-04,2011-12-10
15953,2010-12-05,2011-11-24,8,1659.3799999999999,16,4,5,4,Champions,2010-12,2011-12-10
15955,2010-12-02,2011-11-15,14,4416.26,25,4,5,5,Champions,2010-12,2011-12-10
15957,2011-11-08,2011-11-08,1,428.89,32,4,1,2,New / Recent,2011-11,2011-12-10
15958,2011-09-26,2011-09-26,1,104.35,75,2,1,1,Developing,2011-09,2011-12-10
15963,2011-10-25,2011-11-20,2,470.76,20,4,3,2,Developing,2011-10,2011-12-10
15965,2010-12-07,2011-11-22,4,845.64,18,4,4,3,Loyal,2010-12,2011-12-10
15967,2011-01-25,2011-11-16,2,418.83000000000004,24,4,3,2,Developing,2011-01,2011-12-10
15969,2011-06-07,2011-12-07,3,666.1,3,5,3,3,Developing,2011-06,2011-12-10
15970,2011-02-09,2011-02-09,1,314.09999999999997,304,1,1,2,Developing,2011-02,2011-12-10
15971,2011-02-01,2011-11-22,12,4199.85,18,4,5,5,Champions,2011-02,2011-12-10
15973,2010-12-08,2010-12-08,1,307.82,367,1,1,2,Developing,2010-12,2011-12-10
15974,2011-02-24,2011-10-31,7,3442.15,40,3,5,5,Loyal,2011-02,2011-12-10
15975,2011-09-16,2011-09-16,1,371.01,85,2,1,2,Developing,2011-09,2011-12-10
15976,2011-05-03,2011-06-27,2,430.94,166,2,3,2,At Risk,2011-05,2011-12-10
15977,2011-10-31,2011-11-22,2,1054.73,18,4,3,4,Developing,2011-10,2011-12-10
15978,2011-09-23,2011-09-23,1,1098.78,78,2,1,4,Developing,2011-09,2011-12-10
15980,2011-03-30,2011-09-12,3,2398.8599999999997,89,2,3,5,At Risk,2011-03,2011-12-10
15981,2011-02-01,2011-11-15,8,3408.48,25,4,5,5,Champions,2011-02,2011-12-10
15983,2010-12-01,2011-11-17,4,1475.02,23,4,4,4,Champions,2010-12,2011-12-10
15984,2010-12-06,2011-12-07,10,2837.67,3,5,5,5,Champions,2010-12,2011-12-10
15985,2011-04-17,2011-08-08,2,1142.4199999999998,124,2,3,4,At Risk,2011-04,2011-12-10
15986,2011-11-09,2011-11-09,1,168.12,31,4,1,1,New / Recent,2011-11,2011-12-10
15987,2010-12-06,2011-11-27,7,1451.28,13,5,5,4,Champions,2010-12,2011-12-10
15988,2011-11-20,2011-11-20,1,158.03,20,4,1,1,New / Recent,2011-11,2011-12-10
15990,2011-02-25,2011-10-26,2,792.11,45,3,3,3,Developing,2011-02,2011-12-10
15992,2011-12-06,2011-12-06,1,41.989999999999995,4,5,1,1,New / Recent,2011-12,2011-12-10
15993,2011-10-26,2011-12-01,7,2797.57,9,5,5,5,Champions,2011-10,2011-12-10
15994,2011-10-16,2011-10-16,1,427.07,55,3,1,2,Developing,2011-10,2011-12-10
15996,2010-12-08,2011-09-12,6,1060.68,89,2,5,4,At Risk,2010-12,2011-12-10
15998,2010-12-12,2011-11-03,5,3089.9700000000003,37,3,4,5,Loyal,2010-12,2011-12-10
16000,2011-12-07,2011-12-07,3,12393.7,3,5,3,5,Developing,2011-12,2011-12-10
16003,2010-12-15,2011-11-10,5,2735.37,30,4,4,5,Champions,2010-12,2011-12-10
16005,2011-03-14,2011-11-27,4,615.39,13,5,4,3,Loyal,2011-03,2011-12-10
16006,2011-05-12,2011-05-12,1,101.4,212,1,1,1,Developing,2011-05,2011-12-10
16007,2011-05-08,2011-10-23,4,1701.94,48,3,4,4,Loyal,2011-05,2011-12-10
16008,2011-05-19,2011-11-16,3,478.78,24,4,3,2,Developing,2011-05,2011-12-10
16009,2011-07-03,2011-11-17,4,992.71,23,4,4,4,Champions,2011-07,2011-12-10
16010,2010-12-12,2011-04-08,3,407.5,246,1,3,2,At Risk,2010-12,2011-12-10
16011,2010-12-08,2011-12-01,16,3362.71,9,5,5,5,Champions,2010-12,2011-12-10
16012,2011-07-07,2011-11-04,3,1415.29,36,3,3,4,Developing,2011-07,2011-12-10
16013,2010-12-03,2011-12-06,47,37130.6,4,5,5,5,Champions,2010-12,2011-12-10
16014,2011-02-21,2011-11-02,3,662.38,38,3,3,3,Developing,2011-02,2011-12-10
16015,2011-10-21,2011-12-06,3,705.39,4,5,3,3,Developing,2011-10,2011-12-10
16016,2010-12-08,2011-12-06,8,1508.76,4,5,5,4,Champions,2010-12,2011-12-10
16017,2011-10-23,2011-10-23,1,211.88,48,3,1,1,Developing,2011-10,2011-12-10
16018,2011-06-12,2011-10-31,2,408.9,40,3,3,2,Developing,2011-06,2011-12-10
16019,2010-12-10,2011-10-24,9,3786.24,47,3,5,5,Loyal,2010-12,2011-12-10
16020,2011-10-05,2011-11-23,3,851.01,17,4,3,3,Developing,2011-10,2011-12-10
16022,2011-03-24,2011-03-24,1,628.28,261,1,1,3,Developing,2011-03,2011-12-10
16023,2011-03-18,2011-10-24,3,719.8100000000001,47,3,3,3,Developing,2011-03,2011-12-10
16024,2011-11-27,2011-11-27,1,251.24,13,5,1,2,New / Recent,2011-11,2011-12-10
16025,2011-11-10,2011-11-10,1,439.65999999999997,30,4,1,2,New / Recent,2011-11,2011-12-10
16026,2011-10-27,2011-10-27,1,236.09,44,3,1,1,Developing,2011-10,2011-12-10
16027,2011-02-10,2011-09-09,6,934.62,92,2,5,3,At Risk,2011-02,2011-12-10
16029,2010-12-01,2011-11-01,63,81024.84,39,3,5,5,Loyal,2010-12,2011-12-10
16030,2011-02-03,2011-02-03,1,331.24,310,1,1,2,Developing,2011-02,2011-12-10
16031,2011-04-06,2011-09-08,2,548.94,93,2,3,3,At Risk,2011-04,2011-12-10
16033,2010-12-05,2011-12-04,20,8816.4,6,5,5,5,Champions,2010-12,2011-12-10
16034,2011-01-11,2011-05-27,3,437.7,197,1,3,2,At Risk,2011-01,2011-12-10
16036,2011-03-21,2011-09-13,2,758.9200000000001,88,2,3,3,At Risk,2011-03,2011-12-10
16037,2010-12-16,2011-03-15,3,855.02,270,1,3,3,At Risk,2010-12,2011-12-10
16038,2011-05-22,2011-12-02,3,471.78,8,5,3,2,Developing,2011-05,2011-12-10
16040,2011-03-16,2011-10-05,3,1313.55,66,3,3,4,Developing,2011-03,2011-12-10
16041,2011-07-21,2011-11-09,3,3166.4,31,4,3,5,Developing,2011-07,2011-12-10
16042,2011-01-11,2011-11-17,5,1197.27,23,4,4,4,Champions,2011-01,2011-12-10
16043,2011-01-26,2011-11-02,4,773.99,38,3,4,3,Loyal,2011-01,2011-12-10
16045,2011-02-22,2011-08-12,4,1340.7,120,2,4,4,At Risk,2011-02,2011-12-10
16048,2010-12-01,2010-12-01,2,256.44,374,1,3,2,At Risk,2010-12,2011-12-10
16049,2011-09-25,2011-10-30,3,1111.79,41,3,3,4,Developing,2011-09,2011-12-10
16050,2011-06-19,2011-06-19,1,137.9,174,2,1,1,Developing,2011-06,2011-12-10
16052,2011-10-16,2011-10-16,1,362.06,55,3,1,2,Developing,2011-10,2011-12-10
16053,2011-08-09,2011-11-07,2,1511.95,33,4,3,4,Developing,2011-08,2011-12-10
16054,2011-07-17,2011-07-17,1,783.9,146,2,1,3,Developing,2011-07,2011-12-10
16055,2011-05-03,2011-05-03,1,134.8,221,1,1,1,Developing,2011-05,2011-12-10
16056,2011-10-25,2011-10-25,1,664.85,46,3,1,3,Developing,2011-10,2011-12-10
16057,2011-02-28,2011-11-23,7,2263.12,17,4,5,5,Champions,2011-02,2011-12-10
16059,2010-12-07,2011-10-05,6,1459.86,66,3,5,4,Loyal,2010-12,2011-12-10
16062,2010-12-10,2011-11-30,4,1153.62,10,5,4,4,Champions,2010-12,2011-12-10
16063,2011-03-24,2011-03-24,1,335.32,261,1,1,2,Developing,2011-03,2011-12-10
16065,2010-12-09,2010-12-09,1,372.09,366,1,1,2,Developing,2010-12,2011-12-10
16066,2011-08-07,2011-11-23,5,1521.87,17,4,4,4,Champions,2011-08,2011-12-10
16070,2011-11-07,2011-11-17,2,852.1500000000001,23,4,3,3,Developing,2011-11,2011-12-10
16071,2011-10-26,2011-10-26,1,326.24,45,3,1,2,Developing,2011-10,2011-12-10
16072,2011-02-24,2011-02-24,1,584.3199999999999,289,1,1,3,Developing,2011-02,2011-12-10
16073,2011-02-15,2011-02-15,1,122.4,298,1,1,1,Developing,2011-02,2011-12-10
16076,2011-05-15,2011-12-06,10,2234.73,4,5,5,5,Champions,2011-05,2011-12-10
16078,2011-03-01,2011-03-01,1,79.2,284,1,1,1,Developing,2011-03,2011-12-10
16079,2011-10-30,2011-11-23,3,1352.0,17,4,3,4,Developing,2011-10,2011-12-10
16080,2011-03-10,2011-09-19,2,217.16,82,2,3,1,At Risk,2011-03,2011-12-10
16081,2010-12-08,2011-10-14,5,2806.8999999999996,57,3,4,5,Loyal,2010-12,2011-12-10
16083,2010-12-14,2011-08-31,2,1317.62,101,2,3,4,At Risk,2010-12,2011-12-10
16084,2011-02-13,2011-02-13,1,436.18,300,1,1,2,Developing,2011-02,2011-12-10
16085,2011-01-23,2011-11-16,5,981.51,24,4,4,4,Champions,2011-01,2011-12-10
16086,2010-12-07,2011-10-11,5,1121.3899999999999,60,3,4,4,Loyal,2010-12,2011-12-10
16091,2011-05-25,2011-07-08,2,315.06,155,2,3,2,At Risk,2011-05,2011-12-10
16092,2011-03-30,2011-08-17,3,817.86,115,2,3,3,At Risk,2011-03,2011-12-10
16093,2011-08-25,2011-08-25,1,17.0,107,2,1,1,Developing,2011-08,2011-12-10
16094,2011-05-04,2011-11-28,4,1078.23,12,5,4,4,Champions,2011-05,2011-12-10
16096,2011-03-20,2011-03-20,1,320.62,265,1,1,2,Developing,2011-03,2011-12-10
16097,2011-04-13,2011-04-13,1,185.04999999999998,241,1,1,1,Developing,2011-04,2011-12-10
16098,2010-12-01,2011-09-13,7,2005.6299999999999,88,2,5,4,At Risk,2010-12,2011-12-10
16099,2011-04-28,2011-10-20,3,731.9000000000001,51,3,3,3,Developing,2011-04,2011-12-10
16101,2011-09-30,2011-09-30,1,1290.7,71,3,1,4,Developing,2011-09,2011-12-10
16102,2011-08-03,2011-10-28,3,1842.1399999999999,43,3,3,4,Developing,2011-08,2011-12-10
16103,2011-04-20,2011-12-02,6,1429.64,8,5,5,4,Champions,2011-04,2011-12-10
16104,2011-10-09,2011-10-09,1,302.36,62,3,1,2,Developing,2011-10,2011-12-10
16105,2011-04-05,2011-04-05,1,336.96,249,1,1,2,Developing,2011-04,2011-12-10
16106,2011-10-05,2011-10-05,1,108.38,66,3,1,1,Developing,2011-10,2011-12-10
16107,2011-06-09,2011-11-22,7,3204.16,18,4,5,5,Champions,2011-06,2011-12-10
16108,2011-09-16,2011-09-16,1,842.5,85,2,1,3,Developing,2011-09,2011-12-10
16109,2011-02-04,2011-05-05,2,611.88,219,1,3,3,At Risk,2011-02,2011-12-10
16110,2011-02-01,2011-10-25,3,1337.48,46,3,3,4,Developing,2011-02,2011-12-10
16112,2011-01-05,2011-07-19,4,195.74,144,2,4,1,At Risk,2011-01,2011-12-10
16113,2011-06-09,2011-06-09,1,161.38,184,1,1,1,Developing,2011-06,2011-12-10
16114,2011-06-22,2011-06-22,1,135.75,171,2,1,1,Developing,2011-06,2011-12-10
16115,2011-02-20,2011-11-30,8,1667.9699999999998,10,5,5,4,Champions,2011-02,2011-12-10
16116,2011-05-12,2011-05-12,1,612.78,212,1,1,3,Developing,2011-05,2011-12-10
16117,2011-06-03,2011-06-03,1,232.21,190,1,1,1,Developing,2011-06,2011-12-10
16119,2011-09-28,2011-12-01,2,423.36,9,5,3,2,Developing,2011-09,2011-12-10
16120,2011-10-11,2011-10-11,4,1309.14,60,3,4,4,Loyal,2011-10,2011-12-10
16121,2011-05-08,2011-10-13,2,867.11,58,3,3,3,Developing,2011-05,2011-12-10
16122,2010-12-08,2011-09-27,4,684.4200000000001,74,2,4,3,At Risk,2010-12,2011-12-10
16123,2011-10-19,2011-10-19,1,307.78,52,3,1,2,Developing,2011-10,2011-12-10
16124,2011-01-26,2011-01-26,1,249.0,318,1,1,1,Developing,2011-01,2011-12-10
16125,2010-12-07,2010-12-07,1,289.35,368,1,1,2,Developing,2010-12,2011-12-10
16126,2011-02-16,2011-11-10,4,6287.77,30,4,4,5,Champions,2011-02,2011-12-10
16127,2011-10-31,2011-10-31,1,656.25,40,3,1,3,Developing,2011-10,2011-12-10
16128,2011-03-02,2011-11-22,5,1880.2199999999998,18,4,4,4,Champions,2011-03,2011-12-10
16131,2011-04-14,2011-10-19,6,3506.54,52,3,5,5,Loyal,2011-04,2011-12-10
16133,2011-01-25,2011-12-06,33,14589.039999999999,4,5,5,5,Champions,2011-01,2011-12-10
16134,2010-12-15,2011-11-18,2,618.0899999999999,22,4,3,3,Developing,2010-12,2011-12-10
16135,2011-03-22,2011-03-22,1,517.55,263,1,1,3,Developing,2011-03,2011-12-10
16136,2011-03-07,2011-10-11,3,709.38,60,3,3,3,Developing,2011-03,2011-12-10
16139,2011-05-17,2011-11-21,3,635.4100000000001,19,4,3,3,Developing,2011-05,2011-12-10
16140,2010-12-03,2011-10-05,2,725.18,66,3,3,3,Developing,2010-12,2011-12-10
16141,2011-09-12,2011-09-12,1,620.4,89,2,1,3,Developing,2011-09,2011-12-10
16142,2011-04-04,2011-04-04,1,535.34,250,1,1,3,Developing,2011-04,2011-12-10
16143,2010-12-05,2011-12-06,6,2424.94,4,5,5,5,Champions,2010-12,2011-12-10
16144,2011-04-07,2011-04-07,1,175.2,247,1,1,1,Developing,2011-04,2011-12-10
16145,2010-12-15,2011-12-01,11,3799.49,9,5,5,5,Champions,2010-12,2011-12-10
16146,2011-04-21,2011-07-05,3,734.13,158,2,3,3,At Risk,2011-04,2011-12-10
16147,2011-07-29,2011-07-29,1,375.0,134,2,1,2,Developing,2011-07,2011-12-10
16148,2011-02-16,2011-02-16,1,76.32,297,1,1,1,Developing,2011-02,2011-12-10
16149,2011-07-20,2011-12-05,2,280.52,5,5,3,2,Developing,2011-07,2011-12-10
16150,2010-12-02,2011-10-28,5,2053.02,43,3,4,4,Loyal,2010-12,2011-12-10
16152,2011-03-16,2011-03-16,1,1829.04,269,1,1,4,Developing,2011-03,2011-12-10
16153,2010-12-20,2011-10-21,5,1824.23,50,3,4,4,Loyal,2010-12,2011-12-10
16156,2011-02-02,2011-12-01,9,3122.04,9,5,5,5,Champions,2011-02,2011-12-10
16157,2011-09-28,2011-11-24,3,656.6899999999999,16,4,3,3,Developing,2011-09,2011-12-10
16159,2011-03-03,2011-03-03,1,348.2,282,1,1,2,Developing,2011-03,2011-12-10
16160,2011-09-15,2011-10-05,2,1025.44,66,3,3,4,Developing,2011-09,2011-12-10
16161,2010-12-06,2011-12-08,19,5575.56,2,5,5,5,Champions,2010-12,2011-12-10
16162,2011-04-01,2011-04-01,1,37.4,253,1,1,1,Developing,2011-04,2011-12-10
16163,2010-12-09,2011-04-21,2,856.6,233,1,3,3,At Risk,2010-12,2011-12-10
16164,2011-10-28,2011-11-22,3,822.48,18,4,3,3,Developing,2011-10,2011-12-10
16168,2010-12-05,2011-11-29,27,3787.6,11,5,5,5,Champions,2010-12,2011-12-10
16169,2011-09-25,2011-12-01,4,1822.97,9,5,4,4,Champions,2011-09,2011-12-10
16170,2011-04-05,2011-10-20,6,1885.05,51,3,5,4,Loyal,2011-04,2011-12-10
16171,2011-10-11,2011-10-11,1,73.19999999999999,60,3,1,1,Developing,2011-10,2011-12-10
16172,2011-04-12,2011-09-05,5,1140.21,96,2,4,4,At Risk,2011-04,2011-12-10
16173,2011-09-02,2011-11-24,6,1418.32,16,4,5,4,Champions,2011-09,2011-12-10
16174,2011-07-11,2011-08-05,3,1009.55,127,2,3,4,At Risk,2011-07,2011-12-10
16175,2011-04-13,2011-09-06,4,1037.59,95,2,4,4,At Risk,2011-04,2011-12-10
16177,2011-10-20,2011-10-20,1,331.95,51,3,1,2,Developing,2011-10,2011-12-10
16178,2011-07-24,2011-07-24,1,197.89999999999998,139,2,1,1,Developing,2011-07,2011-12-10
16179,2011-10-10,2011-10-10,1,215.83,61,3,1,1,Developing,2011-10,2011-12-10
16180,2011-04-01,2011-08-31,8,10254.18,101,2,5,5,At Risk,2011-04,2011-12-10
16181,2011-09-27,2011-09-27,1,305.53999999999996,74,2,1,2,Developing,2011-09,2011-12-10
16182,2011-02-18,2011-09-28,4,6617.65,73,2,4,5,At Risk,2011-02,2011-12-10
16183,2011-10-03,2011-10-03,1,338.71000000000004,68,3,1,2,Developing,2011-10,2011-12-10
16184,2011-05-12,2011-10-06,6,1158.79,65,3,5,4,Loyal,2011-05,2011-12-10
16185,2011-04-21,2011-11-23,2,529.41,17,4,3,3,Developing,2011-04,2011-12-10
16186,2010-12-02,2011-11-17,12,4006.94,23,4,5,5,Champions,2010-12,2011-12-10
16187,2011-02-28,2011-11-08,15,6911.44,32,4,5,5,Champions,2011-02,2011-12-10
16188,2011-04-11,2011-10-26,4,981.86,45,3,4,4,Loyal,2011-04,2011-12-10
16189,2011-09-15,2011-11-24,2,215.48,16,4,3,1,Developing,2011-09,2011-12-10
16190,2011-10-30,2011-10-30,1,215.07999999999998,41,3,1,1,Developing,2011-10,2011-12-10
16191,2010-12-14,2011-12-07,13,5180.5199999999995,3,5,5,5,Champions,2010-12,2011-12-10
16193,2011-04-17,2011-04-17,1,314.45,237,1,1,2,Developing,2011-04,2011-12-10
16198,2011-09-25,2011-09-25,1,400.68,76,2,1,2,Developing,2011-09,2011-12-10
16200,2011-06-28,2011-12-05,2,1080.62,5,5,3,4,Developing,2011-06,2011-12-10
16201,2011-08-22,2011-12-06,4,1863.4699999999998,4,5,4,4,Champions,2011-08,2011-12-10
16202,2010-12-14,2010-12-14,1,365.27,361,1,1,2,Developing,2010-12,2011-12-10
16203,2010-12-02,2011-10-12,4,592.9,59,3,4,3,Loyal,2010-12,2011-12-10
16204,2011-11-16,2011-11-16,1,405.71,24,4,1,2,New / Recent,2011-11,2011-12-10
16205,2011-06-13,2011-11-09,4,761.38,31,4,4,3,Loyal,2011-06,2011-12-10
16206,2011-01-16,2011-10-16,4,537.0600000000001,55,3,4,3,Loyal,2011-01,2011-12-10
16207,2011-11-14,2011-11-14,1,394.38,26,4,1,2,New / Recent,2011-11,2011-12-10
16208,2011-02-23,2011-10-26,2,664.26,45,3,3,3,Developing,2011-02,2011-12-10
16209,2011-04-07,2011-09-12,5,2262.62,89,2,4,5,At Risk,2011-04,2011-12-10
16210,2010-12-01,2011-12-08,18,21086.300000000003,2,5,5,5,Champions,2010-12,2011-12-10
16211,2011-09-12,2011-09-12,1,547.02,89,2,1,3,Developing,2011-09,2011-12-10
16212,2011-03-01,2011-11-20,2,690.3399999999999,20,4,3,3,Developing,2011-03,2011-12-10
16213,2011-09-22,2011-09-22,1,159.0,79,2,1,1,Developing,2011-09,2011-12-10
16214,2011-03-15,2011-06-22,3,1062.75,171,2,3,4,At Risk,2011-03,2011-12-10
16215,2011-09-20,2011-09-20,1,242.35,81,2,1,1,Developing,2011-09,2011-12-10
16216,2011-03-17,2011-03-17,1,914.93,268,1,1,3,Developing,2011-03,2011-12-10
16217,2011-03-02,2011-04-18,2,304.25,236,1,3,2,At Risk,2011-03,2011-12-10
16218,2010-12-01,2011-11-10,7,3084.68,30,4,5,5,Champions,2010-12,2011-12-10
16221,2010-12-07,2011-11-03,3,864.86,37,3,3,3,Developing,2010-12,2011-12-10
16222,2011-01-25,2011-01-25,1,846.72,319,1,1,3,Developing,2011-01,2011-12-10
16224,2011-04-04,2011-10-13,4,1295.3000000000002,58,3,4,4,Loyal,2011-04,2011-12-10
16225,2011-03-07,2011-10-26,5,1096.32,45,3,4,4,Loyal,2011-03,2011-12-10
16226,2011-04-18,2011-05-20,3,255.12,204,1,3,2,At Risk,2011-04,2011-12-10
16227,2011-04-28,2011-04-28,1,314.22,226,1,1,2,Developing,2011-04,2011-12-10
16229,2011-05-11,2011-09-13,2,1010.5999999999999,88,2,3,4,At Risk,2011-05,2011-12-10
16230,2011-05-03,2011-06-03,2,542.03,190,1,3,3,At Risk,2011-05,2011-12-10
16232,2011-05-08,2011-10-27,4,990.8799999999999,44,3,4,4,Loyal,2011-05,2011-12-10
16233,2010-12-08,2011-09-29,3,536.68,72,3,3,3,Developing,2010-12,2011-12-10
16235,2011-01-11,2011-10-30,5,867.31,41,3,4,3,Loyal,2011-01,2011-12-10
16236,2011-09-22,2011-09-22,1,432.2,79,2,1,2,Developing,2011-09,2011-12-10
16239,2011-06-03,2011-10-14,2,414.2,57,3,3,2,Developing,2011-06,2011-12-10
16240,2011-09-23,2011-11-15,2,3718.8,25,4,3,5,Developing,2011-09,2011-12-10
16241,2010-12-05,2011-11-30,13,2607.87,10,5,5,5,Champions,2010-12,2011-12-10
16242,2011-03-07,2011-12-01,7,3603.21,9,5,5,5,Champions,2011-03,2011-12-10
16243,2011-10-16,2011-11-06,2,409.1,34,3,3,2,Developing,2011-10,2011-12-10
16244,2010-12-02,2011-05-12,2,1522.75,212,1,3,4,At Risk,2010-12,2011-12-10
16245,2011-03-28,2011-11-16,3,1413.66,24,4,3,4,Developing,2011-03,2011-12-10
16247,2011-06-22,2011-06-22,1,114.56,171,2,1,1,Developing,2011-06,2011-12-10
16248,2011-10-09,2011-10-09,1,152.94,62,3,1,1,Developing,2011-10,2011-12-10
16249,2011-04-14,2011-10-18,5,1800.07,53,3,4,4,Loyal,2011-04,2011-12-10
16250,2010-12-01,2011-03-23,2,389.44,262,1,3,2,At Risk,2010-12,2011-12-10
16253,2011-03-29,2011-10-04,2,3683.86,67,3,3,5,Developing,2011-03,2011-12-10
16255,2010-12-09,2011-11-23,8,2619.91,17,4,5,5,Champions,2010-12,2011-12-10
16256,2011-03-18,2011-03-18,1,752.4300000000001,267,1,1,3,Developing,2011-03,2011-12-10
16257,2011-06-16,2011-06-16,1,46.95,177,2,1,1,Developing,2011-06,2011-12-10
16258,2011-05-04,2011-10-25,5,5203.51,46,3,4,5,Loyal,2011-05,2011-12-10
16260,2011-10-20,2011-10-20,1,1035.45,51,3,1,4,Developing,2011-10,2011-12-10
16261,2011-04-07,2011-11-22,4,746.83,18,4,4,3,Loyal,2011-04,2011-12-10
16265,2010-12-10,2011-11-30,9,5447.0,10,5,5,5,Champions,2010-12,2011-12-10
16266,2011-05-17,2011-09-27,7,861.89,74,2,5,3,At Risk,2011-05,2011-12-10
16268,2011-09-29,2011-09-29,2,667.65,72,3,3,3,Developing,2011-09,2011-12-10
16270,2010-12-21,2010-12-21,1,1141.24,354,1,1,4,Developing,2010-12,2011-12-10
16271,2010-12-16,2011-12-07,5,1429.24,3,5,4,4,Champions,2010-12,2011-12-10
16272,2011-08-15,2011-08-15,1,411.7,117,2,1,2,Developing,2011-08,2011-12-10
16274,2010-12-01,2010-12-01,1,357.95,374,1,1,2,Developing,2010-12,2011-12-10
16275,2011-05-27,2011-05-27,1,559.87,197,1,1,3,Developing,2011-05,2011-12-10
16276,2011-06-16,2011-06-16,1,810.5999999999999,177,2,1,3,Developing,2011-06,2011-12-10
16278,2011-08-31,2011-08-31,1,566.38,101,2,1,3,Developing,2011-08,2011-12-10
16279,2011-06-16,2011-11-18,3,1509.58,22,4,3,4,Developing,2011-06,2011-12-10
16281,2011-09-28,2011-09-28,1,2062.06,73,2,1,5,Developing,2011-09,2011-12-10
16282,2011-01-04,2011-01-04,1,168.3,340,1,1,1,Developing,2011-01,2011-12-10
16283,2011-05-15,2011-12-04,5,1570.81,6,5,4,4,Champions,2011-05,2011-12-10
16284,2011-10-20,2011-11-08,2,823.97,32,4,3,3,Developing,2011-10,2011-12-10
16287,2011-06-23,2011-06-23,1,142.5,170,2,1,1,Developing,2011-06,2011-12-10
16292,2011-08-10,2011-08-10,1,302.25,122,2,1,2,Developing,2011-08,2011-12-10
16293,2010-12-07,2011-11-18,10,2248.99,22,4,5,5,Champions,2010-12,2011-12-10
16295,2011-10-06,2011-11-30,4,1328.55,10,5,4,4,Champions,2011-10,2011-12-10
16297,2011-03-16,2011-03-16,1,301.9,269,1,1,2,Developing,2011-03,2011-12-10
16298,2011-06-06,2011-11-17,3,598.2,23,4,3,3,Developing,2011-06,2011-12-10
16302,2011-08-05,2011-08-05,1,233.22,127,2,1,1,Developing,2011-08,2011-12-10
16303,2011-01-10,2011-11-14,3,5360.63,26,4,3,5,Developing,2011-01,2011-12-10
16305,2011-07-24,2011-07-24,1,361.22,139,2,1,2,Developing,2011-07,2011-12-10
16306,2010-12-07,2011-05-10,6,632.27,214,1,5,3,At Risk,2010-12,2011-12-10
16308,2011-03-23,2011-11-02,4,2560.0,38,3,4,5,Loyal,2011-03,2011-12-10
16309,2011-04-13,2011-08-25,2,706.5699999999999,107,2,3,3,At Risk,2011-04,2011-12-10
16311,2011-10-21,2011-11-22,2,616.26,18,4,3,3,Developing,2011-10,2011-12-10
16313,2011-10-21,2011-12-06,2,274.15,4,5,3,2,Developing,2011-10,2011-12-10
16315,2011-01-13,2011-01-13,1,226.37,331,1,1,1,Developing,2011-01,2011-12-10
16316,2010-12-16,2011-10-06,8,2938.91,65,3,5,5,Loyal,2010-12,2011-12-10
16317,2011-02-15,2011-08-12,3,1341.65,120,2,3,4,At Risk,2011-02,2011-12-10
16318,2011-11-04,2011-11-04,1,328.15,36,3,1,2,Developing,2011-11,2011-12-10
16319,2011-05-06,2011-05-06,1,404.40000000000003,218,1,1,2,Developing,2011-05,2011-12-10
16320,2011-05-10,2011-06-20,2,1038.46,173,2,3,4,At Risk,2011-05,2011-12-10
16321,2011-01-20,2011-09-28,5,373.65,73,2,4,2,At Risk,2011-01,2011-12-10
16322,2011-11-03,2011-12-08,2,326.75,2,5,3,2,Developing,2011-11,2011-12-10
16323,2011-05-27,2011-05-27,1,207.5,197,1,1,1,Developing,2011-05,2011-12-10
16324,2011-06-15,2011-08-03,3,428.68,129,2,3,2,At Risk,2011-06,2011-12-10
16325,2011-04-08,2011-10-24,3,594.24,47,3,3,3,Developing,2011-04,2011-12-10
16326,2011-01-09,2011-12-04,14,3110.96,6,5,5,5,Champions,2011-01,2011-12-10
16327,2010-12-05,2011-11-25,6,3844.2200000000003,15,4,5,5,Champions,2010-12,2011-12-10
16330,2011-08-19,2011-11-22,3,251.91,18,4,3,2,Developing,2011-08,2011-12-10
16332,2011-02-07,2011-11-11,7,1593.2,29,4,5,4,Champions,2011-02,2011-12-10
16333,2011-02-03,2011-12-02,22,26626.8,8,5,5,5,Champions,2011-02,2011-12-10
16337,2011-11-03,2011-11-03,1,151.05,37,3,1,1,Developing,2011-11,2011-12-10
16338,2011-07-05,2011-07-05,1,214.8,158,2,1,1,Developing,2011-07,2011-12-10
16339,2011-02-28,2011-02-28,1,109.95,285,1,1,1,Developing,2011-02,2011-12-10
16340,2011-08-24,2011-08-24,1,549.07,108,2,1,3,Developing,2011-08,2011-12-10
16341,2011-05-22,2011-11-15,4,1971.87,25,4,4,4,Champions,2011-05,2011-12-10
16342,2011-06-13,2011-09-25,4,322.41,76,2,4,2,At Risk,2011-06,2011-12-10
16343,2011-11-23,2011-11-23,2,370.48,17,4,3,2,Developing,2011-11,2011-12-10
16344,2011-07-04,2011-07-04,1,101.10000000000001,159,2,1,1,Developing,2011-07,2011-12-10
16345,2011-10-26,2011-10-26,1,575.41,45,3,1,3,Developing,2011-10,2011-12-10
16347,2011-11-03,2011-11-28,2,887.6500000000001,12,5,3,3,Developing,2011-11,2011-12-10
16348,2011-04-13,2011-11-07,7,1469.45,33,4,5,4,Champions,2011-04,2011-12-10
16349,2011-02-22,2011-02-22,1,53.5,291,1,1,1,Developing,2011-02,2011-12-10
16350,2011-01-10,2011-11-18,4,1116.47,22,4,4,4,Champions,2011-01,2011-12-10
16351,2011-01-11,2011-01-11,1,153.9,333,1,1,1,Developing,2011-01,2011-12-10
16352,2011-11-02,2011-11-22,2,494.44,18,4,3,3,Developing,2011-11,2011-12-10
16353,2010-12-05,2011-12-06,23,6675.71,4,5,5,5,Champions,2010-12,2011-12-10
16354,2011-09-27,2011-10-07,2,395.8,64,3,3,2,Developing,2011-09,2011-12-10
16356,2011-03-07,2011-05-26,3,211.76999999999998,198,1,3,1,At Risk,2011-03,2011-12-10
16357,2011-05-10,2011-11-06,3,658.88,34,3,3,3,Developing,2011-05,2011-12-10
16358,2011-06-08,2011-12-08,4,2027.5,2,5,4,4,Champions,2011-06,2011-12-10
16359,2011-01-12,2011-12-02,9,1750.92,8,5,5,4,Champions,2011-01,2011-12-10
16360,2011-09-12,2011-12-05,6,3512.53,5,5,5,5,Champions,2011-09,2011-12-10
16361,2011-09-29,2011-11-30,4,896.66,10,5,4,3,Loyal,2011-09,2011-12-10
16362,2011-09-09,2011-11-07,5,734.77,33,4,4,3,Loyal,2011-09,2011-12-10
16363,2011-10-17,2011-10-17,1,109.36,54,3,1,1,Developing,2011-10,2011-12-10
16364,2011-07-25,2011-11-28,2,707.04,12,5,3,3,Developing,2011-07,2011-12-10
16365,2010-12-07,2011-11-22,9,1540.42,18,4,5,4,Champions,2010-12,2011-12-10
16366,2011-11-21,2011-11-21,1,327.3,19,4,1,2,New / Recent,2011-11,2011-12-10
16367,2010-12-12,2011-11-02,2,804.49,38,3,3,3,Developing,2010-12,2011-12-10
16368,2011-11-11,2011-12-07,2,497.43,3,5,3,3,Developing,2011-11,2011-12-10
16369,2011-05-27,2011-11-21,3,1553.66,19,4,3,4,Developing,2011-05,2011-12-10
16370,2011-04-28,2011-09-18,4,1320.56,83,2,4,4,At Risk,2011-04,2011-12-10
16372,2011-11-06,2011-11-06,2,367.93,34,3,3,2,Developing,2011-11,2011-12-10
16374,2011-03-22,2011-10-04,2,473.03000000000003,67,3,3,2,Developing,2011-03,2011-12-10
16376,2011-11-22,2011-12-01,2,987.01,9,5,3,4,Developing,2011-11,2011-12-10
16377,2011-03-17,2011-03-17,1,676.2,268,1,1,3,Developing,2011-03,2011-12-10
16378,2011-02-02,2011-04-06,3,362.95,248,1,3,2,At Risk,2011-02,2011-12-10
16379,2011-09-22,2011-12-05,4,2157.4,5,5,4,5,Champions,2011-09,2011-12-10
16380,2011-10-09,2011-10-09,1,1780.59,62,3,1,4,Developing,2011-10,2011-12-10
16383,2011-03-16,2011-09-26,2,668.3599999999999,75,2,3,3,At Risk,2011-03,2011-12-10
16384,2011-03-21,2011-09-11,2,584.5,90,2,3,3,At Risk,2011-03,2011-12-10
16385,2010-12-08,2011-10-10,3,555.89,61,3,3,3,Developing,2010-12,2011-12-10
16386,2011-03-31,2011-11-11,2,317.20000000000005,29,4,3,2,Developing,2011-03,2011-12-10
16387,2011-01-21,2011-01-21,1,94.36,323,1,1,1,Developing,2011-01,2011-12-10
16389,2011-03-01,2011-10-17,4,1382.07,54,3,4,4,Loyal,2011-03,2011-12-10
16392,2011-03-15,2011-03-15,1,221.19,270,1,1,1,Developing,2011-03,2011-12-10
16393,2010-12-05,2011-12-07,13,3046.21,3,5,5,5,Champions,2010-12,2011-12-10
16394,2011-02-23,2011-10-14,5,1555.34,57,3,4,4,Loyal,2011-02,2011-12-10
16395,2011-01-13,2011-10-10,5,1486.8999999999999,61,3,4,4,Loyal,2011-01,2011-12-10
16398,2011-03-31,2011-07-08,2,1705.8000000000002,155,2,3,4,At Risk,2011-03,2011-12-10
16399,2011-04-18,2011-11-20,2,408.57,20,4,3,2,Developing,2011-04,2011-12-10
16400,2011-09-06,2011-09-06,1,303.93,95,2,1,2,Developing,2011-09,2011-12-10
16401,2011-01-16,2011-12-08,12,4098.32,2,5,5,5,Champions,2011-01,2011-12-10
16402,2010-12-05,2011-03-20,2,299.6,265,1,3,2,At Risk,2010-12,2011-12-10
16403,2011-01-31,2011-01-31,1,177.5,313,1,1,1,Developing,2011-01,2011-12-10
16404,2011-09-30,2011-09-30,1,443.05,71,3,1,2,Developing,2011-09,2011-12-10
16405,2011-02-02,2011-02-10,2,167.25,303,1,3,1,At Risk,2011-02,2011-12-10
16406,2011-11-21,2011-11-21,1,163.07,19,4,1,1,New / Recent,2011-11,2011-12-10
16407,2011-01-31,2011-11-27,10,2126.93,13,5,5,5,Champions,2011-01,2011-12-10
16409,2011-01-26,2011-11-03,5,2028.88,37,3,4,4,Loyal,2011-01,2011-12-10
16411,2010-12-05,2011-11-20,2,214.65,20,4,3,1,Developing,2010-12,2011-12-10
16412,2011-10-17,2011-10-17,1,151.83,54,3,1,1,Developing,2011-10,2011-12-10
16413,2011-10-14,2011-10-14,1,262.2,57,3,1,2,Developing,2011-10,2011-12-10
16414,2011-03-04,2011-11-18,2,126.25,22,4,3,1,Developing,2011-03,2011-12-10
16415,2011-10-26,2011-10-26,1,210.35,45,3,1,1,Developing,2011-10,2011-12-10
16416,2011-10-14,2011-11-13,3,1051.4,27,4,3,4,Developing,2011-10,2011-12-10
16418,2011-04-27,2011-10-26,3,675.27,45,3,3,3,Developing,2011-04,2011-12-10
16419,2011-02-01,2011-08-19,6,972.2299999999999,113,2,5,4,At Risk,2011-02,2011-12-10
16422,2010-12-05,2011-11-22,51,34684.4,18,4,5,5,Champions,2010-12,2011-12-10
16423,2011-11-15,2011-11-15,1,346.12,25,4,1,2,New / Recent,2011-11,2011-12-10
16424,2011-06-01,2011-06-01,1,133.56,192,1,1,1,Developing,2011-06,2011-12-10
16425,2011-02-10,2011-02-10,1,302.7,303,1,1,2,Developing,2011-02,2011-12-10
16426,2011-03-08,2011-12-07,10,1908.25,3,5,5,4,Champions,2011-03,2011-12-10
16427,2011-02-28,2011-03-21,2,241.06,264,1,3,1,At Risk,2011-02,2011-12-10
16429,2011-08-25,2011-08-25,1,284.55,107,2,1,2,Developing,2011-08,2011-12-10
16430,2011-10-13,2011-10-13,1,300.85,58,3,1,2,Developing,2011-10,2011-12-10
16431,2011-02-15,2011-05-10,3,642.81,214,1,3,3,At Risk,2011-02,2011-12-10
16432,2011-10-06,2011-10-06,1,287.40000000000003,65,3,1,2,Developing,2011-10,2011-12-10
16433,2011-11-11,2011-11-11,1,184.26,29,4,1,1,New / Recent,2011-11,2011-12-10
16434,2011-02-13,2011-11-10,7,1522.25,30,4,5,4,Champions,2011-02,2011-12-10
16438,2011-09-18,2011-12-04,5,798.35,6,5,4,3,Loyal,2011-09,2011-12-10
16440,2011-05-09,2011-12-02,5,3640.67,8,5,4,5,Champions,2011-05,2011-12-10
16441,2011-02-21,2011-10-03,2,381.2,68,3,3,2,Developing,2011-02,2011-12-10
16442,2010-12-14,2011-12-08,3,616.79,2,5,3,3,Developing,2010-12,2011-12-10
16444,2011-03-20,2011-10-24,4,654.67,47,3,4,3,Loyal,2011-03,2011-12-10
16445,2011-11-06,2011-11-06,1,230.51,34,3,1,1,Developing,2011-11,2011-12-10
16446,2011-05-18,2011-12-09,2,168472.5,1,5,3,5,Developing,2011-05,2011-12-10
16447,2011-07-27,2011-07-27,1,259.01,136,2,1,2,Developing,2011-07,2011-12-10
16448,2011-05-25,2011-05-25,1,188.89,199,1,1,1,Developing,2011-05,2011-12-10
16449,2011-03-04,2011-05-26,2,707.69,198,1,3,3,At Risk,2011-03,2011-12-10
16450,2011-07-13,2011-07-13,1,311.92,150,2,1,2,Developing,2011-07,2011-12-10
16451,2011-09-13,2011-09-13,1,266.96999999999997,88,2,1,2,Developing,2011-09,2011-12-10
16454,2011-10-06,2011-10-26,2,6.9,45,3,3,1,Developing,2011-10,2011-12-10
16455,2010-12-03,2011-10-07,7,1841.1799999999998,64,3,5,4,Loyal,2010-12,2011-12-10
16456,2010-12-01,2011-09-01,5,2158.37,100,2,4,5,At Risk,2010-12,2011-12-10
16457,2011-05-05,2011-05-05,1,208.36,219,1,1,1,Developing,2011-05,2011-12-10
16458,2010-12-14,2011-12-07,18,3482.7400000000002,3,5,5,5,Champions,2010-12,2011-12-10
16460,2011-09-19,2011-11-11,3,814.72,29,4,3,3,Developing,2011-09,2011-12-10
16461,2011-06-15,2011-06-15,1,151.42,178,2,1,1,Developing,2011-06,2011-12-10
16462,2011-03-01,2011-09-27,3,136.0,74,2,3,1,At Risk,2011-03,2011-12-10
16463,2011-05-19,2011-11-18,4,1422.4,22,4,4,4,Champions,2011-05,2011-12-10
16464,2011-07-20,2011-11-20,3,1314.68,20,4,3,4,Developing,2011-07,2011-12-10
16466,2011-02-20,2011-11-06,7,1603.46,34,3,5,4,Loyal,2011-02,2011-12-10
16468,2011-09-26,2011-09-26,1,74.9,75,2,1,1,Developing,2011-09,2011-12-10
16469,2011-04-07,2011-11-16,4,650.4300000000001,24,4,4,3,Loyal,2011-04,2011-12-10
16470,2010-12-16,2011-10-19,4,762.39,52,3,4,3,Loyal,2010-12,2011-12-10
16471,2011-03-10,2011-03-10,1,223.95,275,1,1,1,Developing,2011-03,2011-12-10
16473,2011-01-07,2011-06-28,3,316.11,165,2,3,2,At Risk,2011-01,2011-12-10
16474,2011-07-17,2011-12-02,7,1871.5,8,5,5,4,Champions,2011-07,2011-12-10
16475,2011-03-11,2011-09-12,4,544.3,89,2,4,3,At Risk,2011-03,2011-12-10
16477,2010-12-03,2011-10-07,7,2494.46,64,3,5,5,Loyal,2010-12,2011-12-10
16478,2011-10-05,2011-11-14,3,331.0,26,4,3,2,Developing,2011-10,2011-12-10
16479,2011-11-29,2011-11-29,2,300.83000000000004,11,5,3,2,Developing,2011-11,2011-12-10
16480,2011-09-25,2011-09-25,1,769.29,76,2,1,3,Developing,2011-09,2011-12-10
16482,2011-11-24,2011-11-24,1,220.62,16,4,1,1,New / Recent,2011-11,2011-12-10
16483,2011-05-31,2011-05-31,1,139.35,193,1,1,1,Developing,2011-05,2011-12-10
16484,2011-06-02,2011-06-19,2,404.29999999999995,174,2,3,2,At Risk,2011-06,2011-12-10
16485,2011-09-23,2011-09-23,1,363.65,78,2,1,2,Developing,2011-09,2011-12-10
16488,2011-07-14,2011-11-06,3,498.8,34,3,3,3,Developing,2011-07,2011-12-10
16491,2011-10-24,2011-10-24,1,731.5,47,3,1,3,Developing,2011-10,2011-12-10
16493,2011-01-14,2011-09-21,4,1351.63,80,2,4,4,At Risk,2011-01,2011-12-10
16494,2011-02-16,2011-02-16,1,826.53,297,1,1,3,Developing,2011-02,2011-12-10
16495,2011-03-08,2011-12-06,3,684.41,4,5,3,3,Developing,2011-03,2011-12-10
16496,2011-01-27,2011-12-01,3,1599.52,9,5,3,4,Developing,2011-01,2011-12-10
16497,2011-01-10,2011-10-21,6,2965.69,50,3,5,5,Loyal,2011-01,2011-12-10
16498,2011-06-30,2011-07-01,2,100.97,162,2,3,1,At Risk,2011-06,2011-12-10
16499,2010-12-10,2010-12-14,2,365.45,361,1,3,2,At Risk,2010-12,2011-12-10
16500,2011-01-13,2011-12-05,6,400.86,5,5,5,2,Loyal,2011-01,2011-12-10
16503,2010-12-14,2011-08-25,4,1431.9299999999998,107,2,4,4,At Risk,2010-12,2011-12-10
16504,2011-11-14,2011-11-14,1,484.38,26,4,1,2,New / Recent,2011-11,2011-12-10
16505,2011-11-08,2011-11-08,1,777.5999999999999,32,4,1,3,New / Recent,2011-11,2011-12-10
16506,2011-10-30,2011-11-20,2,90.30000000000001,20,4,3,1,Developing,2011-10,2011-12-10
16509,2011-02-16,2011-02-16,1,363.7,297,1,1,2,Developing,2011-02,2011-12-10
16510,2010-12-02,2010-12-02,1,248.1,373,1,1,1,Developing,2010-12,2011-12-10
16511,2011-03-18,2011-11-18,3,950.26,22,4,3,4,Developing,2011-03,2011-12-10
16513,2011-10-27,2011-12-05,4,874.59,5,5,4,3,Loyal,2011-10,2011-12-10
16515,2011-02-01,2011-10-18,5,1627.1299999999999,53,3,4,4,Loyal,2011-02,2011-12-10
16516,2011-11-09,2011-11-09,1,101.69999999999999,31,4,1,1,New / Recent,2011-11,2011-12-10
16517,2011-03-07,2011-03-07,1,162.70000000000002,278,1,1,1,Developing,2011-03,2011-12-10
16518,2011-02-28,2011-10-09,2,484.32,62,3,3,2,Developing,2011-02,2011-12-10
16519,2010-12-09,2011-11-14,2,215.07999999999998,26,4,3,1,Developing,2010-12,2011-12-10
16520,2010-12-09,2011-06-06,3,1046.57,187,1,3,4,At Risk,2010-12,2011-12-10
16523,2011-01-28,2011-12-08,21,9418.47,2,5,5,5,Champions,2011-01,2011-12-10
16525,2010-12-08,2011-12-07,26,13027.45,3,5,5,5,Champions,2010-12,2011-12-10
16526,2011-06-21,2011-06-21,1,290.36,172,2,1,2,Developing,2011-06,2011-12-10
16527,2011-09-19,2011-09-19,1,228.06,82,2,1,1,Developing,2011-09,2011-12-10
16528,2011-12-06,2011-12-06,1,244.41,4,5,1,1,New / Recent,2011-12,2011-12-10
16529,2011-06-02,2011-06-02,1,455.25,191,1,1,2,Developing,2011-06,2011-12-10
16531,2010-12-14,2011-11-17,7,1244.59,23,4,5,4,Champions,2010-12,2011-12-10
16532,2011-01-05,2011-11-22,3,6748.8,18,4,3,5,Developing,2011-01,2011-12-10
16533,2011-10-02,2011-11-20,3,1095.56,20,4,3,4,Developing,2011-10,2011-12-10
16535,2011-12-04,2011-12-04,1,593.75,6,5,1,3,New / Recent,2011-12,2011-12-10
16536,2011-08-21,2011-08-21,1,548.97,111,2,1,3,Developing,2011-08,2011-12-10
16539,2010-12-01,2011-12-07,4,1388.81,3,5,4,4,Champions,2010-12,2011-12-10
16542,2011-10-17,2011-10-17,1,119.62,54,3,1,1,Developing,2011-10,2011-12-10
16545,2011-06-28,2011-06-28,1,339.3,165,2,1,2,Developing,2011-06,2011-12-10
16546,2010-12-02,2011-02-22,2,787.15,291,1,3,3,At Risk,2010-12,2011-12-10
16549,2011-01-09,2011-11-29,10,4154.639999999999,11,5,5,5,Champions,2011-01,2011-12-10
16550,2010-12-06,2011-08-23,5,2298.9700000000003,109,2,4,5,At Risk,2010-12,2011-12-10
16551,2011-01-07,2011-09-05,3,922.12,96,2,3,3,At Risk,2011-01,2011-12-10
16552,2010-12-01,2011-04-11,2,379.73,243,1,3,2,At Risk,2010-12,2011-12-10
16553,2010-12-14,2011-06-29,12,5719.82,164,2,5,5,At Risk,2010-12,2011-12-10
16554,2011-01-12,2011-10-28,3,837.1,43,3,3,3,Developing,2011-01,2011-12-10
16555,2011-08-22,2011-11-04,2,285.89,36,3,3,2,Developing,2011-08,2011-12-10
16556,2010-12-14,2011-10-04,7,3313.79,67,3,5,5,Loyal,2010-12,2011-12-10
16557,2011-07-25,2011-11-15,2,281.85,25,4,3,2,Developing,2011-07,2011-12-10
16558,2010-12-08,2011-12-09,20,8338.49,1,5,5,5,Champions,2010-12,2011-12-10
16560,2010-12-16,2011-11-13,2,841.4100000000001,27,4,3,3,Developing,2010-12,2011-12-10
16561,2011-10-11,2011-12-04,2,511.12,6,5,3,3,Developing,2011-10,2011-12-10
16563,2011-10-17,2011-10-17,1,1077.74,54,3,1,4,Developing,2011-10,2011-12-10
16565,2010-12-10,2010-12-10,1,173.7,365,1,1,1,Developing,2010-12,2011-12-10
16566,2011-02-20,2011-11-24,5,614.66,16,4,4,3,Loyal,2011-02,2011-12-10
16567,2011-01-07,2011-05-29,2,865.5999999999999,195,1,3,3,At Risk,2011-01,2011-12-10
16569,2011-12-06,2011-12-06,1,124.2,4,5,1,1,New / Recent,2011-12,2011-12-10
16570,2011-02-01,2011-11-24,10,3738.4,16,4,5,5,Champions,2011-02,2011-12-10
16571,2011-03-03,2011-11-13,3,1421.69,27,4,3,4,Developing,2011-03,2011-12-10
16572,2011-03-09,2011-08-04,3,1009.5999999999999,128,2,3,4,At Risk,2011-03,2011-12-10
16573,2011-02-22,2011-09-16,2,663.61,85,2,3,3,At Risk,2011-02,2011-12-10
16574,2011-09-29,2011-09-29,1,451.44,72,3,1,2,Developing,2011-09,2011-12-10
16581,2011-06-10,2011-06-10,1,105.84,183,1,1,1,Developing,2011-06,2011-12-10
16582,2011-08-18,2011-08-18,1,313.62,114,2,1,2,Developing,2011-08,2011-12-10
16583,2010-12-01,2010-12-01,1,233.45,374,1,1,1,Developing,2010-12,2011-12-10
16584,2011-03-30,2011-09-20,2,936.08,81,2,3,3,At Risk,2011-03,2011-12-10
16586,2011-04-05,2011-04-05,1,463.95,249,1,1,2,Developing,2011-04,2011-12-10
16587,2011-04-21,2011-04-21,1,225.15,233,1,1,1,Developing,2011-04,2011-12-10
16589,2011-07-01,2011-09-29,3,459.24,72,3,3,2,Developing,2011-07,2011-12-10
16591,2011-10-02,2011-10-02,1,213.5,69,3,1,1,Developing,2011-10,2011-12-10
16592,2011-02-25,2011-12-05,16,4113.68,5,5,5,5,Champions,2011-02,2011-12-10
16593,2011-01-16,2011-10-20,3,330.03,51,3,3,2,Developing,2011-01,2011-12-10
16594,2011-09-25,2011-09-25,1,181.09,76,2,1,1,Developing,2011-09,2011-12-10
16595,2011-10-09,2011-10-09,1,360.16,62,3,1,2,Developing,2011-10,2011-12-10
16596,2010-12-08,2011-11-24,2,250.14999999999998,16,4,3,2,Developing,2010-12,2011-12-10
16597,2011-12-05,2011-12-05,1,90.03999999999999,5,5,1,1,New / Recent,2011-12,2011-12-10
16598,2011-02-27,2011-02-27,1,145.05,286,1,1,1,Developing,2011-02,2011-12-10
16600,2011-01-05,2011-12-05,6,813.52,5,5,5,3,Loyal,2011-01,2011-12-10
16601,2011-10-30,2011-10-30,1,244.8,41,3,1,1,Developing,2011-10,2011-12-10
16602,2011-11-03,2011-11-03,1,528.08,37,3,1,3,Developing,2011-11,2011-12-10
16603,2011-09-09,2011-09-26,2,482.47,75,2,3,2,At Risk,2011-09,2011-12-10
16607,2010-12-16,2011-11-22,14,3347.71,18,4,5,5,Champions,2010-12,2011-12-10
16609,2011-04-01,2011-11-24,7,5493.46,16,4,5,5,Champions,2011-04,2011-12-10
16610,2011-05-04,2011-05-04,1,75.66,220,1,1,1,Developing,2011-05,2011-12-10
16611,2011-06-06,2011-06-06,1,129.49,187,1,1,1,Developing,2011-06,2011-12-10
16612,2011-02-01,2011-11-07,4,1187.66,33,4,4,4,Champions,2011-02,2011-12-10
16613,2011-09-30,2011-09-30,1,618.59,71,3,1,3,Developing,2011-09,2011-12-10
16614,2011-06-10,2011-06-10,1,506.19,183,1,1,3,Developing,2011-06,2011-12-10
16616,2011-07-05,2011-11-24,2,500.42,16,4,3,3,Developing,2011-07,2011-12-10
16617,2011-04-18,2011-04-18,1,151.85,236,1,1,1,Developing,2011-04,2011-12-10
16618,2011-01-21,2011-11-08,5,2647.59,32,4,4,5,Champions,2011-01,2011-12-10
16619,2011-03-21,2011-03-21,1,226.21,264,1,1,1,Developing,2011-03,2011-12-10
16620,2011-03-24,2011-12-06,2,178.96,4,5,3,1,Developing,2011-03,2011-12-10
16621,2011-03-07,2011-10-19,4,813.48,52,3,4,3,Loyal,2011-03,2011-12-10
16623,2011-04-08,2011-04-08,1,129.45,246,1,1,1,Developing,2011-04,2011-12-10
16624,2011-05-26,2011-09-20,2,810.5699999999999,81,2,3,3,At Risk,2011-05,2011-12-10
16625,2011-03-10,2011-03-10,1,333.08,275,1,1,2,Developing,2011-03,2011-12-10
16626,2011-03-18,2011-12-09,17,4413.1,1,5,5,5,Champions,2011-03,2011-12-10
16627,2011-09-21,2011-09-21,1,322.8,80,2,1,2,Developing,2011-09,2011-12-10
16628,2011-04-19,2011-11-10,5,2188.05,30,4,4,5,Champions,2011-04,2011-12-10
16629,2011-09-04,2011-09-27,2,417.73,74,2,3,2,At Risk,2011-09,2011-12-10
16633,2011-04-19,2011-11-22,6,2883.1,18,4,5,5,Champions,2011-04,2011-12-10
16634,2010-12-02,2011-05-01,2,217.9,223,1,3,1,At Risk,2010-12,2011-12-10
16637,2011-04-28,2011-11-07,4,1154.47,33,4,4,4,Champions,2011-04,2011-12-10
16638,2010-12-06,2011-11-17,10,1680.72,23,4,5,4,Champions,2010-12,2011-12-10
16639,2011-04-18,2011-11-08,3,1257.51,32,4,3,4,Developing,2011-04,2011-12-10
16641,2011-08-26,2011-08-26,1,231.1,106,2,1,1,Developing,2011-08,2011-12-10
16642,2011-05-16,2011-12-05,2,688.33,5,5,3,3,Developing,2011-05,2011-12-10
16643,2011-04-08,2011-04-08,1,487.51,246,1,1,2,Developing,2011-04,2011-12-10
16644,2011-05-11,2011-06-15,2,833.78,178,2,3,3,At Risk,2011-05,2011-12-10
16647,2011-05-19,2011-06-23,2,214.06,170,2,3,1,At Risk,2011-05,2011-12-10
16648,2011-10-28,2011-10-28,1,290.66,43,3,1,2,Developing,2011-10,2011-12-10
16650,2011-09-29,2011-09-29,1,518.42,72,3,1,3,Developing,2011-09,2011-12-10
16652,2011-03-11,2011-10-12,7,6773.97,59,3,5,5,Loyal,2011-03,2011-12-10
16653,2011-09-29,2011-11-23,2,1212.6599999999999,17,4,3,4,Developing,2011-09,2011-12-10
16654,2010-12-06,2011-07-21,4,601.27,142,2,4,3,At Risk,2010-12,2011-12-10
16655,2011-01-12,2011-11-22,6,3794.52,18,4,5,5,Champions,2011-01,2011-12-10
16656,2010-12-10,2011-11-17,15,8625.8,23,4,5,5,Champions,2010-12,2011-12-10
16657,2011-03-30,2011-11-30,4,933.62,10,5,4,3,Loyal,2011-03,2011-12-10
16658,2010-12-06,2010-12-06,1,123.24,369,1,1,1,Developing,2010-12,2011-12-10
16659,2011-06-03,2011-06-03,1,39.12,190,1,1,1,Developing,2011-06,2011-12-10
16660,2011-01-24,2011-11-23,4,1267.65,17,4,4,4,Champions,2011-01,2011-12-10
16665,2010-12-12,2010-12-12,1,135.4,363,1,1,1,Developing,2010-12,2011-12-10
16666,2011-11-20,2011-11-20,1,118.98,20,4,1,1,New / Recent,2011-11,2011-12-10
16667,2011-02-28,2011-10-02,2,570.13,69,3,3,3,Developing,2011-02,2011-12-10
16668,2011-02-28,2011-11-24,6,306.72,16,4,5,2,Loyal,2011-02,2011-12-10
16669,2011-09-22,2011-11-16,3,1374.87,24,4,3,4,Developing,2011-09,2011-12-10
16670,2010-12-16,2011-11-23,11,4095.9,17,4,5,5,Champions,2010-12,2011-12-10
16671,2011-06-28,2011-11-11,3,1692.27,29,4,3,4,Developing,2011-06,2011-12-10
16672,2011-03-18,2011-12-07,20,8134.94,3,5,5,5,Champions,2011-03,2011-12-10
16674,2011-09-02,2011-10-16,2,319.61,55,3,3,2,Developing,2011-09,2011-12-10
16676,2011-01-06,2011-11-06,4,1592.12,34,3,4,4,Loyal,2011-01,2011-12-10
16678,2011-03-02,2011-12-07,12,3109.9900000000002,3,5,5,5,Champions,2011-03,2011-12-10
16679,2010-12-08,2010-12-08,1,129.75,367,1,1,1,Developing,2010-12,2011-12-10
16680,2011-10-27,2011-10-27,1,183.7,44,3,1,1,Developing,2011-10,2011-12-10
16681,2011-03-31,2011-09-28,6,1770.3400000000001,73,2,5,4,At Risk,2011-03,2011-12-10
16682,2011-06-05,2011-12-05,5,1028.0,5,5,4,4,Champions,2011-06,2011-12-10
16684,2010-12-16,2011-12-05,28,66653.56,5,5,5,5,Champions,2010-12,2011-12-10
16685,2011-10-09,2011-10-09,2,324.24,62,3,3,2,Developing,2011-10,2011-12-10
16686,2010-12-19,2011-10-23,7,3062.83,48,3,5,5,Loyal,2010-12,2011-12-10
16688,2011-10-10,2011-12-08,4,1260.86,2,5,4,4,Champions,2011-10,2011-12-10
16689,2011-09-18,2011-09-25,2,422.6,76,2,3,2,At Risk,2011-09,2011-12-10
16690,2011-05-22,2011-09-28,2,225.58,73,2,3,1,At Risk,2011-05,2011-12-10
16692,2011-02-23,2011-03-28,2,1276.0,257,1,3,4,At Risk,2011-02,2011-12-10
16693,2011-03-13,2011-10-02,2,482.01,69,3,3,2,Developing,2011-03,2011-12-10
16696,2011-04-05,2011-07-27,4,657.9,136,2,4,3,At Risk,2011-04,2011-12-10
16697,2011-04-12,2011-04-12,1,112.75,242,1,1,1,Developing,2011-04,2011-12-10
16698,2011-03-31,2011-04-27,2,1998.0,227,1,3,4,At Risk,2011-03,2011-12-10
16700,2010-12-08,2011-12-01,13,5076.55,9,5,5,5,Champions,2010-12,2011-12-10
16701,2010-12-13,2011-12-01,13,5398.3,9,5,5,5,Champions,2010-12,2011-12-10
16705,2010-12-16,2011-12-09,20,14034.99,1,5,5,5,Champions,2010-12,2011-12-10
16706,2011-08-17,2011-11-02,3,531.3499999999999,38,3,3,3,Developing,2011-08,2011-12-10
16708,2011-10-25,2011-10-25,1,656.63,46,3,1,3,Developing,2011-10,2011-12-10
16709,2011-03-03,2011-09-16,5,3029.87,85,2,4,5,At Risk,2011-03,2011-12-10
16710,2010-12-06,2011-11-20,10,2483.04,20,4,5,5,Champions,2010-12,2011-12-10
16711,2010-12-17,2011-12-06,5,1651.03,4,5,4,4,Champions,2010-12,2011-12-10
16712,2011-03-08,2011-11-30,11,3645.43,10,5,5,5,Champions,2011-03,2011-12-10
16713,2010-12-08,2011-11-21,15,6923.13,19,4,5,5,Champions,2010-12,2011-12-10
16714,2011-01-26,2011-05-05,3,1161.53,219,1,3,4,At Risk,2011-01,2011-12-10
16715,2011-09-22,2011-09-22,1,301.71999999999997,79,2,1,2,Developing,2011-09,2011-12-10
16716,2011-02-01,2011-03-18,2,901.2,267,1,3,3,At Risk,2011-02,2011-12-10
16717,2010-12-08,2011-11-16,6,3858.38,24,4,5,5,Champions,2010-12,2011-12-10
16718,2010-12-05,2010-12-05,1,623.75,370,1,1,3,Developing,2010-12,2011-12-10
16719,2010-12-06,2011-11-25,7,1790.42,15,4,5,4,Champions,2010-12,2011-12-10
16720,2011-11-13,2011-11-13,1,155.24,27,4,1,1,New / Recent,2011-11,2011-12-10
16721,2011-03-22,2011-03-22,1,292.47,263,1,1,2,Developing,2011-03,2011-12-10
16722,2010-12-06,2011-11-22,13,4730.8099999999995,18,4,5,5,Champions,2010-12,2011-12-10
16723,2011-08-24,2011-09-09,2,589.1500000000001,92,2,3,3,At Risk,2011-08,2011-12-10
16725,2010-12-03,2011-02-10,7,781.02,303,1,5,3,At Risk,2010-12,2011-12-10
16726,2010-12-13,2011-11-13,5,1382.02,27,4,4,4,Champions,2010-12,2011-12-10
16727,2010-12-10,2010-12-10,1,272.82,365,1,1,2,Developing,2010-12,2011-12-10
16728,2011-03-20,2011-10-24,4,1054.67,47,3,4,4,Loyal,2011-03,2011-12-10
16729,2011-04-12,2011-11-01,21,7239.92,39,3,5,5,Loyal,2011-04,2011-12-10
16730,2011-01-24,2011-10-18,3,743.11,53,3,3,3,Developing,2011-01,2011-12-10
16732,2011-11-08,2011-11-08,1,603.75,32,4,1,3,New / Recent,2011-11,2011-12-10
16734,2011-08-17,2011-10-18,3,650.51,53,3,3,3,Developing,2011-08,2011-12-10
16735,2011-01-09,2011-09-22,5,2300.56,79,2,4,5,At Risk,2011-01,2011-12-10
16737,2011-10-17,2011-10-17,1,417.6,54,3,1,2,Developing,2011-10,2011-12-10
16738,2011-02-15,2011-02-15,1,3.75,298,1,1,1,Developing,2011-02,2011-12-10
16739,2011-06-16,2011-06-16,1,323.0,177,2,1,2,Developing,2011-06,2011-12-10
16742,2011-10-24,2011-10-24,1,464.9,47,3,1,2,Developing,2011-10,2011-12-10
16743,2010-12-16,2011-11-10,7,2238.09,30,4,5,5,Champions,2010-12,2011-12-10
16744,2011-06-19,2011-11-28,7,1304.7599999999998,12,5,5,4,Champions,2011-06,2011-12-10
16745,2011-02-01,2011-09-14,17,7194.3,87,2,5,5,At Risk,2011-02,2011-12-10
16746,2010-12-16,2011-12-05,18,6697.66,5,5,5,5,Champions,2010-12,2011-12-10
16747,2011-10-03,2011-11-02,2,836.06,38,3,3,3,Developing,2011-10,2011-12-10
16748,2011-01-09,2011-11-22,5,1515.9,18,4,4,4,Champions,2011-01,2011-12-10
16750,2011-04-21,2011-10-26,5,623.93,45,3,4,3,Loyal,2011-04,2011-12-10
16751,2011-11-09,2011-11-09,1,1764.72,31,4,1,4,New / Recent,2011-11,2011-12-10
16752,2010-12-02,2010-12-02,1,207.5,373,1,1,1,Developing,2010-12,2011-12-10
16753,2011-10-12,2011-10-12,1,223.92000000000002,59,3,1,1,Developing,2011-10,2011-12-10
16754,2010-12-02,2010-12-02,1,2002.4,373,1,1,4,Developing,2010-12,2011-12-10
16755,2011-01-28,2011-08-17,3,1496.83,115,2,3,4,At Risk,2011-01,2011-12-10
16756,2011-05-09,2011-05-09,1,239.4,215,1,1,1,Developing,2011-05,2011-12-10
16757,2011-01-25,2011-01-25,1,106.83,319,1,1,1,Developing,2011-01,2011-12-10
16758,2011-10-05,2011-10-05,1,369.34,66,3,1,2,Developing,2011-10,2011-12-10
16759,2011-11-09,2011-12-02,3,789.79,8,5,3,3,Developing,2011-11,2011-12-10
16761,2011-09-04,2011-09-04,1,316.62,97,2,1,2,Developing,2011-09,2011-12-10
16762,2011-07-18,2011-11-20,3,1501.38,20,4,3,4,Developing,2011-07,2011-12-10
16763,2011-05-25,2011-05-25,1,611.85,199,1,1,3,Developing,2011-05,2011-12-10
16764,2011-07-19,2011-12-06,13,2799.25,4,5,5,5,Champions,2011-07,2011-12-10
16765,2011-02-18,2011-02-18,1,34.0,295,1,1,1,Developing,2011-02,2011-12-10
16766,2011-03-11,2011-03-11,2,1145.6,274,1,3,4,At Risk,2011-03,2011-12-10
16767,2011-01-27,2011-11-09,11,5580.6,31,4,5,5,Champions,2011-01,2011-12-10
16768,2011-03-13,2011-10-23,3,478.09000000000003,48,3,3,2,Developing,2011-03,2011-12-10
16769,2011-03-24,2011-03-24,1,380.39,261,1,1,2,Developing,2011-03,2011-12-10
16770,2010-12-02,2011-10-13,5,770.1,58,3,4,3,Loyal,2010-12,2011-12-10
16771,2011-01-05,2011-11-06,5,2246.8100000000004,34,3,4,5,Loyal,2011-01,2011-12-10
16773,2011-10-13,2011-10-13,1,171.59,58,3,1,1,Developing,2011-10,2011-12-10
16774,2011-06-14,2011-10-03,4,661.52,68,3,4,3,Loyal,2011-06,2011-12-10
16775,2010-12-07,2011-11-29,11,1695.66,11,5,5,4,Champions,2010-12,2011-12-10
16776,2011-10-10,2011-10-10,1,388.28,61,3,1,2,Developing,2011-10,2011-12-10
16777,2011-03-27,2011-09-20,2,226.35,81,2,3,1,At Risk,2011-03,2011-12-10
16778,2011-03-10,2011-09-26,2,245.94,75,2,3,1,At Risk,2011-03,2011-12-10
16779,2010-12-08,2011-12-07,22,10629.72,3,5,5,5,Champions,2010-12,2011-12-10
16780,2011-03-25,2011-08-31,2,425.19,101,2,3,2,At Risk,2011-03,2011-12-10
16781,2010-12-02,2010-12-02,1,311.25,373,1,1,2,Developing,2010-12,2011-12-10
16782,2010-12-09,2011-11-29,13,2279.9,11,5,5,5,Champions,2010-12,2011-12-10
16784,2011-11-20,2011-11-20,1,107.6,20,4,1,1,New / Recent,2011-11,2011-12-10
16788,2011-03-30,2011-08-08,2,597.48,124,2,3,3,At Risk,2011-03,2011-12-10
16789,2011-12-01,2011-12-01,1,80.8,9,5,1,1,New / Recent,2011-12,2011-12-10
16790,2011-11-02,2011-12-06,6,1545.6200000000001,4,5,5,4,Champions,2011-11,2011-12-10
16791,2011-01-11,2011-11-10,7,1721.78,30,4,5,4,Champions,2011-01,2011-12-10
16792,2011-03-02,2011-03-02,2,110.38,283,1,3,1,At Risk,2011-03,2011-12-10
16793,2011-10-13,2011-10-13,1,243.84,58,3,1,1,Developing,2011-10,2011-12-10
16794,2011-06-12,2011-12-08,10,1222.71,2,5,5,4,Champions,2011-06,2011-12-10
16795,2010-12-09,2010-12-09,1,414.88,366,1,1,2,Developing,2010-12,2011-12-10
16796,2011-09-11,2011-09-11,1,305.62,90,2,1,2,Developing,2011-09,2011-12-10
16800,2011-11-28,2011-11-28,1,1201.49,12,5,1,4,New / Recent,2011-11,2011-12-10
16801,2011-03-11,2011-06-29,4,1619.73,164,2,4,4,At Risk,2011-03,2011-12-10
16803,2011-10-05,2011-10-05,1,332.3,66,3,1,2,Developing,2011-10,2011-12-10
16804,2011-03-14,2011-11-16,3,536.99,24,4,3,3,Developing,2011-03,2011-12-10
16805,2010-12-14,2011-06-19,2,460.59,174,2,3,2,At Risk,2010-12,2011-12-10
16806,2011-04-14,2011-08-28,4,801.49,104,2,4,3,At Risk,2011-04,2011-12-10
16807,2011-03-14,2011-07-20,3,1121.5900000000001,143,2,3,4,At Risk,2011-03,2011-12-10
16808,2011-03-10,2011-09-01,2,288.42,100,2,3,2,At Risk,2011-03,2011-12-10
16809,2011-03-22,2011-11-16,5,914.69,24,4,4,3,Loyal,2011-03,2011-12-10
16810,2011-05-31,2011-05-31,1,309.54,193,1,1,2,Developing,2011-05,2011-12-10
16811,2011-11-22,2011-12-05,2,547.0699999999999,5,5,3,3,Developing,2011-11,2011-12-10
16812,2010-12-14,2010-12-14,1,479.35,361,1,1,2,Developing,2010-12,2011-12-10
16813,2011-05-19,2011-12-01,10,1692.98,9,5,5,4,Champions,2011-05,2011-12-10
16814,2010-12-05,2011-11-25,21,6509.1,15,4,5,5,Champions,2010-12,2011-12-10
16816,2010-12-16,2011-08-28,4,417.06,104,2,4,2,At Risk,2010-12,2011-12-10
16817,2010-12-06,2011-12-07,9,1604.75,3,5,5,4,Champions,2010-12,2011-12-10
16818,2011-05-18,2011-11-29,11,3349.57,11,5,5,5,Champions,2011-05,2011-12-10
16820,2011-09-05,2011-09-05,1,497.61,96,2,1,3,Developing,2011-09,2011-12-10
16823,2011-04-26,2011-04-26,1,358.38,228,1,1,2,Developing,2011-04,2011-12-10
16824,2011-06-28,2011-11-24,2,460.64,16,4,3,2,Developing,2011-06,2011-12-10
16825,2011-06-07,2011-11-01,2,775.18,39,3,3,3,Developing,2011-06,2011-12-10
16826,2011-10-19,2011-10-19,1,341.7,52,3,1,2,Developing,2011-10,2011-12-10
16828,2011-08-19,2011-09-07,2,128.5,94,2,3,1,At Risk,2011-08,2011-12-10
16829,2011-07-06,2011-07-06,1,197.22,157,2,1,1,Developing,2011-07,2011-12-10
16830,2011-11-01,2011-11-01,1,325.91,39,3,1,2,Developing,2011-11,2011-12-10
16832,2011-05-06,2011-06-08,3,199.15,185,1,3,1,At Risk,2011-05,2011-12-10
16833,2011-01-09,2011-12-08,4,1106.53,2,5,4,4,Champions,2011-01,2011-12-10
16834,2011-04-26,2011-04-26,1,413.46,228,1,1,2,Developing,2011-04,2011-12-10
16835,2010-12-01,2011-08-03,2,180.85,129,2,3,1,At Risk,2010-12,2011-12-10
16836,2011-08-15,2011-10-31,2,251.87,40,3,3,2,Developing,2011-08,2011-12-10
16837,2011-04-08,2011-11-08,11,3170.98,32,4,5,5,Champions,2011-04,2011-12-10
16838,2011-02-24,2011-05-26,2,588.85,198,1,3,3,At Risk,2011-02,2011-12-10
16839,2010-12-05,2011-12-01,34,16594.35,9,5,5,5,Champions,2010-12,2011-12-10
16841,2011-02-25,2011-11-03,6,1869.82,37,3,5,4,Loyal,2011-02,2011-12-10
16842,2011-02-10,2011-08-31,3,1264.19,101,2,3,4,At Risk,2011-02,2011-12-10
16843,2011-01-16,2011-10-28,16,10196.57,43,3,5,5,Loyal,2011-01,2011-12-10
16846,2011-10-20,2011-10-20,1,214.32,51,3,1,1,Developing,2011-10,2011-12-10
16847,2011-10-27,2011-10-27,1,193.44,44,3,1,1,Developing,2011-10,2011-12-10
16848,2011-10-18,2011-10-18,1,281.42,53,3,1,2,Developing,2011-10,2011-12-10
16849,2011-06-06,2011-06-06,1,124.57,187,1,1,1,Developing,2011-06,2011-12-10
16850,2011-01-10,2011-01-10,1,332.40999999999997,334,1,1,2,Developing,2011-01,2011-12-10
16851,2011-10-19,2011-12-05,3,342.45000000000005,5,5,3,2,Developing,2011-10,2011-12-10
16852,2011-06-16,2011-11-29,2,144.91,11,5,3,1,Developing,2011-06,2011-12-10
16855,2011-10-27,2011-11-16,2,328.4,24,4,3,2,Developing,2011-10,2011-12-10
16856,2011-11-25,2011-11-25,1,35.4,15,4,1,1,New / Recent,2011-11,2011-12-10
16858,2010-12-06,2010-12-06,1,375.69,369,1,1,2,Developing,2010-12,2011-12-10
16859,2011-03-23,2011-07-18,2,747.81,145,2,3,3,At Risk,2011-03,2011-12-10
16861,2011-07-04,2011-10-11,2,173.76,60,3,3,1,Developing,2011-07,2011-12-10
16863,2010-12-08,2011-11-08,2,502.8,32,4,3,3,Developing,2010-12,2011-12-10
16866,2011-07-01,2011-07-22,3,207.74,141,2,3,1,At Risk,2011-07,2011-12-10
16869,2011-06-17,2011-11-17,4,825.4200000000001,23,4,4,3,Loyal,2011-06,2011-12-10
16871,2011-03-14,2011-11-17,6,2812.34,23,4,5,5,Champions,2011-03,2011-12-10
16872,2011-06-08,2011-09-23,3,680.02,78,2,3,3,At Risk,2011-06,2011-12-10
16873,2010-12-10,2011-12-05,6,7123.62,5,5,5,5,Champions,2010-12,2011-12-10
16875,2011-01-04,2011-10-03,5,2095.5299999999997,68,3,4,5,Loyal,2011-01,2011-12-10
16877,2011-05-15,2011-11-27,6,853.72,13,5,5,3,Loyal,2011-05,2011-12-10
16878,2011-09-16,2011-09-16,1,13.3,85,2,1,1,Developing,2011-09,2011-12-10
16880,2011-06-03,2011-11-09,7,1519.08,31,4,5,4,Champions,2011-06,2011-12-10
16881,2011-10-04,2011-10-04,1,432.0,67,3,1,2,Developing,2011-10,2011-12-10
16882,2011-01-26,2011-10-04,3,705.12,67,3,3,3,Developing,2011-01,2011-12-10
16883,2010-12-03,2011-06-05,2,276.73,188,1,3,2,At Risk,2010-12,2011-12-10
16884,2011-11-02,2011-11-02,2,429.84,38,3,3,2,Developing,2011-11,2011-12-10
16885,2010-12-17,2011-11-24,3,471.51,16,4,3,2,Developing,2010-12,2011-12-10
16887,2011-11-04,2011-11-04,1,194.88,36,3,1,1,Developing,2011-11,2011-12-10
16889,2011-01-07,2011-05-29,3,1578.6699999999998,195,1,3,4,At Risk,2011-01,2011-12-10
16891,2010-12-03,2011-12-08,5,809.7,2,5,4,3,Loyal,2010-12,2011-12-10
16892,2011-06-09,2011-12-08,5,525.54,2,5,4,3,Loyal,2011-06,2011-12-10
16893,2010-12-08,2010-12-08,1,145.93,367,1,1,1,Developing,2010-12,2011-12-10
16895,2011-10-06,2011-10-06,1,219.14,65,3,1,1,Developing,2011-10,2011-12-10
16897,2011-01-30,2011-02-13,2,289.78,300,1,3,2,At Risk,2011-01,2011-12-10
16898,2010-12-06,2011-11-13,3,508.80999999999995,27,4,3,3,Developing,2010-12,2011-12-10
16899,2010-12-14,2011-12-02,6,1281.56,8,5,5,4,Champions,2010-12,2011-12-10
16900,2011-10-07,2011-11-23,3,887.1099999999999,17,4,3,3,Developing,2011-10,2011-12-10
16902,2011-08-15,2011-08-15,1,1706.88,117,2,1,4,Developing,2011-08,2011-12-10
16903,2011-11-10,2011-11-10,1,373.24,30,4,1,2,New / Recent,2011-11,2011-12-10
16904,2010-12-07,2011-12-05,16,3754.27,5,5,5,5,Champions,2010-12,2011-12-10
16905,2010-12-03,2011-12-04,7,3102.43,6,5,5,5,Champions,2010-12,2011-12-10
16906,2011-04-05,2011-09-19,4,579.77,82,2,4,3,At Risk,2011-04,2011-12-10
16907,2010-12-09,2011-11-10,5,981.65,30,4,4,4,Champions,2010-12,2011-12-10
16909,2011-09-28,2011-09-28,1,379.14,73,2,1,2,Developing,2011-09,2011-12-10
16910,2011-09-09,2011-12-05,8,1510.06,5,5,5,4,Champions,2011-09,2011-12-10
16912,2011-01-20,2011-11-11,11,2575.38,29,4,5,5,Champions,2011-01,2011-12-10
16913,2011-02-22,2011-02-22,1,113.44,291,1,1,1,Developing,2011-02,2011-12-10
16914,2011-11-03,2011-11-03,1,208.46,37,3,1,1,Developing,2011-11,2011-12-10
16915,2011-03-01,2011-11-30,6,621.68,10,5,5,3,Loyal,2011-03,2011-12-10
16916,2010-12-02,2011-11-16,2,576.26,24,4,3,3,Developing,2010-12,2011-12-10
16917,2011-03-08,2011-03-08,1,391.52,277,1,1,2,Developing,2011-03,2011-12-10
16918,2011-01-26,2011-10-21,6,1068.82,50,3,5,4,Loyal,2011-01,2011-12-10
16919,2010-12-06,2011-07-06,11,2596.45,157,2,5,5,At Risk,2010-12,2011-12-10
16921,2011-10-09,2011-10-09,1,169.79,62,3,1,1,Developing,2011-10,2011-12-10
16923,2010-12-12,2011-11-27,19,7247.61,13,5,5,5,Champions,2010-12,2011-12-10
16924,2011-09-16,2011-11-18,3,846.75,22,4,3,3,Developing,2011-09,2011-12-10
16926,2010-12-03,2010-12-03,1,230.25,372,1,1,1,Developing,2010-12,2011-12-10
16927,2010-12-13,2011-08-16,3,543.05,116,2,3,3,At Risk,2010-12,2011-12-10
16928,2010-12-01,2011-09-20,17,2847.6,81,2,5,5,At Risk,2010-12,2011-12-10
16929,2011-07-07,2011-12-06,7,1295.39,4,5,5,4,Champions,2011-07,2011-12-10
16930,2011-10-02,2011-11-13,3,380.55,27,4,3,2,Developing,2011-10,2011-12-10
16931,2010-12-05,2011-12-04,21,4604.22,6,5,5,5,Champions,2010-12,2011-12-10
16932,2011-10-17,2011-10-17,1,161.94,54,3,1,1,Developing,2011-10,2011-12-10
16933,2011-04-14,2011-12-08,2,563.23,2,5,3,3,Developing,2011-04,2011-12-10
16934,2011-10-16,2011-10-16,2,950.9300000000001,55,3,3,4,Developing,2011-10,2011-12-10
16936,2011-11-14,2011-11-14,1,262.68,26,4,1,2,New / Recent,2011-11,2011-12-10
16938,2011-02-04,2011-12-01,4,2736.38,9,5,4,5,Champions,2011-02,2011-12-10
16940,2011-02-23,2011-10-18,3,3049.88,53,3,3,5,Developing,2011-02,2011-12-10
16942,2011-04-26,2011-11-27,9,1920.5900000000001,13,5,5,4,Champions,2011-04,2011-12-10
16943,2011-01-25,2011-05-12,3,816.73,212,1,3,3,At Risk,2011-01,2011-12-10
16945,2010-12-16,2011-11-18,19,4345.5,22,4,5,5,Champions,2010-12,2011-12-10
16947,2011-04-18,2011-04-18,1,406.48,236,1,1,2,Developing,2011-04,2011-12-10
16948,2011-01-18,2011-07-24,3,435.02,139,2,3,2,At Risk,2011-01,2011-12-10
16949,2011-01-27,2011-12-06,6,1286.27,4,5,5,4,Champions,2011-01,2011-12-10
16950,2010-12-07,2011-10-14,3,1178.56,57,3,3,4,Developing,2010-12,2011-12-10
16951,2011-02-08,2011-07-28,3,1277.75,135,2,3,4,At Risk,2011-02,2011-12-10
16952,2011-08-22,2011-08-22,2,167.61,110,2,3,1,At Risk,2011-08,2011-12-10
16953,2011-11-09,2011-11-09,1,20.8,31,4,1,1,New / Recent,2011-11,2011-12-10
16954,2010-12-15,2011-12-09,9,2085.08,1,5,5,5,Champions,2010-12,2011-12-10
16955,2010-12-01,2011-06-08,4,518.67,185,1,4,3,At Risk,2010-12,2011-12-10
16956,2011-11-22,2011-11-22,1,308.74,18,4,1,2,New / Recent,2011-11,2011-12-10
16957,2011-03-03,2011-04-14,2,416.64,240,1,3,2,At Risk,2011-03,2011-12-10
16959,2011-09-13,2011-09-13,1,117.35,88,2,1,1,Developing,2011-09,2011-12-10
16960,2011-04-01,2011-11-01,3,507.05,39,3,3,3,Developing,2011-04,2011-12-10
16961,2011-08-15,2011-08-15,1,234.17000000000002,117,2,1,1,Developing,2011-08,2011-12-10
16963,2011-06-05,2011-06-05,1,110.55,188,1,1,1,Developing,2011-06,2011-12-10
16965,2011-04-27,2011-04-27,1,201.19,227,1,1,1,Developing,2011-04,2011-12-10
16966,2011-04-13,2011-12-01,7,2154.9700000000003,9,5,5,5,Champions,2011-04,2011-12-10
16967,2011-06-03,2011-06-03,1,319.02,190,1,1,2,Developing,2011-06,2011-12-10
16968,2011-08-24,2011-12-05,2,439.43,5,5,3,2,Developing,2011-08,2011-12-10
16969,2011-06-01,2011-10-31,3,650.41,40,3,3,3,Developing,2011-06,2011-12-10
16971,2011-11-01,2011-11-01,1,357.21,39,3,1,2,Developing,2011-11,2011-12-10
16976,2011-03-17,2011-03-17,1,251.51999999999998,268,1,1,2,Developing,2011-03,2011-12-10
16978,2011-09-23,2011-09-23,1,344.33,78,2,1,2,Developing,2011-09,2011-12-10
16979,2011-02-15,2011-12-06,6,1852.0,4,5,5,4,Champions,2011-02,2011-12-10
16980,2011-02-21,2011-03-29,2,1078.96,256,1,3,4,At Risk,2011-02,2011-12-10
16982,2011-10-10,2011-10-10,1,384.06,61,3,1,2,Developing,2011-10,2011-12-10
16983,2010-12-05,2011-11-27,7,1931.25,13,5,5,4,Champions,2010-12,2011-12-10
16984,2011-08-01,2011-09-12,2,4481.35,89,2,3,5,At Risk,2011-08,2011-12-10
16985,2010-12-16,2011-11-22,10,5464.12,18,4,5,5,Champions,2010-12,2011-12-10
16986,2011-11-09,2011-11-10,2,1873.2,30,4,3,4,Developing,2011-11,2011-12-10
16987,2011-05-18,2011-12-06,7,1625.05,4,5,5,4,Champions,2011-05,2011-12-10
16988,2011-12-04,2011-12-04,1,126.12,6,5,1,1,New / Recent,2011-12,2011-12-10
16989,2011-07-12,2011-12-02,6,1133.25,8,5,5,4,Champions,2011-07,2011-12-10
16990,2011-05-05,2011-05-05,1,179.0,219,1,1,1,Developing,2011-05,2011-12-10
16992,2011-02-28,2011-11-29,5,1614.31,11,5,4,4,Champions,2011-02,2011-12-10
16996,2010-12-21,2011-11-09,6,1456.96,31,4,5,4,Champions,2010-12,2011-12-10
16997,2011-01-18,2011-02-24,3,702.0,289,1,3,3,At Risk,2011-01,2011-12-10
16998,2011-02-08,2011-07-13,4,295.0,150,2,4,2,At Risk,2011-02,2011-12-10
16999,2011-09-26,2011-11-16,2,484.82,24,4,3,2,Developing,2011-09,2011-12-10
17001,2010-12-16,2011-12-09,11,3989.57,1,5,5,5,Champions,2010-12,2011-12-10
17002,2011-02-22,2011-09-15,3,1493.73,86,2,3,4,At Risk,2011-02,2011-12-10
17004,2011-09-08,2011-10-24,2,1412.94,47,3,3,4,Developing,2011-09,2011-12-10
17006,2011-09-25,2011-12-05,4,781.78,5,5,4,3,Loyal,2011-09,2011-12-10
17007,2010-12-17,2011-10-20,6,889.9300000000001,51,3,5,3,Loyal,2010-12,2011-12-10
17010,2011-11-21,2011-11-21,1,195.36,19,4,1,1,New / Recent,2011-11,2011-12-10
17011,2011-11-09,2011-11-09,1,270.9,31,4,1,2,New / Recent,2011-11,2011-12-10
17014,2011-10-04,2011-12-01,3,586.3299999999999,9,5,3,3,Developing,2011-10,2011-12-10
17015,2011-06-07,2011-11-11,3,1842.56,29,4,3,4,Developing,2011-06,2011-12-10
17017,2010-12-02,2011-12-07,20,8694.26,3,5,5,5,Champions,2010-12,2011-12-10
17018,2011-01-18,2011-10-30,2,920.1,41,3,3,3,Developing,2011-01,2011-12-10
17019,2010-12-06,2011-11-28,4,1272.61,12,5,4,4,Champions,2010-12,2011-12-10
17022,2011-11-08,2011-11-08,1,71.0,32,4,1,1,New / Recent,2011-11,2011-12-10
17024,2011-07-05,2011-10-25,3,95.85,46,3,3,1,Developing,2011-07,2011-12-10
17025,2010-12-01,2011-10-10,3,357.77,61,3,3,2,Developing,2010-12,2011-12-10
17026,2010-12-05,2011-06-07,2,154.83,186,1,3,1,At Risk,2010-12,2011-12-10
17027,2011-01-26,2011-09-22,6,890.29,79,2,5,3,At Risk,2011-01,2011-12-10
17029,2011-04-17,2011-08-21,2,716.0,111,2,3,3,At Risk,2011-04,2011-12-10
17030,2011-10-07,2011-10-07,1,146.87,64,3,1,1,Developing,2011-10,2011-12-10
17031,2011-07-08,2011-11-28,2,380.35,12,5,3,2,Developing,2011-07,2011-12-10
17033,2010-12-15,2011-09-14,3,1030.14,87,2,3,4,At Risk,2010-12,2011-12-10
17034,2011-02-25,2011-11-23,3,745.52,17,4,3,3,Developing,2011-02,2011-12-10
17035,2011-02-01,2011-04-08,2,433.53,246,1,3,2,At Risk,2011-02,2011-12-10
17037,2011-09-13,2011-09-13,1,1267.32,88,2,1,4,Developing,2011-09,2011-12-10
17038,2011-11-09,2011-11-09,1,112.4,31,4,1,1,New / Recent,2011-11,2011-12-10
17040,2011-07-25,2011-07-25,1,449.72999999999996,138,2,1,2,Developing,2011-07,2011-12-10
17041,2010-12-14,2011-11-13,3,1081.57,27,4,3,4,Developing,2010-12,2011-12-10
17042,2011-04-06,2011-12-07,5,1044.3799999999999,3,5,4,4,Champions,2011-04,2011-12-10
17043,2011-03-18,2011-11-07,4,1735.18,33,4,4,4,Champions,2011-03,2011-12-10
17044,2011-11-14,2011-11-14,1,948.48,26,4,1,4,New / Recent,2011-11,2011-12-10
17045,2011-04-06,2011-08-18,3,339.44,114,2,3,2,At Risk,2011-04,2011-12-10
17046,2011-07-05,2011-07-05,1,642.02,158,2,1,3,Developing,2011-07,2011-12-10
17047,2011-05-18,2011-09-15,3,1100.9,86,2,3,4,At Risk,2011-05,2011-12-10
17048,2011-01-12,2011-08-14,3,925.3499999999999,118,2,3,3,At Risk,2011-01,2011-12-10
17049,2011-03-09,2011-12-07,9,5659.9800000000005,3,5,5,5,Champions,2011-03,2011-12-10
17050,2011-02-13,2011-09-04,6,3228.84,97,2,5,5,At Risk,2011-02,2011-12-10
17051,2011-05-29,2011-05-29,1,247.14,195,1,1,1,Developing,2011-05,2011-12-10
17052,2011-11-11,2011-11-11,1,413.75,29,4,1,2,New / Recent,2011-11,2011-12-10
17053,2011-08-01,2011-08-01,1,498.48,131,2,1,3,Developing,2011-08,2011-12-10
17054,2011-04-08,2011-11-11,5,1356.33,29,4,4,4,Champions,2011-04,2011-12-10
17058,2011-04-14,2011-09-19,3,1179.89,82,2,3,4,At Risk,2011-04,2011-12-10
17059,2010-12-05,2011-11-10,5,3095.04,30,4,4,5,Champions,2010-12,2011-12-10
17060,2011-03-18,2011-03-18,1,234.23999999999998,267,1,1,1,Developing,2011-03,2011-12-10
17061,2011-04-21,2011-09-27,11,5232.23,74,2,5,5,At Risk,2011-04,2011-12-10
17062,2010-12-05,2011-01-30,4,538.37,314,1,4,3,At Risk,2010-12,2011-12-10
17063,2011-02-23,2011-11-18,7,1461.1399999999999,22,4,5,4,Champions,2011-02,2011-12-10
17064,2011-01-16,2011-10-12,3,859.35,59,3,3,3,Developing,2011-01,2011-12-10
17068,2010-12-06,2011-11-27,21,4552.14,13,5,5,5,Champions,2010-12,2011-12-10
17069,2010-12-01,2011-11-11,9,2709.7,29,4,5,5,Champions,2010-12,2011-12-10
17070,2011-08-17,2011-08-17,1,312.14,115,2,1,2,Developing,2011-08,2011-12-10
17071,2011-02-03,2011-11-11,9,2429.03,29,4,5,5,Champions,2011-02,2011-12-10
17073,2011-08-22,2011-11-22,4,1446.09,18,4,4,4,Champions,2011-08,2011-12-10
17075,2011-01-26,2011-11-22,4,834.12,18,4,4,3,Loyal,2011-01,2011-12-10
17076,2010-12-10,2011-11-03,3,841.08,37,3,3,3,Developing,2010-12,2011-12-10
17078,2011-11-03,2011-11-03,2,378.20000000000005,37,3,3,2,Developing,2011-11,2011-12-10
17079,2011-09-22,2011-09-22,1,118.8,79,2,1,1,Developing,2011-09,2011-12-10
17080,2011-03-15,2011-11-17,2,287.62,23,4,3,2,Developing,2011-03,2011-12-10
17081,2011-10-24,2011-11-14,2,290.15999999999997,26,4,3,2,Developing,2011-10,2011-12-10
17082,2011-01-25,2011-11-06,2,2003.8500000000001,34,3,3,4,Developing,2011-01,2011-12-10
17083,2011-02-09,2011-08-22,3,1405.78,110,2,3,4,At Risk,2011-02,2011-12-10
17084,2011-11-04,2011-11-04,2,2949.75,36,3,3,5,Developing,2011-11,2011-12-10
17085,2010-12-12,2011-08-08,5,1566.65,124,2,4,4,At Risk,2010-12,2011-12-10
17086,2011-10-07,2011-12-02,6,2050.08,8,5,5,4,Champions,2011-10,2011-12-10
17088,2011-03-31,2011-11-11,4,1991.01,29,4,4,4,Champions,2011-03,2011-12-10
17090,2010-12-20,2011-12-05,7,2043.95,5,5,5,4,Champions,2010-12,2011-12-10
17091,2010-12-07,2011-12-07,9,3827.76,3,5,5,5,Champions,2010-12,2011-12-10
17092,2011-03-07,2011-10-20,4,1777.78,51,3,4,4,Loyal,2011-03,2011-12-10
17094,2011-01-21,2011-01-21,1,302.0,323,1,1,2,Developing,2011-01,2011-12-10
17095,2011-01-09,2011-11-17,3,1324.1599999999999,23,4,3,4,Developing,2011-01,2011-12-10
17096,2011-03-23,2011-11-24,4,1022.13,16,4,4,4,Champions,2011-03,2011-12-10
17097,2010-12-09,2011-12-07,8,954.42,3,5,5,4,Champions,2010-12,2011-12-10
17100,2011-11-21,2011-11-21,2,971.74,19,4,3,4,Developing,2011-11,2011-12-10
17101,2011-06-14,2011-11-29,4,1621.73,11,5,4,4,Champions,2011-06,2011-12-10
17102,2011-03-23,2011-03-23,1,25.5,262,1,1,1,Developing,2011-03,2011-12-10
17105,2011-02-06,2011-07-03,2,665.78,160,2,3,3,At Risk,2011-02,2011-12-10
17107,2011-03-06,2011-11-06,6,10815.43,34,3,5,5,Loyal,2011-03,2011-12-10
17109,2011-04-21,2011-11-10,6,885.04,30,4,5,3,Loyal,2011-04,2011-12-10
17110,2011-06-27,2011-06-27,1,163.29999999999998,166,2,1,1,Developing,2011-06,2011-12-10
17111,2011-10-23,2011-10-23,1,248.61,48,3,1,1,Developing,2011-10,2011-12-10
17114,2011-01-09,2011-12-04,8,808.62,6,5,5,3,Loyal,2011-01,2011-12-10
17115,2011-04-20,2011-12-01,3,837.5,9,5,3,3,Developing,2011-04,2011-12-10
17117,2011-02-24,2011-02-24,1,116.2,289,1,1,1,Developing,2011-02,2011-12-10
17118,2011-01-26,2011-01-26,1,157.02,318,1,1,1,Developing,2011-01,2011-12-10
17119,2011-10-11,2011-12-06,2,606.91,4,5,3,3,Developing,2011-10,2011-12-10
17120,2011-04-20,2011-04-20,1,307.46,234,1,1,2,Developing,2011-04,2011-12-10
17122,2011-08-12,2011-08-12,1,138.32,120,2,1,1,Developing,2011-08,2011-12-10
17123,2011-07-01,2011-07-01,1,345.3,162,2,1,2,Developing,2011-07,2011-12-10
17124,2011-06-07,2011-06-07,1,298.89,186,1,1,2,Developing,2011-06,2011-12-10
17125,2011-10-20,2011-10-20,1,259.35,51,3,1,2,Developing,2011-10,2011-12-10
17126,2010-12-12,2011-07-10,5,1004.75,153,2,4,4,At Risk,2010-12,2011-12-10
17128,2011-01-09,2011-01-09,1,157.09,335,1,1,1,Developing,2011-01,2011-12-10
17131,2011-09-25,2011-12-04,5,2463.17,6,5,4,5,Champions,2011-09,2011-12-10
17133,2011-03-18,2011-11-24,7,4892.24,16,4,5,5,Champions,2011-03,2011-12-10
17134,2011-03-20,2011-08-25,2,425.0,107,2,3,2,At Risk,2011-03,2011-12-10
17135,2010-12-03,2011-11-23,7,1139.73,17,4,5,4,Champions,2010-12,2011-12-10
17138,2011-03-09,2011-03-09,1,380.5,276,1,1,2,Developing,2011-03,2011-12-10
17139,2011-02-24,2011-11-24,12,10668.47,16,4,5,5,Champions,2011-02,2011-12-10
17140,2011-04-06,2011-04-06,1,465.32,248,1,1,2,Developing,2011-04,2011-12-10
17142,2011-04-14,2011-04-14,1,579.0,240,1,1,3,Developing,2011-04,2011-12-10
17144,2011-09-16,2011-12-08,2,984.5699999999999,2,5,3,4,Developing,2011-09,2011-12-10
17146,2010-12-16,2011-08-26,3,749.78,106,2,3,3,At Risk,2010-12,2011-12-10
17147,2011-02-01,2011-11-17,4,1714.5900000000001,23,4,4,4,Champions,2011-02,2011-12-10
17148,2011-10-19,2011-10-19,1,124.88,52,3,1,1,Developing,2011-10,2011-12-10
17152,2011-03-21,2011-05-29,3,1689.5,195,1,3,4,At Risk,2011-03,2011-12-10
17153,2011-11-15,2011-11-15,1,213.78,25,4,1,1,New / Recent,2011-11,2011-12-10
17154,2011-09-25,2011-09-25,1,329.34,76,2,1,2,Developing,2011-09,2011-12-10
17155,2011-06-15,2011-11-22,2,251.7,18,4,3,2,Developing,2011-06,2011-12-10
17157,2011-06-16,2011-12-02,2,319.0,8,5,3,2,Developing,2011-06,2011-12-10
17158,2010-12-14,2011-11-07,3,1266.97,33,4,3,4,Developing,2010-12,2011-12-10
17159,2011-06-21,2011-11-18,3,1538.88,22,4,3,4,Developing,2011-06,2011-12-10
17160,2011-04-12,2011-11-08,6,3518.0299999999997,32,4,5,5,Champions,2011-04,2011-12-10
17162,2011-02-07,2011-11-11,10,1715.46,29,4,5,4,Champions,2011-02,2011-12-10
17163,2011-09-22,2011-11-18,2,293.1,22,4,3,2,Developing,2011-09,2011-12-10
17164,2011-03-11,2011-11-07,7,2467.35,33,4,5,5,Champions,2011-03,2011-12-10
17165,2011-02-28,2011-02-28,1,158.68,285,1,1,1,Developing,2011-02,2011-12-10
17166,2011-05-20,2011-11-01,2,206.34,39,3,3,1,Developing,2011-05,2011-12-10
17169,2011-06-09,2011-10-13,2,835.78,58,3,3,3,Developing,2011-06,2011-12-10
17171,2011-02-23,2011-02-23,1,224.91,290,1,1,1,Developing,2011-02,2011-12-10
17172,2011-09-22,2011-09-22,1,317.76,79,2,1,2,Developing,2011-09,2011-12-10
17173,2011-07-31,2011-12-04,8,3766.6000000000004,6,5,5,5,Champions,2011-07,2011-12-10
17174,2011-05-06,2011-05-06,1,59.9,218,1,1,1,Developing,2011-05,2011-12-10
17175,2011-02-16,2011-10-26,4,1443.69,45,3,4,4,Loyal,2011-02,2011-12-10
17176,2011-05-22,2011-05-22,1,306.13,202,1,1,2,Developing,2011-05,2011-12-10
17179,2010-12-13,2011-06-14,3,711.79,179,2,3,3,At Risk,2010-12,2011-12-10
17180,2011-01-27,2011-10-14,4,796.03,57,3,4,3,Loyal,2011-01,2011-12-10
17181,2010-12-01,2011-10-13,2,239.91999999999996,58,3,3,1,Developing,2010-12,2011-12-10
17183,2011-08-26,2011-12-02,6,3347.31,8,5,5,5,Champions,2011-08,2011-12-10
17186,2011-10-10,2011-10-24,2,144.0,47,3,3,1,Developing,2011-10,2011-12-10
17187,2011-04-27,2011-04-27,1,203.95,227,1,1,1,Developing,2011-04,2011-12-10
17188,2010-12-12,2011-11-28,7,2474.23,12,5,5,5,Champions,2010-12,2011-12-10
17189,2010-12-15,2011-08-25,2,384.4,107,2,3,2,At Risk,2010-12,2011-12-10
17190,2011-05-16,2011-10-12,2,444.74,59,3,3,2,Developing,2011-05,2011-12-10
17191,2010-12-06,2011-11-11,7,2095.13,29,4,5,5,Champions,2010-12,2011-12-10
17193,2011-06-16,2011-11-04,7,1699.3,36,3,5,4,Loyal,2011-06,2011-12-10
17194,2010-12-14,2011-03-11,2,262.62,274,1,3,2,At Risk,2010-12,2011-12-10
17197,2011-11-10,2011-11-10,1,1013.01,30,4,1,4,New / Recent,2011-11,2011-12-10
17198,2010-12-03,2011-11-16,3,692.22,24,4,3,3,Developing,2010-12,2011-12-10
17201,2011-10-17,2011-10-17,1,342.63,54,3,1,2,Developing,2011-10,2011-12-10
17203,2011-10-10,2011-11-04,6,3563.85,36,3,5,5,Loyal,2011-10,2011-12-10
17204,2011-03-21,2011-06-17,4,1564.56,176,2,4,4,At Risk,2011-03,2011-12-10
17205,2011-10-17,2011-10-17,1,384.08,54,3,1,2,Developing,2011-10,2011-12-10
17206,2011-10-17,2011-10-17,1,204.24,54,3,1,1,Developing,2011-10,2011-12-10
17211,2010-12-05,2011-11-13,8,2317.2200000000003,27,4,5,5,Champions,2010-12,2011-12-10
17212,2011-03-31,2011-03-31,1,226.85,254,1,1,1,Developing,2011-03,2011-12-10
17213,2010-12-08,2011-10-30,7,2781.23,41,3,5,5,Loyal,2010-12,2011-12-10
17214,2010-12-15,2011-10-10,6,1069.12,61,3,5,4,Loyal,2010-12,2011-12-10
17217,2011-04-19,2011-04-19,1,113.5,235,1,1,1,Developing,2011-04,2011-12-10
17218,2010-12-06,2011-12-05,10,1960.72,5,5,5,4,Champions,2010-12,2011-12-10
17219,2011-11-08,2011-11-08,1,114.23,32,4,1,1,New / Recent,2011-11,2011-12-10
17220,2010-12-10,2011-11-15,14,3198.25,25,4,5,5,Champions,2010-12,2011-12-10
17221,2011-11-03,2011-12-02,2,335.13,8,5,3,2,Developing,2011-11,2011-12-10
17222,2011-10-05,2011-10-05,1,354.15,66,3,1,2,Developing,2011-10,2011-12-10
17223,2010-12-06,2011-02-02,2,426.79,311,1,3,2,At Risk,2010-12,2011-12-10
17226,2011-02-04,2011-02-04,1,393.49,309,1,1,2,Developing,2011-02,2011-12-10
17227,2010-12-06,2011-11-21,6,939.3199999999999,19,4,5,3,Loyal,2010-12,2011-12-10
17228,2010-12-02,2011-11-24,8,1906.0900000000001,16,4,5,4,Champions,2010-12,2011-12-10
17229,2011-07-20,2011-09-04,2,318.76,97,2,3,2,At Risk,2011-07,2011-12-10
17230,2010-12-15,2011-03-20,8,3638.41,265,1,5,5,At Risk,2010-12,2011-12-10
17231,2010-12-13,2011-11-27,10,3174.3199999999997,13,5,5,5,Champions,2010-12,2011-12-10
17232,2011-11-25,2011-12-07,2,421.52,3,5,3,2,Developing,2011-11,2011-12-10
17233,2011-11-04,2011-11-04,1,190.88,36,3,1,1,Developing,2011-11,2011-12-10
17234,2011-06-10,2011-06-10,1,149.89,183,1,1,1,Developing,2011-06,2011-12-10
17235,2010-12-02,2011-11-14,2,550.06,26,4,3,3,Developing,2010-12,2011-12-10
17236,2010-12-12,2011-11-27,6,916.13,13,5,5,3,Loyal,2010-12,2011-12-10
17237,2011-11-17,2011-11-28,2,314.69,12,5,3,2,Developing,2011-11,2011-12-10
17238,2010-12-03,2011-12-07,17,3744.65,3,5,5,5,Champions,2010-12,2011-12-10
17239,2011-01-31,2011-01-31,1,382.5,313,1,1,2,Developing,2011-01,2011-12-10
17242,2011-06-12,2011-08-23,2,1135.04,109,2,3,4,At Risk,2011-06,2011-12-10
17243,2010-12-05,2011-12-08,26,8676.85,2,5,5,5,Champions,2010-12,2011-12-10
17244,2011-10-17,2011-10-17,1,954.9,54,3,1,4,Developing,2011-10,2011-12-10
17245,2011-05-19,2011-05-19,1,171.45000000000002,205,1,1,1,Developing,2011-05,2011-12-10
17247,2011-11-24,2011-11-24,1,282.19,16,4,1,2,New / Recent,2011-11,2011-12-10
17248,2011-08-11,2011-08-11,1,318.65,121,2,1,2,Developing,2011-08,2011-12-10
17250,2011-03-23,2011-12-06,2,384.52,4,5,3,2,Developing,2011-03,2011-12-10
17251,2010-12-12,2010-12-12,1,283.28,363,1,1,2,Developing,2010-12,2011-12-10
17252,2011-06-06,2011-08-15,2,353.85999999999996,117,2,3,2,At Risk,2011-06,2011-12-10
17253,2011-11-21,2011-11-21,1,178.26,19,4,1,1,New / Recent,2011-11,2011-12-10
17254,2011-11-24,2011-12-05,2,272.44,5,5,3,2,Developing,2011-11,2011-12-10
17255,2011-02-13,2011-10-30,2,298.40999999999997,41,3,3,2,Developing,2011-02,2011-12-10
17256,2011-01-31,2011-08-24,2,240.0,108,2,3,1,At Risk,2011-01,2011-12-10
17259,2010-12-06,2011-07-14,2,603.37,149,2,3,3,At Risk,2010-12,2011-12-10
17262,2010-12-08,2011-10-18,5,1253.3600000000001,53,3,4,4,Loyal,2010-12,2011-12-10
17263,2011-05-15,2011-05-15,1,63.440000000000005,209,1,1,1,Developing,2011-05,2011-12-10
17265,2011-06-12,2011-07-24,2,562.9000000000001,139,2,3,3,At Risk,2011-06,2011-12-10
17266,2011-07-15,2011-12-07,3,310.64,3,5,3,2,Developing,2011-07,2011-12-10
17267,2011-08-04,2011-08-04,2,317.62,128,2,3,2,At Risk,2011-08,2011-12-10
17268,2011-04-08,2011-08-24,4,763.64,108,2,4,3,At Risk,2011-04,2011-12-10
17272,2011-03-22,2011-10-28,4,2148.63,43,3,4,5,Loyal,2011-03,2011-12-10
17274,2011-11-04,2011-11-04,1,111.98,36,3,1,1,Developing,2011-11,2011-12-10
17277,2011-01-21,2011-04-26,2,1065.35,228,1,3,4,At Risk,2011-01,2011-12-10
17278,2011-04-12,2011-04-12,1,246.04,242,1,1,1,Developing,2011-04,2011-12-10
17279,2011-10-13,2011-10-13,1,187.82999999999998,58,3,1,1,Developing,2011-10,2011-12-10
17282,2011-02-13,2011-08-01,3,1703.41,131,2,3,4,At Risk,2011-02,2011-12-10
17284,2011-01-07,2011-10-10,6,1652.58,61,3,5,4,Loyal,2011-01,2011-12-10
17286,2011-11-18,2011-11-18,1,153.92,22,4,1,1,New / Recent,2011-11,2011-12-10
17287,2010-12-02,2011-11-13,7,1064.11,27,4,5,4,Champions,2010-12,2011-12-10
17288,2010-12-16,2011-11-30,7,1419.73,10,5,5,4,Champions,2010-12,2011-12-10
17289,2011-06-12,2011-11-08,3,944.4100000000001,32,4,3,4,Developing,2011-06,2011-12-10
17290,2011-11-23,2011-12-06,2,525.24,4,5,3,3,Developing,2011-11,2011-12-10
17291,2011-02-04,2011-02-04,1,550.8,309,1,1,3,Developing,2011-02,2011-12-10
17293,2010-12-13,2011-12-01,9,1875.1100000000001,9,5,5,4,Champions,2010-12,2011-12-10
17295,2011-10-06,2011-11-11,3,556.95,29,4,3,3,Developing,2011-10,2011-12-10
17297,2011-11-22,2011-11-22,1,131.78,18,4,1,1,New / Recent,2011-11,2011-12-10
17298,2011-08-07,2011-08-30,2,498.42,102,2,3,3,At Risk,2011-08,2011-12-10
17299,2011-06-19,2011-11-28,4,669.11,12,5,4,3,Loyal,2011-06,2011-12-10
17301,2011-11-18,2011-11-18,1,197.63,22,4,1,1,New / Recent,2011-11,2011-12-10
17302,2011-02-07,2011-11-25,5,1135.63,15,4,4,4,Champions,2011-02,2011-12-10
17303,2010-12-13,2010-12-13,1,250.04,362,1,1,1,Developing,2010-12,2011-12-10
17306,2010-12-21,2011-11-29,19,8631.31,11,5,5,5,Champions,2010-12,2011-12-10
17309,2011-09-05,2011-09-05,1,82.75,96,2,1,1,Developing,2011-09,2011-12-10
17311,2011-01-27,2011-09-22,2,1384.85,79,2,3,4,At Risk,2011-01,2011-12-10
17312,2011-07-03,2011-07-24,3,644.3,139,2,3,3,At Risk,2011-07,2011-12-10
17313,2011-11-08,2011-11-08,1,2328.84,32,4,1,5,New / Recent,2011-11,2011-12-10
17314,2011-01-31,2011-11-15,8,2527.92,25,4,5,5,Champions,2011-01,2011-12-10
17315,2010-12-17,2011-12-08,38,6292.26,2,5,5,5,Champions,2010-12,2011-12-10
17317,2011-09-11,2011-10-24,3,2600.34,47,3,3,5,Developing,2011-09,2011-12-10
17320,2010-12-06,2011-08-31,3,1200.62,101,2,3,4,At Risk,2010-12,2011-12-10
17321,2011-10-03,2011-12-01,2,700.86,9,5,3,3,Developing,2011-10,2011-12-10
17323,2011-02-20,2011-11-24,7,921.07,16,4,5,3,Loyal,2011-02,2011-12-10
17324,2010-12-08,2011-11-22,4,990.2299999999999,18,4,4,4,Champions,2010-12,2011-12-10
17325,2011-03-04,2011-03-04,1,96.8,281,1,1,1,Developing,2011-03,2011-12-10
17329,2011-01-28,2011-11-25,2,523.11,15,4,3,3,Developing,2011-01,2011-12-10
17330,2011-10-03,2011-11-17,2,363.9,23,4,3,2,Developing,2011-10,2011-12-10
17331,2011-08-08,2011-08-08,1,175.2,124,2,1,1,Developing,2011-08,2011-12-10
17333,2011-09-15,2011-09-15,1,494.25,86,2,1,3,Developing,2011-09,2011-12-10
17334,2011-02-04,2011-02-10,2,307.02,303,1,3,2,At Risk,2011-02,2011-12-10
17337,2011-02-02,2011-07-11,4,2027.8700000000001,152,2,4,4,At Risk,2011-02,2011-12-10
17338,2010-12-13,2011-11-22,8,6643.93,18,4,5,5,Champions,2010-12,2011-12-10
17339,2010-12-09,2011-09-06,2,243.35999999999999,95,2,3,1,At Risk,2010-12,2011-12-10
17340,2010-12-08,2011-11-10,11,12353.29,30,4,5,5,Champions,2010-12,2011-12-10
17341,2010-12-08,2011-07-06,3,781.36,157,2,3,3,At Risk,2010-12,2011-12-10
17343,2010-12-19,2010-12-19,1,193.64,356,1,1,1,Developing,2010-12,2011-12-10
17344,2011-10-24,2011-10-24,1,160.57,47,3,1,1,Developing,2011-10,2011-12-10
17345,2011-05-27,2011-11-24,4,537.74,16,4,4,3,Loyal,2011-05,2011-12-10
17346,2010-12-01,2011-12-06,15,2676.56,4,5,5,5,Champions,2010-12,2011-12-10
17347,2011-09-14,2011-09-14,1,228.96,87,2,1,1,Developing,2011-09,2011-12-10
17348,2011-02-15,2011-11-25,5,1159.52,15,4,4,4,Champions,2011-02,2011-12-10
17349,2011-06-13,2011-06-13,1,110.75,180,1,1,1,Developing,2011-06,2011-12-10
17350,2011-10-19,2011-12-01,4,1286.07,9,5,4,4,Champions,2011-10,2011-12-10
17351,2011-03-11,2011-11-03,3,587.15,37,3,3,3,Developing,2011-03,2011-12-10
17353,2011-07-08,2011-08-02,2,1740.0,130,2,3,4,At Risk,2011-07,2011-12-10
17354,2011-10-20,2011-10-20,1,1393.06,51,3,1,4,Developing,2011-10,2011-12-10
17356,2011-02-01,2011-02-01,1,178.22,312,1,1,1,Developing,2011-02,2011-12-10
17357,2011-11-15,2011-11-15,2,388.14,25,4,3,2,Developing,2011-11,2011-12-10
17358,2010-12-19,2011-02-09,2,365.85,304,1,3,2,At Risk,2010-12,2011-12-10
17359,2011-11-28,2011-11-28,1,127.86,12,5,1,1,New / Recent,2011-11,2011-12-10
17360,2011-06-08,2011-11-22,3,585.79,18,4,3,3,Developing,2011-06,2011-12-10
17361,2011-02-21,2011-10-21,3,488.2,50,3,3,2,Developing,2011-02,2011-12-10
17362,2011-02-03,2011-04-14,2,312.23,240,1,3,2,At Risk,2011-02,2011-12-10
17364,2011-01-12,2011-12-09,11,4481.18,1,5,5,5,Champions,2011-01,2011-12-10
17365,2011-01-11,2011-11-27,8,4801.56,13,5,5,5,Champions,2011-01,2011-12-10
17367,2011-04-15,2011-04-15,1,168.4,239,1,1,1,Developing,2011-04,2011-12-10
17368,2011-01-06,2011-11-16,8,1912.6699999999998,24,4,5,4,Champions,2011-01,2011-12-10
17370,2011-06-23,2011-09-28,4,446.18,73,2,4,2,At Risk,2011-06,2011-12-10
17371,2010-12-13,2011-11-22,3,423.89,18,4,3,2,Developing,2010-12,2011-12-10
17372,2010-12-12,2011-10-30,8,1342.68,41,3,5,4,Loyal,2010-12,2011-12-10
17373,2011-01-31,2011-10-30,4,646.9200000000001,41,3,4,3,Loyal,2011-01,2011-12-10
17374,2011-03-03,2011-05-05,2,495.77,219,1,3,3,At Risk,2011-03,2011-12-10
17375,2010-12-13,2011-05-24,3,400.1,200,1,3,2,At Risk,2010-12,2011-12-10
17376,2011-02-01,2011-09-30,2,203.2,71,3,3,1,Developing,2011-02,2011-12-10
17377,2010-12-01,2011-11-16,20,4100.92,24,4,5,5,Champions,2010-12,2011-12-10
17379,2011-11-28,2011-11-28,1,404.65999999999997,12,5,1,2,New / Recent,2011-11,2011-12-10
17381,2010-12-02,2011-12-01,29,20275.61,9,5,5,5,Champions,2010-12,2011-12-10
17382,2011-10-05,2011-10-05,1,65.4,66,3,1,1,Developing,2011-10,2011-12-10
17383,2011-12-05,2011-12-05,1,199.29,5,5,1,1,New / Recent,2011-12,2011-12-10
17384,2011-05-04,2011-11-20,2,336.4,20,4,3,2,Developing,2011-05,2011-12-10
17385,2011-11-25,2011-11-25,1,261.11,15,4,1,2,New / Recent,2011-11,2011-12-10
17386,2011-06-27,2011-12-02,6,2686.4199999999996,8,5,5,5,Champions,2011-06,2011-12-10
17387,2011-11-06,2011-11-20,2,784.11,20,4,3,3,Developing,2011-11,2011-12-10
17388,2011-02-25,2011-09-23,4,1259.56,78,2,4,4,At Risk,2011-02,2011-12-10
17389,2011-01-12,2011-12-09,34,31833.68,1,5,5,5,Champions,2011-01,2011-12-10
17391,2011-06-28,2011-06-29,2,508.8,164,2,3,3,At Risk,2011-06,2011-12-10
17392,2010-12-16,2011-02-06,2,457.91,307,1,3,2,At Risk,2010-12,2011-12-10
17394,2011-05-04,2011-05-04,1,203.87,220,1,1,1,Developing,2011-05,2011-12-10
17396,2010-12-03,2011-10-31,8,7330.8,40,3,5,5,Loyal,2010-12,2011-12-10
17397,2011-11-17,2011-11-17,2,696.41,23,4,3,3,Developing,2011-11,2011-12-10
17398,2011-03-29,2011-08-17,3,653.38,115,2,3,3,At Risk,2011-03,2011-12-10
17400,2010-12-21,2011-08-05,5,2129.96,127,2,4,5,At Risk,2010-12,2011-12-10
17402,2010-12-05,2011-12-05,13,2633.85,5,5,5,5,Champions,2010-12,2011-12-10
17403,2011-11-03,2011-11-03,1,281.62,37,3,1,2,Developing,2011-11,2011-12-10
17404,2010-12-14,2011-12-05,15,31906.82,5,5,5,5,Champions,2010-12,2011-12-10
17405,2011-07-12,2011-12-08,3,1031.41,2,5,3,4,Developing,2011-07,2011-12-10
17406,2010-12-08,2011-01-10,3,2200.42,334,1,3,5,At Risk,2010-12,2011-12-10
17408,2011-06-29,2011-06-29,1,32.65,164,2,1,1,Developing,2011-06,2011-12-10
17409,2011-04-05,2011-06-08,2,771.8499999999999,185,1,3,3,At Risk,2011-04,2011-12-10
17410,2011-05-08,2011-11-23,5,1214.72,17,4,4,4,Champions,2011-05,2011-12-10
17411,2011-03-23,2011-11-27,3,778.94,13,5,3,3,Developing,2011-03,2011-12-10
17412,2010-12-02,2011-12-07,7,1258.06,3,5,5,4,Champions,2010-12,2011-12-10
17414,2011-06-08,2011-10-27,2,778.0,44,3,3,3,Developing,2011-06,2011-12-10
17415,2011-09-21,2011-09-21,1,507.84,80,2,1,3,Developing,2011-09,2011-12-10
17416,2011-03-03,2011-11-10,7,6893.42,30,4,5,5,Champions,2011-03,2011-12-10
17418,2011-01-20,2011-10-28,2,463.46,43,3,3,2,Developing,2011-01,2011-12-10
17419,2010-12-07,2011-11-28,12,4226.57,12,5,5,5,Champions,2010-12,2011-12-10
17420,2010-12-01,2011-10-20,3,598.83,51,3,3,3,Developing,2010-12,2011-12-10
17422,2011-02-16,2011-11-23,6,1979.37,17,4,5,4,Champions,2011-02,2011-12-10
17423,2011-05-06,2011-10-24,2,698.4100000000001,47,3,3,3,Developing,2011-05,2011-12-10
17425,2011-10-10,2011-11-20,2,759.1700000000001,20,4,3,3,Developing,2011-10,2011-12-10
17426,2011-03-02,2011-12-01,6,5037.26,9,5,5,5,Champions,2011-03,2011-12-10
17427,2011-09-29,2011-09-29,1,100.8,72,3,1,1,Developing,2011-09,2011-12-10
17428,2010-12-06,2011-12-09,28,17256.85,1,5,5,5,Champions,2010-12,2011-12-10
17429,2011-05-05,2011-08-03,3,524.92,129,2,3,3,At Risk,2011-05,2011-12-10
17430,2010-12-09,2011-11-07,2,265.76,33,4,3,2,Developing,2010-12,2011-12-10
17431,2011-01-30,2011-01-30,1,403.3,314,1,1,2,Developing,2011-01,2011-12-10
17432,2011-11-02,2011-11-21,2,365.76,19,4,3,2,Developing,2011-11,2011-12-10
17433,2011-09-12,2011-09-12,1,303.15999999999997,89,2,1,2,Developing,2011-09,2011-12-10
17434,2011-09-15,2011-12-07,7,2373.8199999999997,3,5,5,5,Champions,2011-09,2011-12-10
17436,2011-04-27,2011-12-08,2,216.3,2,5,3,1,Developing,2011-04,2011-12-10
17438,2011-03-31,2011-03-31,1,388.45,254,1,1,2,Developing,2011-03,2011-12-10
17440,2011-04-06,2011-07-06,3,186.42,157,2,3,1,At Risk,2011-04,2011-12-10
17442,2011-02-22,2011-11-03,6,2248.56,37,3,5,5,Loyal,2011-02,2011-12-10
17443,2011-05-04,2011-05-04,1,534.24,220,1,1,3,Developing,2011-05,2011-12-10
17444,2011-06-20,2011-07-15,3,2940.04,148,2,3,5,At Risk,2011-06,2011-12-10
17446,2011-02-02,2011-06-16,2,120.89999999999999,177,2,3,1,At Risk,2011-02,2011-12-10
17447,2011-09-29,2011-10-30,2,541.53,41,3,3,3,Developing,2011-09,2011-12-10
17449,2010-12-15,2011-12-07,7,2520.86,3,5,5,5,Champions,2010-12,2011-12-10
17450,2010-12-07,2011-12-01,46,194550.79,9,5,5,5,Champions,2010-12,2011-12-10
17451,2011-08-26,2011-12-08,7,1721.4,2,5,5,4,Champions,2011-08,2011-12-10
17453,2011-10-06,2011-11-22,2,486.72,18,4,3,2,Developing,2011-10,2011-12-10
17454,2010-12-15,2011-05-31,4,517.53,193,1,4,3,At Risk,2010-12,2011-12-10
17455,2011-05-20,2011-05-20,1,131.7,204,1,1,1,Developing,2011-05,2011-12-10
17456,2010-12-09,2010-12-09,1,249.85999999999999,366,1,1,1,Developing,2010-12,2011-12-10
17457,2011-01-04,2011-08-05,5,1737.7,127,2,4,4,At Risk,2011-01,2011-12-10
17458,2011-11-24,2011-11-24,1,316.5,16,4,1,2,New / Recent,2011-11,2011-12-10
17459,2011-10-10,2011-10-27,2,657.3,44,3,3,3,Developing,2011-10,2011-12-10
17460,2010-12-01,2011-09-06,6,622.4300000000001,95,2,5,3,At Risk,2010-12,2011-12-10
17461,2011-11-10,2011-11-17,3,757.46,23,4,3,3,Developing,2011-11,2011-12-10
17462,2011-02-28,2011-10-10,2,675.6899999999999,61,3,3,3,Developing,2011-02,2011-12-10
17463,2011-01-30,2011-11-23,5,1896.4099999999999,17,4,4,4,Champions,2011-01,2011-12-10
17464,2011-07-04,2011-07-04,1,289.96000000000004,159,2,1,2,Developing,2011-07,2011-12-10
17466,2011-09-22,2011-11-29,2,763.28,11,5,3,3,Developing,2011-09,2011-12-10
17468,2011-11-25,2011-11-29,2,137.0,11,5,3,1,Developing,2011-11,2011-12-10
17469,2011-05-19,2011-11-23,5,1870.97,17,4,4,4,Champions,2011-05,2011-12-10
17470,2010-12-07,2011-10-26,5,1125.07,45,3,4,4,Loyal,2010-12,2011-12-10
17472,2011-02-13,2011-06-01,3,710.29,192,1,3,3,At Risk,2011-02,2011-12-10
17475,2011-09-21,2011-09-21,1,194.37,80,2,1,1,Developing,2011-09,2011-12-10
17480,2011-09-23,2011-09-23,1,511.82,78,2,1,3,Developing,2011-09,2011-12-10
17481,2011-09-07,2011-12-06,4,1255.59,4,5,4,4,Champions,2011-09,2011-12-10
17483,2011-06-09,2011-10-05,3,414.04,66,3,3,2,Developing,2011-06,2011-12-10
17486,2011-03-23,2011-03-23,1,396.87,262,1,1,2,Developing,2011-03,2011-12-10
17489,2011-05-11,2011-10-12,2,376.64,59,3,3,2,Developing,2011-05,2011-12-10
17490,2011-06-16,2011-12-09,7,2092.32,1,5,5,5,Champions,2011-06,2011-12-10
17491,2010-12-07,2011-12-08,10,3558.87,2,5,5,5,Champions,2010-12,2011-12-10
17492,2011-04-05,2011-04-05,1,374.57,249,1,1,2,Developing,2011-04,2011-12-10
17495,2011-11-01,2011-12-02,2,497.55999999999995,8,5,3,3,Developing,2011-11,2011-12-10
17496,2010-12-16,2010-12-16,1,271.05,359,1,1,2,Developing,2010-12,2011-12-10
17498,2011-09-25,2011-09-25,1,272.21999999999997,76,2,1,2,Developing,2011-09,2011-12-10
17499,2011-02-23,2011-02-23,1,622.88,290,1,1,3,Developing,2011-02,2011-12-10
17500,2011-11-10,2011-11-22,3,1138.0,18,4,3,4,Developing,2011-11,2011-12-10
17501,2011-05-03,2011-05-03,2,288.6,221,1,3,2,At Risk,2011-05,2011-12-10
17502,2011-11-10,2011-11-30,4,689.1,10,5,4,3,Loyal,2011-11,2011-12-10
17503,2011-11-01,2011-12-07,2,558.96,3,5,3,3,Developing,2011-11,2011-12-10
17504,2011-01-21,2011-05-17,9,2997.0299999999997,207,1,5,5,At Risk,2011-01,2011-12-10
17505,2011-05-18,2011-07-01,2,1145.8400000000001,162,2,3,4,At Risk,2011-05,2011-12-10
17506,2011-09-25,2011-09-25,1,302.2,76,2,1,2,Developing,2011-09,2011-12-10
17507,2011-02-03,2011-03-23,2,605.5799999999999,262,1,3,3,At Risk,2011-02,2011-12-10
17508,2011-03-04,2011-03-04,1,387.31,281,1,1,2,Developing,2011-03,2011-12-10
17509,2011-10-07,2011-10-13,8,6115.139999999999,58,3,5,5,Loyal,2011-10,2011-12-10
17510,2011-11-15,2011-11-15,1,308.48,25,4,1,2,New / Recent,2011-11,2011-12-10
17511,2010-12-01,2011-12-07,31,91062.38,3,5,5,5,Champions,2010-12,2011-12-10
17512,2011-02-11,2011-11-11,10,2924.99,29,4,5,5,Champions,2011-02,2011-12-10
17513,2011-09-28,2011-09-28,1,513.2,73,2,1,3,Developing,2011-09,2011-12-10
17514,2011-08-03,2011-08-03,1,208.65,129,2,1,1,Developing,2011-08,2011-12-10
17515,2011-01-25,2011-11-08,4,639.02,32,4,4,3,Loyal,2011-01,2011-12-10
17516,2011-02-27,2011-11-24,5,768.0799999999999,16,4,4,3,Loyal,2011-02,2011-12-10
17517,2011-02-04,2011-02-04,1,153.94,309,1,1,1,Developing,2011-02,2011-12-10
17519,2010-12-06,2011-11-22,6,1844.02,18,4,5,4,Champions,2010-12,2011-12-10
17520,2011-10-17,2011-10-17,1,546.81,54,3,1,3,Developing,2011-10,2011-12-10
17521,2011-05-24,2011-11-10,3,723.21,30,4,3,3,Developing,2011-05,2011-12-10
17522,2011-05-05,2011-12-08,5,1070.71,2,5,4,4,Champions,2011-05,2011-12-10
17523,2011-11-20,2011-11-28,4,652.74,12,5,4,3,Loyal,2011-11,2011-12-10
17524,2010-12-13,2010-12-13,1,145.0,362,1,1,1,Developing,2010-12,2011-12-10
17525,2010-12-15,2010-12-15,1,422.7,360,1,1,2,Developing,2010-12,2011-12-10
17526,2010-12-09,2011-12-05,4,1195.9,5,5,4,4,Champions,2010-12,2011-12-10
17527,2011-05-05,2011-10-17,4,939.37,54,3,4,3,Loyal,2011-05,2011-12-10
17528,2011-09-29,2011-12-08,8,3628.5,2,5,5,5,Champions,2011-09,2011-12-10
17530,2010-12-09,2011-12-08,10,2385.0,2,5,5,5,Champions,2010-12,2011-12-10
17531,2011-06-02,2011-06-02,1,296.7,191,1,1,2,Developing,2011-06,2011-12-10
17534,2011-10-17,2011-10-17,1,223.36,54,3,1,1,Developing,2011-10,2011-12-10
17535,2011-03-04,2011-03-04,1,164.4,281,1,1,1,Developing,2011-03,2011-12-10
17536,2011-06-15,2011-06-15,1,76.5,178,2,1,1,Developing,2011-06,2011-12-10
17537,2011-02-09,2011-11-10,2,897.6200000000001,30,4,3,3,Developing,2011-02,2011-12-10
17538,2011-11-14,2011-11-14,1,98.42,26,4,1,1,New / Recent,2011-11,2011-12-10
17540,2011-01-27,2011-11-15,2,578.9000000000001,25,4,3,3,Developing,2011-01,2011-12-10
17542,2011-03-15,2011-03-15,1,170.75,270,1,1,1,Developing,2011-03,2011-12-10
17545,2011-10-27,2011-10-27,3,645.96,44,3,3,3,Developing,2011-10,2011-12-10
17548,2011-04-20,2011-04-20,1,103.3,234,1,1,1,Developing,2011-04,2011-12-10
17549,2011-10-19,2011-11-16,2,148.85999999999999,24,4,3,1,Developing,2011-10,2011-12-10
17550,2011-04-10,2011-05-26,3,267.15999999999997,198,1,3,2,At Risk,2011-04,2011-12-10
17551,2010-12-15,2010-12-15,1,306.84,360,1,1,2,Developing,2010-12,2011-12-10
17552,2010-12-02,2011-10-10,4,930.41,61,3,4,3,Loyal,2010-12,2011-12-10
17553,2011-08-02,2011-08-02,1,1487.6,130,2,1,4,Developing,2011-08,2011-12-10
17554,2011-07-14,2011-12-08,5,1952.45,2,5,4,4,Champions,2011-07,2011-12-10
17555,2011-01-09,2011-11-20,2,483.26,20,4,3,2,Developing,2011-01,2011-12-10
17556,2011-05-18,2011-05-18,1,157.9,206,1,1,1,Developing,2011-05,2011-12-10
17557,2011-09-19,2011-11-25,3,541.46,15,4,3,3,Developing,2011-09,2011-12-10
17560,2011-02-02,2011-09-06,4,854.95,95,2,4,3,At Risk,2011-02,2011-12-10
17561,2011-11-20,2011-11-20,1,167.62,20,4,1,1,New / Recent,2011-11,2011-12-10
17562,2011-06-19,2011-11-25,7,1122.38,15,4,5,4,Champions,2011-06,2011-12-10
17564,2011-09-20,2011-11-15,3,454.01,25,4,3,2,Developing,2011-09,2011-12-10
17566,2011-11-14,2011-12-01,2,901.21,9,5,3,3,Developing,2011-11,2011-12-10
17567,2010-12-02,2011-12-02,8,4331.48,8,5,5,5,Champions,2010-12,2011-12-10
17569,2011-01-11,2011-01-11,1,344.14,333,1,1,2,Developing,2011-01,2011-12-10
17571,2011-02-14,2011-10-20,4,1498.51,51,3,4,4,Loyal,2011-02,2011-12-10
17572,2010-12-01,2011-09-29,4,226.75,72,3,4,1,Loyal,2010-12,2011-12-10
17573,2011-09-07,2011-11-10,3,380.59999999999997,30,4,3,2,Developing,2011-09,2011-12-10
17574,2011-04-11,2011-04-11,1,185.65,243,1,1,1,Developing,2011-04,2011-12-10
17576,2010-12-09,2011-12-01,19,3622.68,9,5,5,5,Champions,2010-12,2011-12-10
17578,2011-05-05,2011-05-05,1,143.45999999999998,219,1,1,1,Developing,2011-05,2011-12-10
17579,2011-06-13,2011-12-05,3,448.9,5,5,3,2,Developing,2011-06,2011-12-10
17580,2010-12-16,2011-04-01,3,215.72,253,1,3,1,At Risk,2010-12,2011-12-10
17581,2010-12-02,2011-12-09,25,11045.04,1,5,5,5,Champions,2010-12,2011-12-10
17582,2011-04-17,2011-04-17,1,175.27,237,1,1,1,Developing,2011-04,2011-12-10
17584,2011-08-04,2011-12-02,2,1242.3,8,5,3,4,Developing,2011-08,2011-12-10
17585,2011-01-05,2011-08-22,4,1133.07,110,2,4,4,At Risk,2011-01,2011-12-10
17588,2011-04-21,2011-08-31,3,1240.2,101,2,3,4,At Risk,2011-04,2011-12-10
17589,2011-04-13,2011-10-10,4,2404.17,61,3,4,5,Loyal,2011-04,2011-12-10
17590,2011-10-30,2011-12-07,3,1479.22,3,5,3,4,Developing,2011-10,2011-12-10
17591,2010-12-07,2011-09-27,7,2225.9700000000003,74,2,5,5,At Risk,2010-12,2011-12-10
17593,2010-12-22,2011-12-06,5,3927.34,4,5,4,5,Champions,2010-12,2011-12-10
17594,2011-03-30,2011-09-15,2,993.18,86,2,3,4,At Risk,2011-03,2011-12-10
17595,2011-11-02,2011-11-27,2,388.78999999999996,13,5,3,2,Developing,2011-11,2011-12-10
17596,2010-12-06,2011-11-16,7,2827.9300000000003,24,4,5,5,Champions,2010-12,2011-12-10
17597,2011-05-10,2011-05-10,1,2044.3700000000001,214,1,1,4,Developing,2011-05,2011-12-10
17600,2011-11-22,2011-11-22,1,161.67,18,4,1,1,New / Recent,2011-11,2011-12-10
17601,2011-04-14,2011-04-14,1,116.00999999999999,240,1,1,1,Developing,2011-04,2011-12-10
17602,2011-01-19,2011-12-07,6,5102.97,3,5,5,5,Champions,2011-01,2011-12-10
17603,2011-09-22,2011-09-22,1,394.72,79,2,1,2,Developing,2011-09,2011-12-10
17604,2011-01-31,2011-05-06,2,309.36,218,1,3,2,At Risk,2011-01,2011-12-10
17608,2011-11-06,2011-11-06,2,193.42000000000002,34,3,3,1,Developing,2011-11,2011-12-10
17609,2011-01-16,2011-10-30,5,1112.22,41,3,4,4,Loyal,2011-01,2011-12-10
17611,2010-12-13,2011-12-02,15,3984.2200000000003,8,5,5,5,Champions,2010-12,2011-12-10
17612,2011-02-15,2011-10-17,6,2048.45,54,3,5,4,Loyal,2011-02,2011-12-10
17613,2011-02-07,2011-11-17,14,4559.15,23,4,5,5,Champions,2011-02,2011-12-10
17614,2011-10-13,2011-10-13,1,390.07,58,3,1,2,Developing,2011-10,2011-12-10
17615,2011-05-01,2011-08-01,3,329.6,131,2,3,2,At Risk,2011-05,2011-12-10
17616,2010-12-07,2011-06-19,3,571.1999999999999,174,2,3,3,At Risk,2010-12,2011-12-10
17618,2010-12-12,2011-12-04,3,971.5799999999999,6,5,3,4,Developing,2010-12,2011-12-10
17619,2011-01-31,2011-01-31,1,218.52,313,1,1,1,Developing,2011-01,2011-12-10
17620,2011-10-11,2011-10-11,1,81.44,60,3,1,1,Developing,2011-10,2011-12-10
17621,2010-12-20,2011-11-18,3,1379.9,22,4,3,4,Developing,2010-12,2011-12-10
17623,2011-11-07,2011-11-07,1,527.05,33,4,1,3,New / Recent,2011-11,2011-12-10
17624,2011-05-05,2011-11-25,2,843.48,15,4,3,3,Developing,2011-05,2011-12-10
17625,2011-03-27,2011-11-21,4,2047.0,19,4,4,4,Champions,2011-03,2011-12-10
17628,2011-09-19,2011-09-19,1,75.75,82,2,1,1,Developing,2011-09,2011-12-10
17629,2010-12-15,2011-12-04,8,1814.12,6,5,5,4,Champions,2010-12,2011-12-10
17630,2011-04-21,2011-06-23,2,503.6,170,2,3,3,At Risk,2011-04,2011-12-10
17631,2011-04-21,2011-12-08,3,528.33,2,5,3,3,Developing,2011-04,2011-12-10
17633,2011-08-11,2011-11-08,4,1324.8400000000001,32,4,4,4,Champions,2011-08,2011-12-10
17634,2011-01-06,2011-11-03,9,2361.9700000000003,37,3,5,5,Loyal,2011-01,2011-12-10
17636,2011-11-20,2011-11-20,1,285.56,20,4,1,2,New / Recent,2011-11,2011-12-10
17637,2011-08-16,2011-11-08,2,547.06,32,4,3,3,Developing,2011-08,2011-12-10
17639,2011-03-08,2011-03-08,1,108.5,277,1,1,1,Developing,2011-03,2011-12-10
17640,2011-09-14,2011-09-14,1,621.66,87,2,1,3,Developing,2011-09,2011-12-10
17642,2011-06-16,2011-08-12,2,712.29,120,2,3,3,At Risk,2011-06,2011-12-10
17643,2010-12-01,2010-12-01,1,101.55,374,1,1,1,Developing,2010-12,2011-12-10
17644,2011-03-24,2011-12-08,11,2895.64,2,5,5,5,Champions,2011-03,2011-12-10
17646,2010-12-09,2011-05-04,3,1008.3900000000001,220,1,3,4,At Risk,2010-12,2011-12-10
17647,2011-10-05,2011-10-05,1,133.06,66,3,1,1,Developing,2011-10,2011-12-10
17648,2011-04-04,2011-10-10,4,1797.5,61,3,4,4,Loyal,2011-04,2011-12-10
17649,2011-07-24,2011-07-24,1,868.49,139,2,1,3,Developing,2011-07,2011-12-10
17650,2011-11-18,2011-11-18,1,166.07999999999998,22,4,1,1,New / Recent,2011-11,2011-12-10
17651,2011-06-15,2011-11-28,10,3945.0,12,5,5,5,Champions,2011-06,2011-12-10
17652,2011-03-03,2011-11-14,12,4867.72,26,4,5,5,Champions,2011-03,2011-12-10
17653,2011-08-11,2011-11-03,4,1207.56,37,3,4,4,Loyal,2011-08,2011-12-10
17654,2011-03-07,2011-03-07,1,117.55,278,1,1,1,Developing,2011-03,2011-12-10
17655,2010-12-08,2011-11-29,7,2638.94,11,5,5,5,Champions,2010-12,2011-12-10
17656,2011-08-03,2011-09-27,5,1674.69,74,2,4,4,At Risk,2011-08,2011-12-10
17658,2011-05-12,2011-11-14,2,595.4200000000001,26,4,3,3,Developing,2011-05,2011-12-10
17659,2010-12-02,2011-11-22,12,2999.46,18,4,5,5,Champions,2010-12,2011-12-10
17660,2011-07-21,2011-07-21,1,196.0,142,2,1,1,Developing,2011-07,2011-12-10
17663,2011-02-25,2011-11-14,7,1802.9099999999999,26,4,5,4,Champions,2011-02,2011-12-10
17664,2011-05-11,2011-11-21,2,604.64,19,4,3,3,Developing,2011-05,2011-12-10
17666,2011-10-05,2011-12-06,2,728.1600000000001,4,5,3,3,Developing,2011-10,2011-12-10
17667,2011-02-14,2011-10-04,5,2055.51,67,3,4,4,Loyal,2011-02,2011-12-10
17668,2011-11-01,2011-12-08,2,347.75,2,5,3,2,Developing,2011-11,2011-12-10
17669,2011-04-04,2011-10-28,7,3406.7200000000003,43,3,5,5,Loyal,2011-04,2011-12-10
17670,2011-04-26,2011-04-26,1,205.7,228,1,1,1,Developing,2011-04,2011-12-10
17671,2010-12-09,2011-11-24,4,1572.71,16,4,4,4,Champions,2010-12,2011-12-10
17672,2011-02-03,2011-10-20,2,3178.17,51,3,3,5,Developing,2011-02,2011-12-10
17673,2011-01-23,2011-12-08,6,1629.12,2,5,5,4,Champions,2011-01,2011-12-10
17674,2010-12-06,2011-09-26,2,551.04,75,2,3,3,At Risk,2010-12,2011-12-10
17675,2010-12-07,2011-12-08,31,20374.28,2,5,5,5,Champions,2010-12,2011-12-10
17676,2010-12-08,2011-12-05,6,1387.68,5,5,5,4,Champions,2010-12,2011-12-10
17677,2010-12-06,2011-12-08,30,16363.23,2,5,5,5,Champions,2010-12,2011-12-10
17678,2011-03-21,2011-03-21,1,298.11,264,1,1,2,Developing,2011-03,2011-12-10
17679,2011-09-15,2011-10-18,2,1992.1100000000001,53,3,3,4,Developing,2011-09,2011-12-10
17680,2011-11-16,2011-11-16,1,184.4,24,4,1,1,New / Recent,2011-11,2011-12-10
17682,2010-12-06,2011-11-29,6,2474.33,11,5,5,5,Champions,2010-12,2011-12-10
17684,2011-10-27,2011-10-27,1,239.41,44,3,1,1,Developing,2011-10,2011-12-10
17685,2010-12-02,2011-11-23,7,3191.53,17,4,5,5,Champions,2010-12,2011-12-10
17686,2011-02-10,2011-12-02,7,5739.46,8,5,5,5,Champions,2011-02,2011-12-10
17690,2010-12-01,2011-11-09,15,4757.95,31,4,5,5,Champions,2010-12,2011-12-10
17691,2010-12-06,2010-12-16,2,290.4,359,1,3,2,At Risk,2010-12,2011-12-10
17692,2010-12-15,2011-08-04,4,740.9399999999999,128,2,4,3,At Risk,2010-12,2011-12-10
17693,2011-07-25,2011-07-25,1,200.47,138,2,1,1,Developing,2011-07,2011-12-10
17694,2011-07-21,2011-07-21,1,283.12,142,2,1,2,Developing,2011-07,2011-12-10
17695,2011-06-21,2011-07-31,2,765.34,132,2,3,3,At Risk,2011-06,2011-12-10
17696,2010-12-10,2011-11-01,8,2285.71,39,3,5,5,Loyal,2010-12,2011-12-10
17697,2011-04-17,2011-04-17,1,338.95,237,1,1,2,Developing,2011-04,2011-12-10
17698,2011-03-24,2011-03-24,1,154.95,261,1,1,1,Developing,2011-03,2011-12-10
17700,2011-03-03,2011-11-23,4,2534.64,17,4,4,5,Champions,2011-03,2011-12-10
17701,2011-04-01,2011-04-01,1,417.95,253,1,1,2,Developing,2011-04,2011-12-10
17702,2011-05-17,2011-11-09,4,1824.37,31,4,4,4,Champions,2011-05,2011-12-10
17703,2011-07-24,2011-11-04,3,798.74,36,3,3,3,Developing,2011-07,2011-12-10
17704,2011-04-14,2011-06-24,2,885.1899999999999,169,2,3,3,At Risk,2011-04,2011-12-10
17705,2011-02-11,2011-12-06,9,1823.52,4,5,5,4,Champions,2011-02,2011-12-10
17706,2010-12-08,2011-12-05,17,10504.49,5,5,5,5,Champions,2010-12,2011-12-10
17707,2011-01-07,2011-06-07,2,152.4,186,1,3,1,At Risk,2011-01,2011-12-10
17708,2011-01-19,2011-06-05,2,267.08,188,1,3,2,At Risk,2011-01,2011-12-10
17709,2011-06-23,2011-06-23,1,137.45,170,2,1,1,Developing,2011-06,2011-12-10
17711,2011-02-23,2011-11-29,2,385.1,11,5,3,2,Developing,2011-02,2011-12-10
17712,2011-10-26,2011-10-26,1,522.91,45,3,1,3,Developing,2011-10,2011-12-10
17714,2011-01-23,2011-01-23,1,153.0,321,1,1,1,Developing,2011-01,2011-12-10
17715,2011-05-23,2011-05-23,1,326.4,201,1,1,2,Developing,2011-05,2011-12-10
17716,2011-03-17,2011-11-17,11,5655.99,23,4,5,5,Champions,2011-03,2011-12-10
17718,2011-04-21,2011-04-21,1,139.35,233,1,1,1,Developing,2011-04,2011-12-10
17719,2011-03-29,2011-11-02,15,5396.04,38,3,5,5,Loyal,2011-03,2011-12-10
17720,2010-12-07,2011-11-13,4,1195.94,27,4,4,4,Champions,2010-12,2011-12-10
17722,2010-12-08,2011-09-04,4,2424.04,97,2,4,5,At Risk,2010-12,2011-12-10
17723,2011-05-09,2011-08-04,6,3276.4,128,2,5,5,At Risk,2011-05,2011-12-10
17724,2011-07-24,2011-09-29,3,1033.0,72,3,3,4,Developing,2011-07,2011-12-10
17725,2011-03-17,2011-11-23,11,3439.08,17,4,5,5,Champions,2011-03,2011-12-10
17727,2011-11-24,2011-11-24,1,1060.25,16,4,1,4,New / Recent,2011-11,2011-12-10
17728,2011-09-14,2011-12-06,3,2876.0099999999998,4,5,3,5,Developing,2011-09,2011-12-10
17730,2011-01-17,2011-12-06,13,5298.48,4,5,5,5,Champions,2011-01,2011-12-10
17731,2011-06-09,2011-09-21,4,1240.11,80,2,4,4,At Risk,2011-06,2011-12-10
17732,2010-12-02,2010-12-02,1,303.97,373,1,1,2,Developing,2010-12,2011-12-10
17733,2011-03-23,2011-11-01,2,692.19,39,3,3,3,Developing,2011-03,2011-12-10
17734,2011-04-20,2011-10-17,3,700.63,54,3,3,3,Developing,2011-04,2011-12-10
17735,2010-12-07,2011-12-07,19,13110.02,3,5,5,5,Champions,2010-12,2011-12-10
17736,2011-08-18,2011-11-30,3,377.44,10,5,3,2,Developing,2011-08,2011-12-10
17737,2011-10-12,2011-11-30,2,168.24,10,5,3,1,Developing,2011-10,2011-12-10
17738,2011-03-02,2011-11-20,4,1879.05,20,4,4,4,Champions,2011-03,2011-12-10
17739,2010-12-14,2011-11-28,7,2791.35,12,5,5,5,Champions,2010-12,2011-12-10
17742,2011-01-11,2011-08-18,2,355.11,114,2,3,2,At Risk,2011-01,2011-12-10
17744,2010-12-16,2011-12-06,6,2322.4,4,5,5,5,Champions,2010-12,2011-12-10
17746,2011-04-13,2011-04-13,1,110.25,241,1,1,1,Developing,2011-04,2011-12-10
17747,2011-08-19,2011-08-19,1,71.4,113,2,1,1,Developing,2011-08,2011-12-10
17749,2011-03-28,2011-06-14,2,674.52,179,2,3,3,At Risk,2011-03,2011-12-10
17750,2011-06-28,2011-12-04,9,1797.57,6,5,5,4,Champions,2011-06,2011-12-10
17752,2010-12-15,2010-12-15,1,80.64,360,1,1,1,Developing,2010-12,2011-12-10
17754,2011-03-24,2011-12-09,5,1772.26,1,5,4,4,Champions,2011-03,2011-12-10
17757,2010-12-02,2011-12-08,30,5605.29,2,5,5,5,Champions,2010-12,2011-12-10
17758,2011-04-03,2011-11-20,8,3456.7,20,4,5,5,Champions,2011-04,2011-12-10
17759,2011-06-23,2011-11-22,3,834.99,18,4,3,3,Developing,2011-06,2011-12-10
17760,2010-12-01,2011-11-18,2,287.59,22,4,3,2,Developing,2010-12,2011-12-10
17761,2011-11-07,2011-11-07,1,712.78,33,4,1,3,New / Recent,2011-11,2011-12-10
17763,2011-03-21,2011-03-21,1,15.0,264,1,1,1,Developing,2011-03,2011-12-10
17764,2011-05-12,2011-10-20,2,818.82,51,3,3,3,Developing,2011-05,2011-12-10
17765,2011-03-28,2011-07-04,3,371.88,159,2,3,2,At Risk,2011-03,2011-12-10
17767,2011-11-24,2011-11-24,1,271.2,16,4,1,2,New / Recent,2011-11,2011-12-10
17768,2011-06-26,2011-12-01,3,2273.1800000000003,9,5,3,5,Developing,2011-06,2011-12-10
17769,2011-01-23,2011-11-27,10,3997.98,13,5,5,5,Champions,2011-01,2011-12-10
17770,2011-03-02,2011-05-25,5,1143.27,199,1,4,4,At Risk,2011-03,2011-12-10
17771,2011-01-20,2011-10-14,2,245.81,57,3,3,1,Developing,2011-01,2011-12-10
17772,2011-11-29,2011-11-29,2,182.77,11,5,3,1,Developing,2011-11,2011-12-10
17774,2011-02-07,2011-09-04,4,1225.41,97,2,4,4,At Risk,2011-02,2011-12-10
17775,2011-03-30,2011-03-30,1,56.4,255,1,1,1,Developing,2011-03,2011-12-10
17777,2011-08-31,2011-11-15,3,665.86,25,4,3,3,Developing,2011-08,2011-12-10
17779,2011-07-19,2011-11-18,3,658.5699999999999,22,4,3,3,Developing,2011-07,2011-12-10
17781,2011-03-31,2011-07-03,2,188.01999999999998,160,2,3,1,At Risk,2011-03,2011-12-10
17783,2011-04-06,2011-09-28,2,283.47,73,2,3,2,At Risk,2011-04,2011-12-10
17785,2011-10-17,2011-10-17,1,131.94,54,3,1,1,Developing,2011-10,2011-12-10
17786,2011-01-26,2011-09-15,2,278.74,86,2,3,2,At Risk,2011-01,2011-12-10
17787,2010-12-03,2011-07-10,4,1865.19,153,2,4,4,At Risk,2010-12,2011-12-10
17788,2011-08-02,2011-09-27,2,1117.9,74,2,3,4,At Risk,2011-08,2011-12-10
17789,2011-03-03,2011-03-03,1,225.9,282,1,1,1,Developing,2011-03,2011-12-10
17790,2010-12-10,2011-11-13,14,1965.55,27,4,5,4,Champions,2010-12,2011-12-10
17791,2011-11-10,2011-11-10,1,106.1,30,4,1,1,New / Recent,2011-11,2011-12-10
17793,2011-11-14,2011-11-14,1,323.04,26,4,1,2,New / Recent,2011-11,2011-12-10
17795,2011-03-20,2011-06-13,2,350.39,180,1,3,2,At Risk,2011-03,2011-12-10
17796,2010-12-05,2011-10-30,4,697.9,41,3,4,3,Loyal,2010-12,2011-12-10
17797,2011-06-10,2011-11-17,3,780.4300000000001,23,4,3,3,Developing,2011-06,2011-12-10
17799,2010-12-13,2011-11-17,10,3055.93,23,4,5,5,Champions,2010-12,2011-12-10
17800,2011-01-09,2011-11-02,9,1199.01,38,3,5,4,Loyal,2011-01,2011-12-10
17802,2010-12-02,2011-09-18,3,1285.04,83,2,3,4,At Risk,2010-12,2011-12-10
17805,2011-09-27,2011-09-27,1,512.31,74,2,1,3,Developing,2011-09,2011-12-10
17806,2011-11-28,2011-11-28,1,546.04,12,5,1,3,New / Recent,2011-11,2011-12-10
17809,2010-12-01,2011-11-23,12,5411.91,17,4,5,5,Champions,2010-12,2011-12-10
17811,2011-01-10,2011-12-05,39,7837.7300000000005,5,5,5,5,Champions,2011-01,2011-12-10
17812,2010-12-06,2011-11-27,4,732.16,13,5,4,3,Loyal,2010-12,2011-12-10
17813,2011-09-29,2011-11-25,5,1770.88,15,4,4,4,Champions,2011-09,2011-12-10
17816,2010-12-09,2011-11-03,4,36.56,37,3,4,1,Loyal,2010-12,2011-12-10
17817,2011-03-07,2011-12-05,3,387.68,5,5,3,2,Developing,2011-03,2011-12-10
17819,2010-12-03,2011-09-29,7,3704.87,72,3,5,5,Loyal,2010-12,2011-12-10
17824,2011-10-19,2011-10-19,1,298.4,52,3,1,2,Developing,2011-10,2011-12-10
17827,2010-12-10,2011-12-04,5,1995.46,6,5,4,4,Champions,2010-12,2011-12-10
17828,2011-06-08,2011-11-17,4,1820.09,23,4,4,4,Champions,2011-06,2011-12-10
17829,2011-02-14,2011-02-14,1,889.24,299,1,1,3,Developing,2011-02,2011-12-10
17830,2011-02-24,2011-12-08,3,398.7,2,5,3,2,Developing,2011-02,2011-12-10
17831,2011-11-06,2011-11-06,1,35.4,34,3,1,1,Developing,2011-11,2011-12-10
17832,2011-10-21,2011-10-21,1,155.37,50,3,1,1,Developing,2011-10,2011-12-10
17835,2011-11-16,2011-12-07,3,350.64,3,5,3,2,Developing,2011-11,2011-12-10
17836,2011-10-23,2011-10-23,1,110.21000000000001,48,3,1,1,Developing,2011-10,2011-12-10
17837,2011-06-29,2011-10-28,8,1593.38,43,3,5,4,Loyal,2011-06,2011-12-10
17838,2010-12-02,2011-11-13,5,2779.3,27,4,4,5,Champions,2010-12,2011-12-10
17839,2011-10-28,2011-10-28,1,338.8,43,3,1,2,Developing,2011-10,2011-12-10
17841,2010-12-01,2011-12-08,124,40991.57,2,5,5,5,Champions,2010-12,2011-12-10
17843,2011-02-09,2011-02-09,1,205.48,304,1,1,1,Developing,2011-02,2011-12-10
17844,2011-08-25,2011-08-25,1,51.559999999999995,107,2,1,1,Developing,2011-08,2011-12-10
17846,2011-09-15,2011-09-15,1,2033.1,86,2,1,4,Developing,2011-09,2011-12-10
17848,2010-12-16,2011-09-19,9,901.2,82,2,5,3,At Risk,2010-12,2011-12-10
17849,2011-01-10,2011-05-05,4,605.8,219,1,4,3,At Risk,2011-01,2011-12-10
17850,2010-12-01,2010-12-02,34,5391.21,373,1,5,5,At Risk,2010-12,2011-12-10
17852,2011-11-28,2011-11-28,2,114.34,12,5,3,1,Developing,2011-11,2011-12-10
17854,2011-04-26,2011-06-07,2,311.26,186,1,3,2,At Risk,2011-04,2011-12-10
17855,2010-12-02,2010-12-02,1,208.97,373,1,1,1,Developing,2010-12,2011-12-10
17856,2011-03-03,2011-12-08,4,1418.03,2,5,4,4,Champions,2011-03,2011-12-10
17857,2010-12-09,2011-12-05,23,26879.04,5,5,5,5,Champions,2010-12,2011-12-10
17858,2010-12-05,2011-12-04,12,5155.66,6,5,5,5,Champions,2010-12,2011-12-10
17859,2011-02-08,2011-02-08,1,148.21,305,1,1,1,Developing,2011-02,2011-12-10
17860,2010-12-06,2010-12-06,1,252.8,369,1,1,2,Developing,2010-12,2011-12-10
17861,2011-01-24,2011-12-06,8,2100.8,4,5,5,5,Champions,2011-01,2011-12-10
17862,2011-01-20,2011-01-20,1,330.9,324,1,1,2,Developing,2011-01,2011-12-10
17863,2010-12-05,2011-10-11,6,3160.0,60,3,5,5,Loyal,2010-12,2011-12-10
17864,2011-03-09,2011-11-27,3,597.5,13,5,3,3,Developing,2011-03,2011-12-10
17865,2010-12-10,2011-11-09,20,10526.32,31,4,5,5,Champions,2010-12,2011-12-10
17866,2011-07-20,2011-07-20,1,329.65,143,2,1,2,Developing,2011-07,2011-12-10
17867,2011-02-24,2011-11-09,6,1197.1000000000001,31,4,5,4,Champions,2011-02,2011-12-10
17869,2010-12-06,2011-08-24,5,428.18,108,2,4,2,At Risk,2010-12,2011-12-10
17870,2010-12-08,2011-12-07,12,1894.35,3,5,5,4,Champions,2010-12,2011-12-10
17871,2011-05-19,2011-05-19,1,155.9,205,1,1,1,Developing,2011-05,2011-12-10
17873,2010-12-01,2011-09-20,5,1859.1599999999999,81,2,4,4,At Risk,2010-12,2011-12-10
17874,2011-03-29,2011-06-07,6,683.46,186,1,5,3,At Risk,2011-03,2011-12-10
17877,2011-06-22,2011-06-22,1,237.60999999999999,171,2,1,1,Developing,2011-06,2011-12-10
17878,2011-10-27,2011-10-27,1,379.45,44,3,1,2,Developing,2011-10,2011-12-10
17879,2011-06-19,2011-06-19,1,178.52,174,2,1,1,Developing,2011-06,2011-12-10
17880,2010-12-10,2010-12-10,1,458.92,365,1,1,2,Developing,2010-12,2011-12-10
17881,2011-02-08,2011-02-08,1,133.35,305,1,1,1,Developing,2011-02,2011-12-10
17883,2011-04-07,2011-12-06,4,671.77,4,5,4,3,Loyal,2011-04,2011-12-10
17884,2010-12-03,2011-12-06,4,717.4499999999999,4,5,4,3,Loyal,2010-12,2011-12-10
17885,2011-11-27,2011-11-27,1,190.19,13,5,1,1,New / Recent,2011-11,2011-12-10
17886,2011-04-04,2011-11-08,3,899.61,32,4,3,3,Developing,2011-04,2011-12-10
17887,2011-08-02,2011-08-02,1,111.35,130,2,1,1,Developing,2011-08,2011-12-10
17888,2010-12-17,2011-11-18,8,726.05,22,4,5,3,Loyal,2010-12,2011-12-10
17889,2011-01-21,2011-05-11,2,203.87,213,1,3,1,At Risk,2011-01,2011-12-10
17890,2010-12-13,2011-01-21,2,602.0899999999999,323,1,3,3,At Risk,2010-12,2011-12-10
17891,2011-06-30,2011-06-30,1,203.85999999999999,163,2,1,1,Developing,2011-06,2011-12-10
17892,2011-07-07,2011-10-14,3,244.1,57,3,3,1,Developing,2011-07,2011-12-10
17893,2011-04-28,2011-04-28,1,112.25,226,1,1,1,Developing,2011-04,2011-12-10
17894,2010-12-08,2011-09-29,8,1119.81,72,3,5,4,Loyal,2010-12,2011-12-10
17895,2011-10-26,2011-10-26,1,98.0,45,3,1,1,Developing,2011-10,2011-12-10
17896,2011-11-16,2011-11-16,1,256.32,24,4,1,2,New / Recent,2011-11,2011-12-10
17897,2010-12-01,2011-06-20,3,566.6,173,2,3,3,At Risk,2010-12,2011-12-10
17898,2011-05-16,2011-09-15,2,152.06,86,2,3,1,At Risk,2011-05,2011-12-10
17899,2011-07-03,2011-07-03,1,155.8,160,2,1,1,Developing,2011-07,2011-12-10
17900,2011-06-02,2011-06-02,2,112.19999999999999,191,1,3,1,At Risk,2011-06,2011-12-10
17901,2011-11-10,2011-11-10,1,110.38,30,4,1,1,New / Recent,2011-11,2011-12-10
17904,2011-11-18,2011-11-18,1,191.67000000000002,22,4,1,1,New / Recent,2011-11,2011-12-10
17905,2010-12-01,2011-09-29,4,800.24,72,3,4,3,Loyal,2010-12,2011-12-10
17906,2011-04-06,2011-04-06,1,72.9,248,1,1,1,Developing,2011-04,2011-12-10
17908,2010-12-01,2010-12-01,1,243.28,374,1,1,1,Developing,2010-12,2011-12-10
17911,2011-11-30,2011-11-30,1,366.23,10,5,1,2,New / Recent,2011-11,2011-12-10
17912,2010-12-10,2011-02-02,5,311.01,311,1,4,2,At Risk,2010-12,2011-12-10
17913,2010-12-19,2011-10-12,2,411.6,59,3,3,2,Developing,2010-12,2011-12-10
17914,2011-12-06,2011-12-06,1,336.43,4,5,1,2,New / Recent,2011-12,2011-12-10
17917,2010-12-12,2011-10-25,3,341.28,46,3,3,2,Developing,2010-12,2011-12-10
17919,2011-09-12,2011-09-12,1,1304.04,89,2,1,4,Developing,2011-09,2011-12-10
17920,2010-12-01,2011-12-05,17,4204.1,5,5,5,5,Champions,2010-12,2011-12-10
17921,2011-03-18,2011-10-06,4,826.52,65,3,4,3,Loyal,2011-03,2011-12-10
17923,2011-03-02,2011-03-02,1,207.5,283,1,1,1,Developing,2011-03,2011-12-10
17924,2010-12-01,2011-11-28,7,2962.5,12,5,5,5,Champions,2010-12,2011-12-10
17925,2010-12-02,2010-12-02,1,244.08,373,1,1,1,Developing,2010-12,2011-12-10
17926,2011-05-20,2011-07-29,2,397.29,134,2,3,2,At Risk,2011-05,2011-12-10
17928,2011-04-07,2011-10-25,2,212.54,46,3,3,1,Developing,2011-04,2011-12-10
17929,2011-02-04,2011-11-28,4,843.0,12,5,4,3,Loyal,2011-02,2011-12-10
17930,2011-04-14,2011-11-04,5,1740.48,36,3,4,4,Loyal,2011-04,2011-12-10
17931,2011-03-29,2011-07-28,2,408.36,135,2,3,2,At Risk,2011-03,2011-12-10
17932,2011-05-12,2011-11-10,3,1331.57,30,4,3,4,Developing,2011-05,2011-12-10
17934,2011-10-12,2011-10-19,2,704.25,52,3,3,3,Developing,2011-10,2011-12-10
17935,2011-07-21,2011-07-24,2,145.79,139,2,3,1,At Risk,2011-07,2011-12-10
17936,2011-12-04,2011-12-04,1,389.84,6,5,1,2,New / Recent,2011-12,2011-12-10
17937,2010-12-12,2011-12-01,7,4301.22,9,5,5,5,Champions,2010-12,2011-12-10
17939,2011-07-03,2011-07-03,1,99.14,160,2,1,1,Developing,2011-07,2011-12-10
17940,2011-02-10,2011-10-21,10,4106.4400000000005,50,3,5,5,Loyal,2011-02,2011-12-10
17941,2011-08-01,2011-08-01,1,304.56,131,2,1,2,Developing,2011-08,2011-12-10
17942,2011-12-02,2011-12-02,1,77.5,8,5,1,1,New / Recent,2011-12,2011-12-10
17946,2011-03-25,2011-04-20,2,149.57999999999998,234,1,3,1,At Risk,2011-03,2011-12-10
17947,2011-11-02,2011-11-02,1,176.68,38,3,1,1,Developing,2011-11,2011-12-10
17948,2011-07-15,2011-07-15,1,358.56,148,2,1,2,Developing,2011-07,2011-12-10
17949,2010-12-03,2011-12-08,45,58510.48,2,5,5,5,Champions,2010-12,2011-12-10
17950,2010-12-09,2011-09-28,3,482.2,73,2,3,2,At Risk,2010-12,2011-12-10
17951,2010-12-01,2011-10-31,3,1008.54,40,3,3,4,Developing,2010-12,2011-12-10
17954,2010-12-03,2011-12-04,12,2332.72,6,5,5,5,Champions,2010-12,2011-12-10
17955,2011-05-04,2011-05-25,4,557.3,199,1,4,3,At Risk,2011-05,2011-12-10
17956,2011-04-04,2011-04-04,1,12.75,250,1,1,1,Developing,2011-04,2011-12-10
17957,2011-10-04,2011-10-04,1,111.68,67,3,1,1,Developing,2011-10,2011-12-10
17958,2011-08-15,2011-08-15,1,508.46000000000004,117,2,1,3,Developing,2011-08,2011-12-10
17960,2011-06-21,2011-06-21,1,73.78,172,2,1,1,Developing,2011-06,2011-12-10
17961,2010-12-02,2011-11-18,39,1296.44,22,4,5,4,Champions,2010-12,2011-12-10
17962,2011-07-20,2011-07-20,1,102.83,143,2,1,1,Developing,2011-07,2011-12-10
17964,2010-12-02,2011-11-08,2,471.7,32,4,3,2,Developing,2010-12,2011-12-10
17965,2010-12-05,2011-11-02,14,2622.57,38,3,5,5,Loyal,2010-12,2011-12-10
17966,2011-03-23,2011-11-02,5,1098.4299999999998,38,3,4,4,Loyal,2011-03,2011-12-10
17967,2010-12-03,2010-12-03,1,123.07,372,1,1,1,Developing,2010-12,2011-12-10
17968,2010-12-01,2010-12-01,1,277.35,374,1,1,2,Developing,2010-12,2011-12-10
17969,2010-12-13,2011-06-26,2,228.2,167,2,3,1,At Risk,2010-12,2011-12-10
17970,2011-05-12,2011-05-12,1,582.59,212,1,1,3,Developing,2011-05,2011-12-10
17972,2011-04-12,2011-04-12,1,136.04,242,1,1,1,Developing,2011-04,2011-12-10
17973,2011-10-19,2011-10-19,1,337.04,52,3,1,2,Developing,2011-10,2011-12-10
17974,2011-05-04,2011-11-15,3,740.79,25,4,3,3,Developing,2011-05,2011-12-10
17975,2010-12-08,2011-11-24,13,4488.81,16,4,5,5,Champions,2010-12,2011-12-10
17976,2010-12-02,2010-12-02,1,353.19,373,1,1,2,Developing,2010-12,2011-12-10
17977,2011-11-10,2011-11-10,1,288.14,30,4,1,2,New / Recent,2011-11,2011-12-10
17978,2010-12-09,2010-12-09,1,300.92,366,1,1,2,Developing,2010-12,2011-12-10
17979,2011-03-25,2011-11-04,4,757.71,36,3,4,3,Loyal,2011-03,2011-12-10
17980,2010-12-15,2011-06-27,3,811.45,166,2,3,3,At Risk,2010-12,2011-12-10
17984,2011-07-17,2011-07-17,1,152.68,146,2,1,1,Developing,2011-07,2011-12-10
17985,2011-11-17,2011-11-17,1,634.95,23,4,1,3,New / Recent,2011-11,2011-12-10
17986,2011-10-14,2011-10-14,1,20.8,57,3,1,1,Developing,2011-10,2011-12-10
17987,2011-06-07,2011-06-07,1,198.57,186,1,1,1,Developing,2011-06,2011-12-10
17988,2011-01-17,2011-11-28,7,201.12,12,5,5,1,Loyal,2011-01,2011-12-10
17990,2010-12-13,2011-04-17,3,630.84,237,1,3,3,At Risk,2010-12,2011-12-10
17991,2011-04-27,2011-04-28,2,93.35000000000001,226,1,3,1,At Risk,2011-04,2011-12-10
17994,2011-02-22,2011-08-10,4,678.49,122,2,4,3,At Risk,2011-02,2011-12-10
17995,2011-03-03,2011-03-03,1,76.1,282,1,1,1,Developing,2011-03,2011-12-10
17997,2011-06-28,2011-09-26,8,1970.67,75,2,5,4,At Risk,2011-06,2011-12-10
17999,2010-12-08,2011-11-02,2,382.06,38,3,3,2,Developing,2010-12,2011-12-10
18001,2011-09-14,2011-11-27,2,417.23,13,5,3,2,Developing,2011-09,2011-12-10
18004,2010-12-12,2010-12-12,1,169.47,363,1,1,1,Developing,2010-12,2011-12-10
18005,2011-10-23,2011-12-06,2,249.72,4,5,3,1,Developing,2011-10,2011-12-10
18006,2011-11-16,2011-11-16,1,444.68,24,4,1,2,New / Recent,2011-11,2011-12-10
18008,2011-01-25,2011-09-30,9,2116.19,71,3,5,5,Loyal,2011-01,2011-12-10
18009,2011-04-18,2011-04-18,1,257.34,236,1,1,2,Developing,2011-04,2011-12-10
18010,2011-03-28,2011-03-28,1,174.8,257,1,1,1,Developing,2011-03,2011-12-10
18011,2010-12-01,2010-12-01,1,102.78999999999999,374,1,1,1,Developing,2010-12,2011-12-10
18013,2011-07-07,2011-07-07,2,187.29000000000002,156,2,3,1,At Risk,2011-07,2011-12-10
18014,2011-11-11,2011-11-11,1,166.42,29,4,1,1,New / Recent,2011-11,2011-12-10
18015,2011-12-05,2011-12-05,1,120.03,5,5,1,1,New / Recent,2011-12,2011-12-10
18016,2010-12-10,2011-11-07,5,1483.56,33,4,4,4,Champions,2010-12,2011-12-10
18017,2011-02-02,2011-09-19,3,523.0,82,2,3,3,At Risk,2011-02,2011-12-10
18018,2011-05-24,2011-08-23,2,122.14,109,2,3,1,At Risk,2011-05,2011-12-10
18019,2011-10-19,2011-10-19,1,38.45,52,3,1,1,Developing,2011-10,2011-12-10
18022,2011-11-04,2011-11-04,1,668.11,36,3,1,3,Developing,2011-11,2011-12-10
18024,2011-07-10,2011-07-10,2,389.78,153,2,3,2,At Risk,2011-07,2011-12-10
18027,2011-09-02,2011-09-02,1,115.31,99,2,1,1,Developing,2011-09,2011-12-10
18030,2011-10-28,2011-12-05,2,230.64999999999998,5,5,3,1,Developing,2011-10,2011-12-10
18032,2011-01-09,2011-01-09,1,73.5,335,1,1,1,Developing,2011-01,2011-12-10
18033,2011-10-05,2011-10-05,1,97.97,66,3,1,1,Developing,2011-10,2011-12-10
18034,2011-11-18,2011-11-18,2,422.88,22,4,3,2,Developing,2011-11,2011-12-10
18035,2011-10-27,2011-11-04,3,730.4,36,3,3,3,Developing,2011-10,2011-12-10
18036,2011-04-08,2011-11-07,3,405.62,33,4,3,2,Developing,2011-04,2011-12-10
18037,2010-12-12,2011-07-08,6,70.02,155,2,5,1,At Risk,2010-12,2011-12-10
18040,2011-04-08,2011-11-20,2,357.2,20,4,3,2,Developing,2011-04,2011-12-10
18041,2010-12-02,2011-11-28,21,4183.39,12,5,5,5,Champions,2010-12,2011-12-10
18042,2011-10-17,2011-10-17,1,165.05,54,3,1,1,Developing,2011-10,2011-12-10
18043,2010-12-08,2011-11-15,3,559.51,25,4,3,3,Developing,2010-12,2011-12-10
18044,2010-12-14,2011-12-05,10,2088.6,5,5,5,5,Champions,2010-12,2011-12-10
18045,2011-10-25,2011-10-25,1,189.4,46,3,1,1,Developing,2011-10,2011-12-10
18048,2011-05-20,2011-05-20,2,172.29000000000002,204,1,3,1,At Risk,2011-05,2011-12-10
18050,2010-12-15,2010-12-15,1,74.4,360,1,1,1,Developing,2010-12,2011-12-10
18053,2011-09-30,2011-09-30,1,300.02,71,3,1,2,Developing,2011-09,2011-12-10
18055,2010-12-05,2011-12-02,10,6784.19,8,5,5,5,Champions,2010-12,2011-12-10
18056,2011-02-24,2011-02-24,1,363.65,289,1,1,2,Developing,2011-02,2011-12-10
18058,2011-11-30,2011-11-30,1,170.16,10,5,1,1,New / Recent,2011-11,2011-12-10
18059,2011-10-03,2011-11-16,3,306.46,24,4,3,2,Developing,2011-10,2011-12-10
18061,2010-12-08,2011-11-18,10,2119.41,22,4,5,5,Champions,2010-12,2011-12-10
18062,2011-01-06,2011-06-19,3,720.52,174,2,3,3,At Risk,2011-01,2011-12-10
18064,2011-04-18,2011-07-29,2,814.0,134,2,3,3,At Risk,2011-04,2011-12-10
18065,2010-12-10,2011-12-04,14,2392.83,6,5,5,5,Champions,2010-12,2011-12-10
18066,2011-09-25,2011-09-25,1,318.0,76,2,1,2,Developing,2011-09,2011-12-10
18067,2011-10-30,2011-10-30,1,396.33,41,3,1,2,Developing,2011-10,2011-12-10
18068,2011-02-23,2011-02-23,1,101.7,290,1,1,1,Developing,2011-02,2011-12-10
18069,2011-01-16,2011-11-13,5,2036.67,27,4,4,4,Champions,2011-01,2011-12-10
18071,2010-12-09,2011-03-27,2,453.0,258,1,3,2,At Risk,2010-12,2011-12-10
18072,2011-06-07,2011-06-07,1,247.44,186,1,1,1,Developing,2011-06,2011-12-10
18073,2011-05-26,2011-08-17,12,3877.52,115,2,5,5,At Risk,2011-05,2011-12-10
18074,2010-12-01,2010-12-01,1,489.6,374,1,1,2,Developing,2010-12,2011-12-10
18075,2010-12-14,2011-11-16,10,2611.75,24,4,5,5,Champions,2010-12,2011-12-10
18077,2010-12-08,2011-12-01,11,2633.01,9,5,5,5,Champions,2010-12,2011-12-10
18078,2011-03-25,2011-05-06,2,336.13,218,1,3,2,At Risk,2011-03,2011-12-10
18079,2011-04-15,2011-10-25,4,3651.97,46,3,4,5,Loyal,2011-04,2011-12-10
18080,2011-04-11,2011-11-21,2,1231.5,19,4,3,4,Developing,2011-04,2011-12-10
18081,2011-07-29,2011-11-03,3,343.45000000000005,37,3,3,2,Developing,2011-07,2011-12-10
18082,2011-11-14,2011-11-14,1,703.37,26,4,1,3,New / Recent,2011-11,2011-12-10
18084,2011-11-23,2011-11-23,1,90.48,17,4,1,1,New / Recent,2011-11,2011-12-10
18085,2010-12-01,2011-01-13,2,689.95,331,1,3,3,At Risk,2010-12,2011-12-10
18086,2011-03-10,2011-03-10,1,101.34,275,1,1,1,Developing,2011-03,2011-12-10
18087,2011-02-22,2011-09-02,2,4055.7200000000003,99,2,3,5,At Risk,2011-02,2011-12-10
18088,2011-10-09,2011-10-09,1,167.67,62,3,1,1,Developing,2011-10,2011-12-10
18092,2010-12-09,2011-12-07,11,9068.26,3,5,5,5,Champions,2010-12,2011-12-10
18093,2011-02-10,2011-09-07,4,2106.52,94,2,4,5,At Risk,2011-02,2011-12-10
18094,2011-02-21,2011-09-19,7,3017.3,82,2,5,5,At Risk,2011-02,2011-12-10
18095,2011-01-11,2011-01-31,2,580.05,313,1,3,3,At Risk,2011-01,2011-12-10
18096,2011-10-07,2011-11-28,3,911.15,12,5,3,3,Developing,2011-10,2011-12-10
18097,2010-12-20,2011-12-02,6,2697.8,8,5,5,5,Champions,2010-12,2011-12-10
18099,2011-08-04,2011-08-04,1,168.31,128,2,1,1,Developing,2011-08,2011-12-10
18101,2011-07-19,2011-11-28,2,223.65,12,5,3,1,Developing,2011-07,2011-12-10
18102,2010-12-07,2011-12-09,60,259657.30000000002,1,5,5,5,Champions,2010-12,2011-12-10
18104,2011-11-02,2011-11-02,1,754.64,38,3,1,3,Developing,2011-11,2011-12-10
18105,2011-11-02,2011-11-02,1,113.47999999999999,38,3,1,1,Developing,2011-11,2011-12-10
18106,2011-01-14,2011-01-14,1,430.7,330,1,1,2,Developing,2011-01,2011-12-10
18108,2011-03-30,2011-03-30,1,271.0,255,1,1,2,Developing,2011-03,2011-12-10
18109,2010-12-05,2011-12-08,26,8052.97,2,5,5,5,Champions,2010-12,2011-12-10
18110,2011-11-20,2011-11-20,1,236.3,20,4,1,1,New / Recent,2011-11,2011-12-10
18112,2011-06-26,2011-11-27,2,352.69,13,5,3,2,Developing,2011-06,2011-12-10
18113,2010-12-06,2010-12-06,1,76.32,369,1,1,1,Developing,2010-12,2011-12-10
18114,2011-02-22,2011-02-22,1,220.1,291,1,1,1,Developing,2011-02,2011-12-10
18116,2010-12-10,2011-10-03,8,1418.03,68,3,5,4,Loyal,2010-12,2011-12-10
18117,2011-11-14,2011-11-14,1,320.71999999999997,26,4,1,2,New / Recent,2011-11,2011-12-10
18118,2010-12-05,2011-11-29,26,5653.82,11,5,5,5,Champions,2010-12,2011-12-10
18119,2010-12-07,2010-12-07,1,181.12,368,1,1,1,Developing,2010-12,2011-12-10
18120,2011-05-09,2011-05-09,1,111.15,215,1,1,1,Developing,2011-05,2011-12-10
18121,2011-07-08,2011-07-13,2,673.1,150,2,3,3,At Risk,2011-07,2011-12-10
18122,2011-07-12,2011-12-01,6,1826.21,9,5,5,4,Champions,2011-07,2011-12-10
18123,2011-11-08,2011-11-15,2,589.4399999999999,25,4,3,3,Developing,2011-11,2011-12-10
18125,2011-01-27,2011-11-10,4,1142.99,30,4,4,4,Champions,2011-01,2011-12-10
18126,2011-10-10,2011-10-10,1,206.83,61,3,1,1,Developing,2011-10,2011-12-10
18127,2011-07-29,2011-11-20,3,348.73,20,4,3,2,Developing,2011-07,2011-12-10
18129,2011-04-10,2011-04-10,1,112.55,244,1,1,1,Developing,2011-04,2011-12-10
18130,2011-10-13,2011-11-24,3,1059.39,16,4,3,4,Developing,2011-10,2011-12-10
18133,2011-05-11,2011-05-11,1,931.5,213,1,1,3,Developing,2011-05,2011-12-10
18135,2011-06-02,2011-11-10,5,681.91,30,4,4,3,Loyal,2011-06,2011-12-10
18136,2011-01-24,2011-10-07,3,784.33,64,3,3,3,Developing,2011-01,2011-12-10
18138,2011-02-17,2011-02-17,1,152.65,296,1,1,1,Developing,2011-02,2011-12-10
18139,2011-11-21,2011-11-22,6,8438.34,18,4,5,5,Champions,2011-11,2011-12-10
18142,2011-05-08,2011-07-05,2,1019.52,158,2,3,4,At Risk,2011-05,2011-12-10
18143,2011-07-21,2011-08-15,2,1000.1600000000001,117,2,3,4,At Risk,2011-07,2011-12-10
18144,2010-12-01,2011-12-02,12,2888.75,8,5,5,5,Champions,2010-12,2011-12-10
18145,2011-01-31,2011-11-27,4,2861.55,13,5,4,5,Champions,2011-01,2011-12-10
18146,2011-05-03,2011-07-22,2,160.35,141,2,3,1,At Risk,2011-05,2011-12-10
18147,2011-08-23,2011-10-25,2,179.34,46,3,3,1,Developing,2011-08,2011-12-10
18149,2011-03-11,2011-10-20,3,612.0799999999999,51,3,3,3,Developing,2011-03,2011-12-10
18150,2011-05-22,2011-11-07,3,566.5799999999999,33,4,3,3,Developing,2011-05,2011-12-10
18151,2011-02-23,2011-07-28,2,653.35,135,2,3,3,At Risk,2011-02,2011-12-10
18154,2011-10-27,2011-12-06,2,399.19,4,5,3,2,Developing,2011-10,2011-12-10
18155,2011-02-21,2011-09-25,3,371.62,76,2,3,2,At Risk,2011-02,2011-12-10
18156,2010-12-05,2011-11-27,2,734.94,13,5,3,3,Developing,2010-12,2011-12-10
18158,2011-09-12,2011-11-30,2,453.4,10,5,3,2,Developing,2011-09,2011-12-10
18159,2011-02-11,2011-02-11,1,530.15,302,1,1,3,Developing,2011-02,2011-12-10
18160,2011-05-23,2011-10-13,2,638.06,58,3,3,3,Developing,2011-05,2011-12-10
18161,2011-01-24,2011-11-24,5,1618.69,16,4,4,4,Champions,2011-01,2011-12-10
18164,2011-11-02,2011-11-02,1,399.65,38,3,1,2,Developing,2011-11,2011-12-10
18165,2011-06-15,2011-06-15,1,302.46,178,2,1,2,Developing,2011-06,2011-12-10
18167,2011-08-26,2011-11-16,3,1384.8600000000001,24,4,3,4,Developing,2011-08,2011-12-10
18168,2010-12-02,2011-06-16,6,1169.94,177,2,5,4,At Risk,2010-12,2011-12-10
18169,2011-10-10,2011-10-10,1,202.65,61,3,1,1,Developing,2011-10,2011-12-10
18170,2011-05-06,2011-11-06,3,980.31,34,3,3,4,Developing,2011-05,2011-12-10
18171,2011-01-10,2011-10-12,5,1231.31,59,3,4,4,Loyal,2011-01,2011-12-10
18172,2011-02-23,2011-11-25,20,7561.68,15,4,5,5,Champions,2011-02,2011-12-10
18173,2011-03-10,2011-09-14,4,2106.84,87,2,4,5,At Risk,2011-03,2011-12-10
18174,2011-12-02,2011-12-02,1,104.0,8,5,1,1,New / Recent,2011-12,2011-12-10
18176,2010-12-16,2010-12-16,1,476.34999999999997,359,1,1,2,Developing,2010-12,2011-12-10
18177,2011-03-29,2011-11-08,6,1341.42,32,4,5,4,Champions,2011-03,2011-12-10
18178,2010-12-10,2011-08-03,4,1590.81,129,2,4,4,At Risk,2010-12,2011-12-10
18179,2011-01-07,2011-11-30,6,1793.17,10,5,5,4,Champions,2011-01,2011-12-10
18180,2011-07-20,2011-12-05,6,1843.75,5,5,5,4,Champions,2011-07,2011-12-10
18181,2011-11-15,2011-11-15,1,382.8,25,4,1,2,New / Recent,2011-11,2011-12-10
18183,2011-03-10,2011-04-26,2,632.0699999999999,228,1,3,3,At Risk,2011-03,2011-12-10
18184,2011-11-24,2011-11-24,1,49.8,16,4,1,1,New / Recent,2011-11,2011-12-10
18185,2011-04-04,2011-04-04,1,304.25,250,1,1,2,Developing,2011-04,2011-12-10
18188,2011-02-22,2011-11-24,3,2001.04,16,4,3,4,Developing,2011-02,2011-12-10
18189,2011-03-17,2011-09-23,2,1090.24,78,2,3,4,At Risk,2011-03,2011-12-10
18190,2011-01-13,2011-05-31,2,284.46000000000004,193,1,3,2,At Risk,2011-01,2011-12-10
18191,2011-03-23,2011-03-23,1,207.8,262,1,1,1,Developing,2011-03,2011-12-10
18192,2011-09-29,2011-09-29,1,957.97,72,3,1,4,Developing,2011-09,2011-12-10
18193,2011-06-27,2011-06-27,1,243.76,166,2,1,1,Developing,2011-06,2011-12-10
18194,2011-09-18,2011-09-18,1,973.84,83,2,1,4,Developing,2011-09,2011-12-10
18196,2011-02-22,2011-09-05,2,689.13,96,2,3,3,At Risk,2011-02,2011-12-10
18198,2011-01-07,2011-12-05,17,5425.5599999999995,5,5,5,5,Champions,2011-01,2011-12-10
18200,2011-08-25,2011-08-25,1,163.8,107,2,1,1,Developing,2011-08,2011-12-10
18202,2011-02-01,2011-05-24,3,1396.99,200,1,3,4,At Risk,2011-02,2011-12-10
18203,2011-07-05,2011-07-05,1,160.42000000000002,158,2,1,1,Developing,2011-07,2011-12-10
18204,2011-05-31,2011-09-29,3,1993.6999999999998,72,3,3,4,Developing,2011-05,2011-12-10
18205,2011-09-26,2011-11-03,2,517.36,37,3,3,3,Developing,2011-09,2011-12-10
18209,2011-11-11,2011-11-11,1,139.1,29,4,1,1,New / Recent,2011-11,2011-12-10
18210,2011-03-17,2011-12-08,6,2621.38,2,5,5,5,Champions,2011-03,2011-12-10
18211,2011-03-06,2011-11-14,5,600.07,26,4,4,3,Loyal,2011-03,2011-12-10
18212,2011-01-17,2011-01-17,1,248.42,327,1,1,1,Developing,2011-01,2011-12-10
18213,2011-04-17,2011-04-17,1,232.48,237,1,1,1,Developing,2011-04,2011-12-10
18215,2011-09-11,2011-09-11,1,299.34000000000003,90,2,1,2,Developing,2011-09,2011-12-10
18216,2011-11-08,2011-11-08,1,481.75,32,4,1,2,New / Recent,2011-11,2011-12-10
18217,2011-09-30,2011-11-10,2,621.75,30,4,3,3,Developing,2011-09,2011-12-10
18218,2011-03-03,2011-05-12,2,662.0799999999999,212,1,3,3,At Risk,2011-03,2011-12-10
18219,2010-12-06,2011-12-07,10,2069.77,3,5,5,5,Champions,2010-12,2011-12-10
18220,2011-04-27,2011-04-27,1,305.28,227,1,1,2,Developing,2011-04,2011-12-10
18221,2011-05-12,2011-11-17,5,1041.6100000000001,23,4,4,4,Champions,2011-05,2011-12-10
18222,2011-09-08,2011-09-08,1,443.0,93,2,1,2,Developing,2011-09,2011-12-10
18223,2010-12-16,2011-12-05,14,6484.54,5,5,5,5,Champions,2010-12,2011-12-10
18224,2011-03-21,2011-03-21,1,158.95,264,1,1,1,Developing,2011-03,2011-12-10
18225,2010-12-09,2011-12-06,12,5509.12,4,5,5,5,Champions,2010-12,2011-12-10
18226,2011-01-06,2011-10-26,11,5228.05,45,3,5,5,Loyal,2011-01,2011-12-10
18227,2011-05-06,2011-05-06,1,93.75,218,1,1,1,Developing,2011-05,2011-12-10
18228,2011-09-21,2011-10-14,2,779.9,57,3,3,3,Developing,2011-09,2011-12-10
18229,2010-12-01,2011-11-28,20,7276.9,12,5,5,5,Champions,2010-12,2011-12-10
18230,2011-02-10,2011-11-30,7,2810.2,10,5,5,5,Champions,2011-02,2011-12-10
18231,2011-02-24,2011-05-31,5,2083.27,193,1,4,5,At Risk,2011-02,2011-12-10
18232,2011-05-26,2011-09-19,4,592.97,82,2,4,3,At Risk,2011-05,2011-12-10
18233,2011-01-18,2011-01-18,1,440.0,326,1,1,2,Developing,2011-01,2011-12-10
18235,2011-05-06,2011-09-29,3,1796.48,72,3,3,4,Developing,2011-05,2011-12-10
18236,2011-04-13,2011-11-10,6,882.24,30,4,5,3,Loyal,2011-04,2011-12-10
18237,2011-07-28,2011-12-07,5,987.1,3,5,4,4,Champions,2011-07,2011-12-10
18239,2010-12-02,2011-05-05,5,1561.61,219,1,4,4,At Risk,2010-12,2011-12-10
18240,2011-10-24,2011-10-24,1,422.58,47,3,1,2,Developing,2011-10,2011-12-10
18241,2011-05-06,2011-11-30,17,2073.09,10,5,5,5,Champions,2011-05,2011-12-10
18242,2011-05-10,2011-09-28,4,2232.49,73,2,4,5,At Risk,2011-05,2011-12-10
18245,2010-12-19,2011-12-02,7,2567.06,8,5,5,5,Champions,2010-12,2011-12-10
18246,2011-04-20,2011-11-16,2,596.1,24,4,3,3,Developing,2011-04,2011-12-10
18248,2011-06-06,2011-08-09,2,804.02,123,2,3,3,At Risk,2011-06,2011-12-10
18249,2011-11-22,2011-11-22,1,95.34,18,4,1,1,New / Recent,2011-11,2011-12-10
18250,2011-02-02,2011-02-02,1,349.27,311,1,1,2,Developing,2011-02,2011-12-10
18251,2011-09-13,2011-09-13,1,4314.72,88,2,1,5,Developing,2011-09,2011-12-10
18252,2011-06-21,2011-10-20,2,526.67,51,3,3,3,Developing,2011-06,2011-12-10
18255,2011-09-11,2011-09-11,1,103.3,90,2,1,1,Developing,2011-09,2011-12-10
18257,2011-02-16,2011-10-31,8,2337.6299999999997,40,3,5,5,Loyal,2011-02,2011-12-10
18259,2010-12-08,2011-11-15,3,2338.6,25,4,3,5,Developing,2010-12,2011-12-10
18260,2010-12-16,2011-06-20,6,2643.2000000000003,173,2,5,5,At Risk,2010-12,2011-12-10
18261,2011-09-05,2011-10-27,2,324.24,44,3,3,2,Developing,2011-09,2011-12-10
18262,2011-07-22,2011-07-22,1,149.48,141,2,1,1,Developing,2011-07,2011-12-10
18263,2011-04-01,2011-11-14,3,1213.16,26,4,3,4,Developing,2011-04,2011-12-10
18265,2011-07-04,2011-09-28,2,801.51,73,2,3,3,At Risk,2011-07,2011-12-10
18268,2011-07-28,2011-07-28,1,25.5,135,2,1,1,Developing,2011-07,2011-12-10
18269,2010-12-08,2010-12-08,1,168.6,367,1,1,1,Developing,2010-12,2011-12-10
18270,2011-03-18,2011-11-01,2,283.15000000000003,39,3,3,2,Developing,2011-03,2011-12-10
18272,2011-04-07,2011-12-07,6,3078.58,3,5,5,5,Champions,2011-04,2011-12-10
18273,2011-03-27,2011-12-07,3,204.0,3,5,3,1,Developing,2011-03,2011-12-10
18274,2011-11-09,2011-11-09,1,175.92,31,4,1,1,New / Recent,2011-11,2011-12-10
18276,2011-10-27,2011-10-27,1,335.86,44,3,1,2,Developing,2011-10,2011-12-10
18277,2011-10-12,2011-10-12,1,110.38000000000001,59,3,1,1,Developing,2011-10,2011-12-10
18278,2011-09-27,2011-09-27,1,173.9,74,2,1,1,Developing,2011-09,2011-12-10
18280,2011-03-07,2011-03-07,1,180.6,278,1,1,1,Developing,2011-03,2011-12-10
18281,2011-06-12,2011-06-12,1,80.82,181,1,1,1,Developing,2011-06,2011-12-10
18282,2011-08-05,2011-12-02,2,178.05,8,5,3,1,Developing,2011-08,2011-12-10
18283,2011-01-06,2011-12-06,16,2094.88,4,5,5,5,Champions,2011-01,2011-12-10
18287,2011-05-22,2011-10-28,3,1837.28,43,3,3,4,Developing,2011-05,2011-12-10
0,,,,,,,,,Unknown customer,,
12503,,,0,0.0,,,,,Credit only,,
12505,,,0,0.0,,,,,Credit only,,
12605,,,0,0.0,,,,,Credit only,,
12666,,,0,0.0,,,,,Credit only,,
12870,,,0,0.0,,,,,Credit only,,
12943,,,0,0.0,,,,,Credit only,,
13154,,,0,0.0,,,,,Credit only,,
13693,,,0,0.0,,,,,Credit only,,
13829,,,0,0.0,,,,,Credit only,,
13958,,,0,0.0,,,,,Credit only,,
14119,,,0,0.0,,,,,Credit only,,
14213,,,0,0.0,,,,,Credit only,,
14627,,,0,0.0,,,,,Credit only,,
14679,,,0,0.0,,,,,Credit only,,
14777,,,0,0.0,,,,,Credit only,,
15369,,,0,0.0,,,,,Credit only,,
15590,,,0,0.0,,,,,Credit only,,
15638,,,0,0.0,,,,,Credit only,,
15728,,,0,0.0,,,,,Credit only,,
16061,,,0,0.0,,,,,Credit only,,
16138,,,0,0.0,,,,,Credit only,,
16252,,,0,0.0,,,,,Credit only,,
16262,,,0,0.0,,,,,Credit only,,
16428,,,0,0.0,,,,,Credit only,,
16579,,,0,0.0,,,,,Credit only,,
16995,,,0,0.0,,,,,Credit only,,
17065,,,0,0.0,,,,,Credit only,,
17307,,,0,0.0,,,,,Credit only,,
17448,,,0,0.0,,,,,Credit only,,
17547,,,0,0.0,,,,,Credit only,,
17820,,,0,0.0,,,,,Credit only,,
18141,,,0,0.0,,,,,Credit only,,
18256,,,0,0.0,,,,,Credit only,,
