ProductKey,Description,ProductLabel,ProductType
10002,INFLATABLE POLITICAL GLOBE,10002 | INFLATABLE POLITICAL GLOBE,Merchandise
10080,GROOVY CACTUS INFLATABLE,10080 | GROOVY CACTUS INFLATABLE,Merchandise
10120,DOGGY RUBBER,10120 | DOGGY RUBBER,Merchandise
10123C,HEARTS WRAPPING TAPE,10123C | HEARTS WRAPPING TAPE,Merchandise
10124A,SPOTS ON RED BOOKCOVER TAPE,10124A | SPOTS ON RED BOOKCOVER TAPE,Merchandise
10124G,ARMY CAMO BOOKCOVER TAPE,10124G | ARMY CAMO BOOKCOVER TAPE,Merchandise
10125,MINI FUNKY DESIGN TAPES,10125 | MINI FUNKY DESIGN TAPES,Merchandise
10133,COLOURING PENCILS BROWN TUBE,10133 | COLOURING PENCILS BROWN TUBE,Merchandise
10135,COLOURING PENCILS BROWN TUBE,10135 | COLOURING PENCILS BROWN TUBE,Merchandise
11001,ASSTD DESIGN RACING CAR PEN,11001 | ASSTD DESIGN RACING CAR PEN,Merchandise
15030,FAN BLACK FRAME,15030 | FAN BLACK FRAME,Merchandise
15034,PAPER POCKET TRAVELING FAN,15034 | PAPER POCKET TRAVELING FAN,Merchandise
15036,ASSORTED COLOURS SILK FAN,15036 | ASSORTED COLOURS SILK FAN,Merchandise
15039,SANDALWOOD FAN,15039 | SANDALWOOD FAN,Merchandise
15044A,PINK PAPER PARASOL,15044A | PINK PAPER PARASOL,Merchandise
15044B,BLUE PAPER PARASOL,15044B | BLUE PAPER PARASOL,Merchandise
15044C,PURPLE PAPER PARASOL,15044C | PURPLE PAPER PARASOL,Merchandise
15044D,RED PAPER PARASOL,15044D | RED PAPER PARASOL,Merchandise
15056BL,EDWARDIAN PARASOL BLACK,15056BL | EDWARDIAN PARASOL BLACK,Merchandise
15056N,EDWARDIAN PARASOL NATURAL,15056N | EDWARDIAN PARASOL NATURAL,Merchandise
15056P,EDWARDIAN PARASOL PINK,15056P | EDWARDIAN PARASOL PINK,Merchandise
15058A,BLUE POLKADOT GARDEN PARASOL,15058A | BLUE POLKADOT GARDEN PARASOL,Merchandise
15058B,PINK POLKADOT GARDEN PARASOL,15058B | PINK POLKADOT GARDEN PARASOL,Merchandise
15058C,ICE CREAM DESIGN GARDEN PARASOL,15058C | ICE CREAM DESIGN GARDEN PARASOL,Merchandise
15060B,FAIRY CAKE DESIGN UMBRELLA,15060B | FAIRY CAKE DESIGN UMBRELLA,Merchandise
16008,SMALL FOLDING SCISSOR(POINTED EDGE),16008 | SMALL FOLDING SCISSOR(POINTED EDGE),Merchandise
16010,FOLDING CAMPING SCISSOR W/KNIF & S,16010 | FOLDING CAMPING SCISSOR W/KNIF & S,Merchandise
16011,ANIMAL STICKERS,16011 | ANIMAL STICKERS,Merchandise
16012,FOOD/DRINK SPONGE STICKERS,16012 | FOOD/DRINK SPONGE STICKERS,Merchandise
16014,SMALL CHINESE STYLE SCISSOR,16014 | SMALL CHINESE STYLE SCISSOR,Merchandise
16015,MEDIUM CHINESE STYLE SCISSOR,16015 | MEDIUM CHINESE STYLE SCISSOR,Merchandise
16016,LARGE CHINESE STYLE SCISSOR,16016 | LARGE CHINESE STYLE SCISSOR,Merchandise
16020C,CLEAR STATIONERY BOX SET,16020C | CLEAR STATIONERY BOX SET,Merchandise
16033,MINI HIGHLIGHTER PENS,16033 | MINI HIGHLIGHTER PENS,Merchandise
16043,POP ART PUSH DOWN RUBBER,16043 | POP ART PUSH DOWN RUBBER,Merchandise
16045,POPART WOODEN PENCILS ASST,16045 | POPART WOODEN PENCILS ASST,Merchandise
16046,TEATIME PEN CASE & PENS,16046 | TEATIME PEN CASE & PENS,Merchandise
16048,TEATIME ROUND PENCIL SHARPENER,16048 | TEATIME ROUND PENCIL SHARPENER,Merchandise
16049,TEATIME GEL PENS ASST,16049 | TEATIME GEL PENS ASST,Merchandise
16052,TEATIME PUSH DOWN RUBBER,16052 | TEATIME PUSH DOWN RUBBER,Merchandise
16054,POPART RECT PENCIL SHARPENER ASST,16054 | POPART RECT PENCIL SHARPENER ASST,Merchandise
16151A,FLOWERS HANDBAG blue and orange,16151A | FLOWERS HANDBAG blue and orange,Merchandise
16156L,WRAP CAROUSEL,16156L | WRAP CAROUSEL,Merchandise
16156S,WRAP PINK FAIRY CAKES,16156S | WRAP PINK FAIRY CAKES,Merchandise
16161G,WRAP BAD HAIR DAY,16161G | WRAP BAD HAIR DAY,Merchandise
16161M,WRAP  PINK FLOCK,16161M | WRAP  PINK FLOCK,Merchandise
16161P,WRAP ENGLISH ROSE,16161P | WRAP ENGLISH ROSE,Merchandise
16161U,WRAP SUKI AND FRIENDS,16161U | WRAP SUKI AND FRIENDS,Merchandise
16162L,THE KING GIFT BAG,16162L | THE KING GIFT BAG,Merchandise
16162M,THE KING GIFT BAG 25x24x12cm,16162M | THE KING GIFT BAG 25x24x12cm,Merchandise
16168M,FUNKY MONKEY GIFT BAG MEDIUM,16168M | FUNKY MONKEY GIFT BAG MEDIUM,Merchandise
16169E,WRAP 50'S  CHRISTMAS,16169E | WRAP 50'S  CHRISTMAS,Merchandise
16169K,WRAP FOLK ART,16169K | WRAP FOLK ART,Merchandise
16169M,WRAP DAISY CARPET,16169M | WRAP DAISY CARPET,Merchandise
16169N,WRAP BLUE RUSSIAN FOLKART,16169N | WRAP BLUE RUSSIAN FOLKART,Merchandise
16169P,WRAP GREEN RUSSIAN FOLKART,16169P | WRAP GREEN RUSSIAN FOLKART,Merchandise
16202A,PASTEL PINK PHOTO ALBUM,16202A | PASTEL PINK PHOTO ALBUM,Merchandise
16202B,PASTEL BLUE PHOTO ALBUM,16202B | PASTEL BLUE PHOTO ALBUM,Merchandise
16202E,BLACK PHOTO ALBUM,16202E | BLACK PHOTO ALBUM,Merchandise
16206B,RED PURSE WITH PINK HEART,16206B | RED PURSE WITH PINK HEART,Merchandise
16207A,PINK STRAWBERRY HANDBAG,16207A | PINK STRAWBERRY HANDBAG,Merchandise
16207B,PINK HEART RED HANDBAG,16207B | PINK HEART RED HANDBAG,Merchandise
16216,LETTER SHAPE PENCIL SHARPENER,16216 | LETTER SHAPE PENCIL SHARPENER,Merchandise
16218,CARTOON  PENCIL SHARPENERS,16218 | CARTOON  PENCIL SHARPENERS,Merchandise
16219,HOUSE SHAPE PENCIL SHARPENER,16219 | HOUSE SHAPE PENCIL SHARPENER,Merchandise
16225,RATTLE SNAKE EGGS,16225 | RATTLE SNAKE EGGS,Merchandise
16235,RECYCLED PENCIL WITH RABBIT ERASER,16235 | RECYCLED PENCIL WITH RABBIT ERASER,Merchandise
16236,KITTY PENCIL ERASERS,16236 | KITTY PENCIL ERASERS,Merchandise
16237,SLEEPING CAT ERASERS,16237 | SLEEPING CAT ERASERS,Merchandise
16238,PARTY TIME PENCIL ERASERS,16238 | PARTY TIME PENCIL ERASERS,Merchandise
16244B,MAXWELL 2 TONE BLUE 60 PAGE PHOTO A,16244B | MAXWELL 2 TONE BLUE 60 PAGE PHOTO A,Merchandise
16248B,BLUE HOLE PUNCH,16248B | BLUE HOLE PUNCH,Merchandise
16254,TRANSPARENT ACRYLIC TAPE DISPENSER,16254 | TRANSPARENT ACRYLIC TAPE DISPENSER,Merchandise
16258A,SWIRLY CIRCULAR RUBBERS IN BAG,16258A | SWIRLY CIRCULAR RUBBERS IN BAG,Merchandise
16259,PIECE OF CAMO STATIONERY SET,16259 | PIECE OF CAMO STATIONERY SET,Merchandise
17001,HEAVENS SCENT FRAGRANCE OILS ASSTD,17001 | HEAVENS SCENT FRAGRANCE OILS ASSTD,Merchandise
17003,BROCADE RING PURSE,17003 | BROCADE RING PURSE,Merchandise
17007B,S/3 POT POURI CUSHIONS BLUE COLOURS,17007B | S/3 POT POURI CUSHIONS BLUE COLOURS,Merchandise
17011F,ORIGAMI SANDLEWOOD INCENSE+FLOWER,17011F | ORIGAMI SANDLEWOOD INCENSE+FLOWER,Merchandise
17012A,ORIGAMI VANILLA INCENSE/CANDLE SET,17012A | ORIGAMI VANILLA INCENSE/CANDLE SET,Merchandise
17012B,ORIGAMI JASMINE INCENSE/CANDLE SET,17012B | ORIGAMI JASMINE INCENSE/CANDLE SET,Merchandise
17012C,ORIGAMI LAVENDER INCENSE/CANDL SET,17012C | ORIGAMI LAVENDER INCENSE/CANDL SET,Merchandise
17012D,ORIGAMI ROSE INCENSE/CANDLE SET,17012D | ORIGAMI ROSE INCENSE/CANDLE SET,Merchandise
17012E,ORIGAMI OPIUM INCENSE/CANDLE SET,17012E | ORIGAMI OPIUM INCENSE/CANDLE SET,Merchandise
17012F,ORIGAMI SANDLEWOOD INCENSE/CAND SET,17012F | ORIGAMI SANDLEWOOD INCENSE/CAND SET,Merchandise
17013D,ORIGAMI ROSE INCENSE IN TUBE,17013D | ORIGAMI ROSE INCENSE IN TUBE,Merchandise
17014A,ORIGAMI VANILLA INCENSE CONES,17014A | ORIGAMI VANILLA INCENSE CONES,Merchandise
17021,NAMASTE SWAGAT INCENSE,17021 | NAMASTE SWAGAT INCENSE,Merchandise
17028J,INCENSE BAZAAR PEACH,17028J | INCENSE BAZAAR PEACH,Merchandise
17038,PORCELAIN BUDAH INCENSE HOLDER,17038 | PORCELAIN BUDAH INCENSE HOLDER,Merchandise
17084A,TRANQUILITY MASALA INCENSE,17084A | TRANQUILITY MASALA INCENSE,Merchandise
17084J,LOVE POTION MASALA INCENSE,17084J | LOVE POTION MASALA INCENSE,Merchandise
17084N,FAIRY DREAMS INCENSE,17084N | FAIRY DREAMS INCENSE,Merchandise
17084P,DRAGONS BLOOD INCENSE,17084P | DRAGONS BLOOD INCENSE,Merchandise
17084R,ASSORTED INCENSE PACK,17084R | ASSORTED INCENSE PACK,Merchandise
17090A,LAVENDER INCENSE 40 CONES IN TIN,17090A | LAVENDER INCENSE 40 CONES IN TIN,Merchandise
17090D,VANILLA INCENSE 40 CONES IN TIN,17090D | VANILLA INCENSE 40 CONES IN TIN,Merchandise
17091A,LAVENDER INCENSE IN TIN,17091A | LAVENDER INCENSE IN TIN,Merchandise
17091J,VANILLA INCENSE IN TIN,17091J | VANILLA INCENSE IN TIN,Merchandise
17096,ASSORTED LAQUERED INCENSE HOLDERS,17096 | ASSORTED LAQUERED INCENSE HOLDERS,Merchandise
17107D,"FLOWER FAIRY,5 SUMMER B'DRAW LINERS","17107D | FLOWER FAIRY,5 SUMMER B'DRAW LINERS",Merchandise
17109D,FLOWER FAIRY INCENSE BOUQUET,17109D | FLOWER FAIRY INCENSE BOUQUET,Merchandise
17129F,BLUE GLASS GEMS IN BAG,17129F | BLUE GLASS GEMS IN BAG,Merchandise
17136A,BLUE STONES ON WIRE FOR CANDLE,17136A | BLUE STONES ON WIRE FOR CANDLE,Merchandise
17164B,ASS COL SMALL SAND GECKO P'WEIGHT,17164B | ASS COL SMALL SAND GECKO P'WEIGHT,Merchandise
17165D,ASS COL LARGE SAND FROG P'WEIGHT,17165D | ASS COL LARGE SAND FROG P'WEIGHT,Merchandise
17174,ASSTD RASTA KEY-CHAINS,17174 | ASSTD RASTA KEY-CHAINS,Merchandise
17191A,ROSE FLOWER CANDLE+INCENSE 16X16CM,17191A | ROSE FLOWER CANDLE+INCENSE 16X16CM,Merchandise
18007,ESSENTIAL BALM 3.5g TIN IN ENVELOPE,18007 | ESSENTIAL BALM 3.5g TIN IN ENVELOPE,Merchandise
18094C,WHITE AND BLUE CERAMIC OIL BURNER,18094C | WHITE AND BLUE CERAMIC OIL BURNER,Merchandise
18097A,PINK TALL PORCELAIN T-LIGHT HOLDER,18097A | PINK TALL PORCELAIN T-LIGHT HOLDER,Merchandise
18097C,WHITE TALL PORCELAIN T-LIGHT HOLDER,18097C | WHITE TALL PORCELAIN T-LIGHT HOLDER,Merchandise
18098C,PORCELAIN BUTTERFLY OIL BURNER,18098C | PORCELAIN BUTTERFLY OIL BURNER,Merchandise
20615,BLUE POLKADOT PASSPORT COVER,20615 | BLUE POLKADOT PASSPORT COVER,Merchandise
20616,CHERRY BLOSSOM PASSPORT COVER,20616 | CHERRY BLOSSOM PASSPORT COVER,Merchandise
20617,FIRST CLASS PASSPORT COVER,20617 | FIRST CLASS PASSPORT COVER,Merchandise
20618,QUEEN OF THE SKIES PASSPORT COVER,20618 | QUEEN OF THE SKIES PASSPORT COVER,Merchandise
20619,TROPICAL PASSPORT COVER,20619 | TROPICAL PASSPORT COVER,Merchandise
20622,VIPPASSPORT COVER,20622 | VIPPASSPORT COVER,Merchandise
20652,BLUE POLKADOT LUGGAGE TAG,20652 | BLUE POLKADOT LUGGAGE TAG,Merchandise
20653,CHERRY BLOSSOM LUGGAGE TAG,20653 | CHERRY BLOSSOM LUGGAGE TAG,Merchandise
20654,FIRST CLASS LUGGAGE TAG,20654 | FIRST CLASS LUGGAGE TAG,Merchandise
20655,QUEEN OF SKIES LUGGAGE TAG,20655 | QUEEN OF SKIES LUGGAGE TAG,Merchandise
20657,TROPICAL LUGGAGE TAG,20657 | TROPICAL LUGGAGE TAG,Merchandise
20658,RED RETROSPOT LUGGAGE TAG,20658 | RED RETROSPOT LUGGAGE TAG,Merchandise
20659,ECONOMY LUGGAGE TAG,20659 | ECONOMY LUGGAGE TAG,Merchandise
20661,BLUE POLKADOT PURSE,20661 | BLUE POLKADOT PURSE,Merchandise
20662,FIRST CLASS HOLIDAY PURSE,20662 | FIRST CLASS HOLIDAY PURSE,Merchandise
20663,QUEEN OF THE SKIES HOLIDAY PURSE,20663 | QUEEN OF THE SKIES HOLIDAY PURSE,Merchandise
20664,TROPICAL HOLIDAY PURSE,20664 | TROPICAL HOLIDAY PURSE,Merchandise
20665,RED RETROSPOT PURSE,20665 | RED RETROSPOT PURSE,Merchandise
20666,ECONOMY HOLIDAY PURSE,20666 | ECONOMY HOLIDAY PURSE,Merchandise
20667,CHERRY BLOSSOM PURSE,20667 | CHERRY BLOSSOM PURSE,Merchandise
20668,DISCO BALL CHRISTMAS DECORATION,20668 | DISCO BALL CHRISTMAS DECORATION,Merchandise
20669,RED HEART LUGGAGE TAG,20669 | RED HEART LUGGAGE TAG,Merchandise
20670,VIP HOLIDAY PURSE,20670 | VIP HOLIDAY PURSE,Merchandise
20671,BLUE TEATIME PRINT BOWL,20671 | BLUE TEATIME PRINT BOWL,Merchandise
20674,GREEN POLKADOT BOWL,20674 | GREEN POLKADOT BOWL,Merchandise
20675,BLUE POLKADOT BOWL,20675 | BLUE POLKADOT BOWL,Merchandise
20676,RED RETROSPOT BOWL,20676 | RED RETROSPOT BOWL,Merchandise
20677,PINK POLKADOT BOWL,20677 | PINK POLKADOT BOWL,Merchandise
20678,LARGE BLACK DIAMANTE HAIRSLIDE,20678 | LARGE BLACK DIAMANTE HAIRSLIDE,Merchandise
20679,EDWARDIAN PARASOL RED,20679 | EDWARDIAN PARASOL RED,Merchandise
20681,PINK POLKADOT CHILDRENS UMBRELLA,20681 | PINK POLKADOT CHILDRENS UMBRELLA,Merchandise
20682,RED RETROSPOT CHILDRENS UMBRELLA,20682 | RED RETROSPOT CHILDRENS UMBRELLA,Merchandise
20684,STRAWBERRY DREAM CHILDS UMBRELLA,20684 | STRAWBERRY DREAM CHILDS UMBRELLA,Merchandise
20685,DOORMAT RED RETROSPOT,20685 | DOORMAT RED RETROSPOT,Merchandise
20686,DOLLY MIXTURE CHILDREN'S UMBRELLA,20686 | DOLLY MIXTURE CHILDREN'S UMBRELLA,Merchandise
20694,FLORAL PINK MONSTER,20694 | FLORAL PINK MONSTER,Merchandise
20695,FLORAL BLUE MONSTER,20695 | FLORAL BLUE MONSTER,Merchandise
20696,FLORAL SOFT CAR TOY,20696 | FLORAL SOFT CAR TOY,Merchandise
20697,LITTLE GREEN MONSTER SOFT TOY,20697 | LITTLE GREEN MONSTER SOFT TOY,Merchandise
20698,LITTLE PINK MONSTER SOFT TOY,20698 | LITTLE PINK MONSTER SOFT TOY,Merchandise
20699,MOUSEY LONG LEGS SOFT TOY,20699 | MOUSEY LONG LEGS SOFT TOY,Merchandise
20700,GREEN CAT FLORAL CUSHION COVER,20700 | GREEN CAT FLORAL CUSHION COVER,Merchandise
20701,PINK CAT FLORAL CUSHION COVER,20701 | PINK CAT FLORAL CUSHION COVER,Merchandise
20702,PINK PADDED MOBILE,20702 | PINK PADDED MOBILE,Merchandise
20703,BLUE PADDED SOFT MOBILE,20703 | BLUE PADDED SOFT MOBILE,Merchandise
20704,MR ROBOT SOFT TOY,20704 | MR ROBOT SOFT TOY,Merchandise
20705,MRS ROBOT SOFT TOY,20705 | MRS ROBOT SOFT TOY,Merchandise
20707,CRAZY DAISY HEART DECORATION,20707 | CRAZY DAISY HEART DECORATION,Merchandise
20711,JUMBO BAG TOYS,20711 | JUMBO BAG TOYS,Merchandise
20712,JUMBO BAG WOODLAND ANIMALS,20712 | JUMBO BAG WOODLAND ANIMALS,Merchandise
20713,JUMBO BAG OWLS,20713 | JUMBO BAG OWLS,Merchandise
20716,PARTY FOOD SHOPPER BAG,20716 | PARTY FOOD SHOPPER BAG,Merchandise
20717,STRAWBERRY SHOPPER BAG,20717 | STRAWBERRY SHOPPER BAG,Merchandise
20718,RED RETROSPOT SHOPPER BAG,20718 | RED RETROSPOT SHOPPER BAG,Merchandise
20719,WOODLAND CHARLOTTE BAG,20719 | WOODLAND CHARLOTTE BAG,Merchandise
20723,STRAWBERRY CHARLOTTE BAG,20723 | STRAWBERRY CHARLOTTE BAG,Merchandise
20724,RED RETROSPOT CHARLOTTE BAG,20724 | RED RETROSPOT CHARLOTTE BAG,Merchandise
20725,LUNCH BAG RED RETROSPOT,20725 | LUNCH BAG RED RETROSPOT,Merchandise
20726,LUNCH BAG WOODLAND,20726 | LUNCH BAG WOODLAND,Merchandise
20727,LUNCH BAG  BLACK SKULL.,20727 | LUNCH BAG  BLACK SKULL.,Merchandise
20728,LUNCH BAG CARS BLUE,20728 | LUNCH BAG CARS BLUE,Merchandise
20731,POSY CANDY BAG,20731 | POSY CANDY BAG,Merchandise
20733,GOLD MINI TAPE MEASURE,20733 | GOLD MINI TAPE MEASURE,Merchandise
20734,SILVER MINI TAPE MEASURE,20734 | SILVER MINI TAPE MEASURE,Merchandise
20735,BLACK MINI TAPE MEASURE,20735 | BLACK MINI TAPE MEASURE,Merchandise
20748,KENSINGTON COFFEE SET,20748 | KENSINGTON COFFEE SET,Merchandise
20749,ASSORTED COLOUR MINI CASES,20749 | ASSORTED COLOUR MINI CASES,Merchandise
20750,RED RETROSPOT MINI CASES,20750 | RED RETROSPOT MINI CASES,Merchandise
20751,FUNKY WASHING UP GLOVES ASSORTED,20751 | FUNKY WASHING UP GLOVES ASSORTED,Merchandise
20752,BLUE POLKADOT WASHING UP GLOVES,20752 | BLUE POLKADOT WASHING UP GLOVES,Merchandise
20754,RETROSPOT RED WASHING UP GLOVES,20754 | RETROSPOT RED WASHING UP GLOVES,Merchandise
20755,BLUE PAISLEY POCKET BOOK,20755 | BLUE PAISLEY POCKET BOOK,Merchandise
20756,GREEN FERN POCKET BOOK,20756 | GREEN FERN POCKET BOOK,Merchandise
20757,RED DAISY POCKET BOOK,20757 | RED DAISY POCKET BOOK,Merchandise
20758,ABSTRACT CIRCLES POCKET BOOK,20758 | ABSTRACT CIRCLES POCKET BOOK,Merchandise
20759,CHRYSANTHEMUM POCKET BOOK,20759 | CHRYSANTHEMUM POCKET BOOK,Merchandise
20760,GARDEN PATH POCKET BOOK,20760 | GARDEN PATH POCKET BOOK,Merchandise
20761,BLUE PAISLEY SKETCHBOOK,20761 | BLUE PAISLEY SKETCHBOOK,Merchandise
20762,GREEN FERN SKETCHBOOK,20762 | GREEN FERN SKETCHBOOK,Merchandise
20763,DAISY SKETCHBOOK,20763 | DAISY SKETCHBOOK,Merchandise
20764,ABSTRACT CIRCLES SKETCHBOOK,20764 | ABSTRACT CIRCLES SKETCHBOOK,Merchandise
20765,CHRYSANTHEMUM SKETCHBOOK,20765 | CHRYSANTHEMUM SKETCHBOOK,Merchandise
20766,GARDEN PATH SKETCHBOOK,20766 | GARDEN PATH SKETCHBOOK,Merchandise
20767,BLUE PAISLEY JOURNAL,20767 | BLUE PAISLEY JOURNAL,Merchandise
20768,GREEN FERN JOURNAL,20768 | GREEN FERN JOURNAL,Merchandise
20769,DAISY JOURNAL,20769 | DAISY JOURNAL,Merchandise
20770,ABSTRACT CIRCLE JOURNAL,20770 | ABSTRACT CIRCLE JOURNAL,Merchandise
20771,CHRYSANTHEMUM  JOURNAL,20771 | CHRYSANTHEMUM  JOURNAL,Merchandise
20772,GARDEN PATH JOURNAL,20772 | GARDEN PATH JOURNAL,Merchandise
20773,BLUE PAISLEY NOTEBOOK,20773 | BLUE PAISLEY NOTEBOOK,Merchandise
20774,GREEN FERN NOTEBOOK,20774 | GREEN FERN NOTEBOOK,Merchandise
20775,DAISY NOTEBOOK,20775 | DAISY NOTEBOOK,Merchandise
20777,CHRYSANTHEMUM NOTEBOOK,20777 | CHRYSANTHEMUM NOTEBOOK,Merchandise
20778,GARDEN PATH NOTEBOOK,20778 | GARDEN PATH NOTEBOOK,Merchandise
20780,BLACK EAR MUFF HEADPHONES,20780 | BLACK EAR MUFF HEADPHONES,Merchandise
20781,GOLD EAR MUFF HEADPHONES,20781 | GOLD EAR MUFF HEADPHONES,Merchandise
20782,CAMOUFLAGE EAR MUFF HEADPHONES,20782 | CAMOUFLAGE EAR MUFF HEADPHONES,Merchandise
20785,FUSCHIA RETRO BAR STOOL,20785 | FUSCHIA RETRO BAR STOOL,Merchandise
20793,BLUE TILED TRAY,20793 | BLUE TILED TRAY,Merchandise
20794,BLUE  TILE HOOK,20794 | BLUE  TILE HOOK,Merchandise
20795,LARGE BLUE PROVENCAL CERAMIC BALL,20795 | LARGE BLUE PROVENCAL CERAMIC BALL,Merchandise
20796,SMALL BLUE PROVENCAL CERAMIC BALL,20796 | SMALL BLUE PROVENCAL CERAMIC BALL,Merchandise
20798,CLEAR MILKSHAKE GLASS,20798 | CLEAR MILKSHAKE GLASS,Merchandise
20801,LARGE PINK GLASS SUNDAE DISH,20801 | LARGE PINK GLASS SUNDAE DISH,Merchandise
20802,SMALL GLASS SUNDAE DISH CLEAR,20802 | SMALL GLASS SUNDAE DISH CLEAR,Merchandise
20803,SMALL PINK GLASS SUNDAE DISH,20803 | SMALL PINK GLASS SUNDAE DISH,Merchandise
20816,GOLD FLOWER CUSHION COVER,20816 | GOLD FLOWER CUSHION COVER,Merchandise
20818,GOLD TEDDY BEAR,20818 | GOLD TEDDY BEAR,Merchandise
20819,SILVER TEDDY BEAR,20819 | SILVER TEDDY BEAR,Merchandise
20820,SILVER LOOKING MIRROR,20820 | SILVER LOOKING MIRROR,Merchandise
20821,GOLDIE LOOKING MIRROR,20821 | GOLDIE LOOKING MIRROR,Merchandise
20823,GOLD WINE GOBLET,20823 | GOLD WINE GOBLET,Merchandise
20826,SILVER APERITIF GLASS,20826 | SILVER APERITIF GLASS,Merchandise
20827,GOLD APERITIF GLASS,20827 | GOLD APERITIF GLASS,Merchandise
20828,GLITTER BUTTERFLY CLIPS,20828 | GLITTER BUTTERFLY CLIPS,Merchandise
20829,GLITTER HANGING BUTTERFLY STRING,20829 | GLITTER HANGING BUTTERFLY STRING,Merchandise
20830,SILVER PHOTO FRAME,20830 | SILVER PHOTO FRAME,Merchandise
20831,GOLD PHOTO FRAME,20831 | GOLD PHOTO FRAME,Merchandise
20832,RED FLOCK LOVE HEART PHOTO FRAME,20832 | RED FLOCK LOVE HEART PHOTO FRAME,Merchandise
20835,FRENCH LATTICE CUSHION COVER,20835 | FRENCH LATTICE CUSHION COVER,Merchandise
20836,FRENCH PAISLEY CUSHION COVER,20836 | FRENCH PAISLEY CUSHION COVER,Merchandise
20837,FRENCH FLORAL CUSHION COVER,20837 | FRENCH FLORAL CUSHION COVER,Merchandise
20838,FRENCH LATTICE CUSHION COVER,20838 | FRENCH LATTICE CUSHION COVER,Merchandise
20839,FRENCH PAISLEY CUSHION COVER,20839 | FRENCH PAISLEY CUSHION COVER,Merchandise
20840,FRENCH FLORAL CUSHION COVER,20840 | FRENCH FLORAL CUSHION COVER,Merchandise
20845,ZINC HEART LATTICE 2 WALL PLANTER,20845 | ZINC HEART LATTICE 2 WALL PLANTER,Merchandise
20846,ZINC HEART LATTICE T-LIGHT HOLDER,20846 | ZINC HEART LATTICE T-LIGHT HOLDER,Merchandise
20847,ZINC HEART LATTICE CHARGER LARGE,20847 | ZINC HEART LATTICE CHARGER LARGE,Merchandise
20848,ZINC HEART LATTICE CHARGER SMALL,20848 | ZINC HEART LATTICE CHARGER SMALL,Merchandise
20851,ZINC HEART LATTICE TRAY OVAL,20851 | ZINC HEART LATTICE TRAY OVAL,Merchandise
20854,BLUE PATCH PURSE PINK HEART,20854 | BLUE PATCH PURSE PINK HEART,Merchandise
20856,DENIM PATCH PURSE PINK BUTTERFLY,20856 | DENIM PATCH PURSE PINK BUTTERFLY,Merchandise
20857,BLUE ROSE PATCH PURSE PINK BUTTERFL,20857 | BLUE ROSE PATCH PURSE PINK BUTTERFL,Merchandise
20860,GOLD COSMETICS BAG WITH BUTTERFLY,20860 | GOLD COSMETICS BAG WITH BUTTERFLY,Merchandise
20861,GOLD COSMETIC BAG PINK STAR,20861 | GOLD COSMETIC BAG PINK STAR,Merchandise
20866,BLUE ROSE FABRIC MIRROR,20866 | BLUE ROSE FABRIC MIRROR,Merchandise
20867,PINK ROSE FABRIC MIRROR,20867 | PINK ROSE FABRIC MIRROR,Merchandise
20868,SILVER FABRIC MIRROR,20868 | SILVER FABRIC MIRROR,Merchandise
20869,GOLD FABRIC MIRROR,20869 | GOLD FABRIC MIRROR,Merchandise
20871,OPULENT VELVET SET/3 CANDLES,20871 | OPULENT VELVET SET/3 CANDLES,Merchandise
20878,SET/9 CHRISTMAS T-LIGHTS SCENTED,20878 | SET/9 CHRISTMAS T-LIGHTS SCENTED,Merchandise
20886,BOX OF 9 PEBBLE CANDLES,20886 | BOX OF 9 PEBBLE CANDLES,Merchandise
20892,SET/3 TALL GLASS CANDLE HOLDER PINK,20892 | SET/3 TALL GLASS CANDLE HOLDER PINK,Merchandise
20893,HANGING BAUBLE T-LIGHT HOLDER SMALL,20893 | HANGING BAUBLE T-LIGHT HOLDER SMALL,Merchandise
20894,HANGING BAUBLE T-LIGHT HOLDER LARGE,20894 | HANGING BAUBLE T-LIGHT HOLDER LARGE,Merchandise
20897,VINTAGE NOTEBOOK PARIS DAYS,20897 | VINTAGE NOTEBOOK PARIS DAYS,Merchandise
20898,VINTAGE NOTEBOOK TRAVELOGUE,20898 | VINTAGE NOTEBOOK TRAVELOGUE,Merchandise
20901,VINTAGE KEEPSAKE BOX PINK FLOWER,20901 | VINTAGE KEEPSAKE BOX PINK FLOWER,Merchandise
20902,VINTAGE KEEPSAKE BOX PARIS DAYS,20902 | VINTAGE KEEPSAKE BOX PARIS DAYS,Merchandise
20903,VINTAGE KEEPSAKE BOX TRAVELOGUE,20903 | VINTAGE KEEPSAKE BOX TRAVELOGUE,Merchandise
20906,VINTAGE NOTEBOOK BEAUTY GIRL,20906 | VINTAGE NOTEBOOK BEAUTY GIRL,Merchandise
20910,VINTAGE PHOTO ALBUM PARIS DAYS,20910 | VINTAGE PHOTO ALBUM PARIS DAYS,Merchandise
20914,SET/5 RED RETROSPOT LID GLASS BOWLS,20914 | SET/5 RED RETROSPOT LID GLASS BOWLS,Merchandise
20931,BLUE POT PLANT CANDLE,20931 | BLUE POT PLANT CANDLE,Merchandise
20932,PINK POT PLANT CANDLE,20932 | PINK POT PLANT CANDLE,Merchandise
20933,YELLOW POT PLANT CANDLE,20933 | YELLOW POT PLANT CANDLE,Merchandise
20934,SET/3 POT PLANT CANDLES,20934 | SET/3 POT PLANT CANDLES,Merchandise
20935,ROUND CACTUS CANDLE,20935 | ROUND CACTUS CANDLE,Merchandise
20936,FORKED CACTUS CANDLE,20936 | FORKED CACTUS CANDLE,Merchandise
20941,FROG CANDLE,20941 | FROG CANDLE,Merchandise
20954,*USB Office Mirror Ball,20954 | *USB Office Mirror Ball,Merchandise
20956,PORCELAIN T-LIGHT HOLDERS ASSORTED,20956 | PORCELAIN T-LIGHT HOLDERS ASSORTED,Merchandise
20957,PORCELAIN HANGING BELL SMALL,20957 | PORCELAIN HANGING BELL SMALL,Merchandise
20960,WATERMELON BATH SPONGE,20960 | WATERMELON BATH SPONGE,Merchandise
20961,STRAWBERRY BATH SPONGE,20961 | STRAWBERRY BATH SPONGE,Merchandise
20963,APPLE BATH SPONGE,20963 | APPLE BATH SPONGE,Merchandise
20964,POLYESTER FILLER PAD 60x40cm,20964 | POLYESTER FILLER PAD 60x40cm,Merchandise
20966,SANDWICH BATH SPONGE,20966 | SANDWICH BATH SPONGE,Merchandise
20967,GREY FLORAL FELTCRAFT SHOULDER BAG,20967 | GREY FLORAL FELTCRAFT SHOULDER BAG,Merchandise
20969,RED FLORAL FELTCRAFT SHOULDER BAG,20969 | RED FLORAL FELTCRAFT SHOULDER BAG,Merchandise
20970,PINK FLORAL FELTCRAFT SHOULDER BAG,20970 | PINK FLORAL FELTCRAFT SHOULDER BAG,Merchandise
20971,PINK BLUE FELT CRAFT TRINKET BOX,20971 | PINK BLUE FELT CRAFT TRINKET BOX,Merchandise
20972,PINK CREAM FELT CRAFT TRINKET BOX,20972 | PINK CREAM FELT CRAFT TRINKET BOX,Merchandise
20973,12 PENCIL SMALL TUBE WOODLAND,20973 | 12 PENCIL SMALL TUBE WOODLAND,Merchandise
20974,12 PENCILS SMALL TUBE SKULL,20974 | 12 PENCILS SMALL TUBE SKULL,Merchandise
20975,12 PENCILS SMALL TUBE RED RETROSPOT,20975 | 12 PENCILS SMALL TUBE RED RETROSPOT,Merchandise
20977,36 PENCILS TUBE WOODLAND,20977 | 36 PENCILS TUBE WOODLAND,Merchandise
20978,36 PENCILS TUBE SKULLS,20978 | 36 PENCILS TUBE SKULLS,Merchandise
20979,36 PENCILS TUBE RED RETROSPOT,20979 | 36 PENCILS TUBE RED RETROSPOT,Merchandise
20980,36 PENCILS TUBE POSY,20980 | 36 PENCILS TUBE POSY,Merchandise
20981,12 PENCILS TALL TUBE WOODLAND,20981 | 12 PENCILS TALL TUBE WOODLAND,Merchandise
20982,12 PENCILS TALL TUBE SKULLS,20982 | 12 PENCILS TALL TUBE SKULLS,Merchandise
20983,12 PENCILS TALL TUBE RED RETROSPOT,20983 | 12 PENCILS TALL TUBE RED RETROSPOT,Merchandise
20984,12 PENCILS TALL TUBE POSY,20984 | 12 PENCILS TALL TUBE POSY,Merchandise
20985,HEART CALCULATOR,20985 | HEART CALCULATOR,Merchandise
20986,BLUE CALCULATOR RULER,20986 | BLUE CALCULATOR RULER,Merchandise
20992,JAZZ HEARTS PURSE NOTEBOOK,20992 | JAZZ HEARTS PURSE NOTEBOOK,Merchandise
20996,JAZZ HEARTS ADDRESS BOOK,20996 | JAZZ HEARTS ADDRESS BOOK,Merchandise
20997,ROSE DU SUD CUSHION COVER,20997 | ROSE DU SUD CUSHION COVER,Merchandise
20998,ROSE DU SUD OVEN GLOVE,20998 | ROSE DU SUD OVEN GLOVE,Merchandise
21000,ROSE DU SUD COSMETICS BAG,21000 | ROSE DU SUD COSMETICS BAG,Merchandise
21001,ROSE DU SUD WASHBAG,21001 | ROSE DU SUD WASHBAG,Merchandise
21002,ROSE DU SUD DRAWSTRING BAG,21002 | ROSE DU SUD DRAWSTRING BAG,Merchandise
21003,ROSE DU SUD CUSHION COVER,21003 | ROSE DU SUD CUSHION COVER,Merchandise
21009,ETCHED GLASS STAR TREE DECORATION,21009 | ETCHED GLASS STAR TREE DECORATION,Merchandise
21011,GLITTER SNOW PEAR TREE DECORATION,21011 | GLITTER SNOW PEAR TREE DECORATION,Merchandise
21012,ANTIQUE ALL GLASS CANDLESTICK,21012 | ANTIQUE ALL GLASS CANDLESTICK,Merchandise
21014,SWISS CHALET TREE DECORATION,21014 | SWISS CHALET TREE DECORATION,Merchandise
21015,DARK BIRD HOUSE TREE DECORATION,21015 | DARK BIRD HOUSE TREE DECORATION,Merchandise
21018,BIRD BOX CHRISTMAS TREE DECORATION,21018 | BIRD BOX CHRISTMAS TREE DECORATION,Merchandise
21025,SPACE FROG,21025 | SPACE FROG,Merchandise
21026,SPACE OWL,21026 | SPACE OWL,Merchandise
21027,NINJA RABBIT PINK,21027 | NINJA RABBIT PINK,Merchandise
21028,NINJA RABBIT BLACK,21028 | NINJA RABBIT BLACK,Merchandise
21030,SPACE CADET RED,21030 | SPACE CADET RED,Merchandise
21031,SPACE CADET BLACK,21031 | SPACE CADET BLACK,Merchandise
21032,SPACE CADET WHITE,21032 | SPACE CADET WHITE,Merchandise
21033,JUMBO BAG CHARLIE AND LOLA TOYS,21033 | JUMBO BAG CHARLIE AND LOLA TOYS,Merchandise
21034,REX CASH+CARRY JUMBO SHOPPER,21034 | REX CASH+CARRY JUMBO SHOPPER,Merchandise
21035,SET/2 RED RETROSPOT TEA TOWELS,21035 | SET/2 RED RETROSPOT TEA TOWELS,Merchandise
21038,SET/4 MODERN VINTAGE COTTON NAPKINS,21038 | SET/4 MODERN VINTAGE COTTON NAPKINS,Merchandise
21039,RED RETROSPOT SHOPPING BAG,21039 | RED RETROSPOT SHOPPING BAG,Merchandise
21040,MODERN VINTAGE COTTON SHOPPING BAG,21040 | MODERN VINTAGE COTTON SHOPPING BAG,Merchandise
21041,RED RETROSPOT OVEN GLOVE DOUBLE,21041 | RED RETROSPOT OVEN GLOVE DOUBLE,Merchandise
21042,RED RETROSPOT APRON,21042 | RED RETROSPOT APRON,Merchandise
21043,APRON MODERN VINTAGE COTTON,21043 | APRON MODERN VINTAGE COTTON,Merchandise
21051,RIBBONS PURSE,21051 | RIBBONS PURSE,Merchandise
21054,NURSE'S BAG SOFT TOY,21054 | NURSE'S BAG SOFT TOY,Merchandise
21055,TOOL BOX SOFT TOY,21055 | TOOL BOX SOFT TOY,Merchandise
21056,DOCTOR'S BAG SOFT TOY,21056 | DOCTOR'S BAG SOFT TOY,Merchandise
21058,PARTY INVITES WOODLAND,21058 | PARTY INVITES WOODLAND,Merchandise
21059,PARTY INVITES DINOSAURS,21059 | PARTY INVITES DINOSAURS,Merchandise
21060,PARTY INVITES BALLOON GIRL,21060 | PARTY INVITES BALLOON GIRL,Merchandise
21061,PARTY INVITES FOOTBALL,21061 | PARTY INVITES FOOTBALL,Merchandise
21062,PARTY INVITES SPACEMAN,21062 | PARTY INVITES SPACEMAN,Merchandise
21063,PARTY INVITES JAZZ HEARTS,21063 | PARTY INVITES JAZZ HEARTS,Merchandise
21064,BOOM BOX SPEAKER BOYS,21064 | BOOM BOX SPEAKER BOYS,Merchandise
21065,BOOM BOX SPEAKER GIRLS,21065 | BOOM BOX SPEAKER GIRLS,Merchandise
21066,VINTAGE RED MUG,21066 | VINTAGE RED MUG,Merchandise
21067,VINTAGE RED TEATIME MUG,21067 | VINTAGE RED TEATIME MUG,Merchandise
21068,VINTAGE BILLBOARD LOVE/HATE MUG,21068 | VINTAGE BILLBOARD LOVE/HATE MUG,Merchandise
21069,VINTAGE BILLBOARD TEA MUG,21069 | VINTAGE BILLBOARD TEA MUG,Merchandise
21070,VINTAGE BILLBOARD MUG,21070 | VINTAGE BILLBOARD MUG,Merchandise
21071,VINTAGE BILLBOARD DRINK ME MUG,21071 | VINTAGE BILLBOARD DRINK ME MUG,Merchandise
21078,SET/20 STRAWBERRY PAPER NAPKINS,21078 | SET/20 STRAWBERRY PAPER NAPKINS,Merchandise
21080,SET/20 RED RETROSPOT PAPER NAPKINS,21080 | SET/20 RED RETROSPOT PAPER NAPKINS,Merchandise
21082,SET/20 FRUIT SALAD PAPER NAPKINS,21082 | SET/20 FRUIT SALAD PAPER NAPKINS,Merchandise
21084,SET/6 COLLAGE PAPER CUPS,21084 | SET/6 COLLAGE PAPER CUPS,Merchandise
21086,SET/6 RED SPOTTY PAPER CUPS,21086 | SET/6 RED SPOTTY PAPER CUPS,Merchandise
21087,SET/6 POSIES PAPER CUPS,21087 | SET/6 POSIES PAPER CUPS,Merchandise
21088,SET/6 FRUIT SALAD PAPER CUPS,21088 | SET/6 FRUIT SALAD PAPER CUPS,Merchandise
21089,SET/6 GREEN SPRING PAPER CUPS,21089 | SET/6 GREEN SPRING PAPER CUPS,Merchandise
21090,SET/6 COLLAGE PAPER PLATES,21090 | SET/6 COLLAGE PAPER PLATES,Merchandise
21094,SET/6 RED SPOTTY PAPER PLATES,21094 | SET/6 RED SPOTTY PAPER PLATES,Merchandise
21095,SET/6 POSIES PAPER PLATES,21095 | SET/6 POSIES PAPER PLATES,Merchandise
21096,SET/6 FRUIT SALAD  PAPER PLATES,21096 | SET/6 FRUIT SALAD  PAPER PLATES,Merchandise
21098,CHRISTMAS TOILET ROLL,21098 | CHRISTMAS TOILET ROLL,Merchandise
21100,CHARLIE AND LOLA CHARLOTTE BAG,21100 | CHARLIE AND LOLA CHARLOTTE BAG,Merchandise
21106,CREAM SLICE FLANNEL CHOCOLATE SPOT,21106 | CREAM SLICE FLANNEL CHOCOLATE SPOT,Merchandise
21107,CREAM SLICE FLANNEL PINK SPOT,21107 | CREAM SLICE FLANNEL PINK SPOT,Merchandise
21108,FAIRY CAKE FLANNEL ASSORTED COLOUR,21108 | FAIRY CAKE FLANNEL ASSORTED COLOUR,Merchandise
21109,LARGE CAKE TOWEL CHOCOLATE SPOTS,21109 | LARGE CAKE TOWEL CHOCOLATE SPOTS,Merchandise
21110,LARGE CAKE TOWEL PINK SPOTS,21110 | LARGE CAKE TOWEL PINK SPOTS,Merchandise
21111,"SWISS ROLL TOWEL, CHOCOLATE  SPOTS","21111 | SWISS ROLL TOWEL, CHOCOLATE  SPOTS",Merchandise
21112,"SWISS ROLL TOWEL, PINK  SPOTS","21112 | SWISS ROLL TOWEL, PINK  SPOTS",Merchandise
21114,LAVENDER SCENTED FABRIC HEART,21114 | LAVENDER SCENTED FABRIC HEART,Merchandise
21115,ROSE CARAVAN DOORSTOP,21115 | ROSE CARAVAN DOORSTOP,Merchandise
21116,OWL DOORSTOP,21116 | OWL DOORSTOP,Merchandise
21117,BLOND DOLL DOORSTOP,21117 | BLOND DOLL DOORSTOP,Merchandise
21120,*Boombox Ipod Classic,21120 | *Boombox Ipod Classic,Merchandise
21121,SET/10 RED POLKADOT PARTY CANDLES,21121 | SET/10 RED POLKADOT PARTY CANDLES,Merchandise
21122,SET/10 PINK POLKADOT PARTY CANDLES,21122 | SET/10 PINK POLKADOT PARTY CANDLES,Merchandise
21123,SET/10 IVORY POLKADOT PARTY CANDLES,21123 | SET/10 IVORY POLKADOT PARTY CANDLES,Merchandise
21124,SET/10 BLUE POLKADOT PARTY CANDLES,21124 | SET/10 BLUE POLKADOT PARTY CANDLES,Merchandise
21125,SET 6 FOOTBALL CELEBRATION CANDLES,21125 | SET 6 FOOTBALL CELEBRATION CANDLES,Merchandise
21126,SET OF 6 GIRLS CELEBRATION CANDLES,21126 | SET OF 6 GIRLS CELEBRATION CANDLES,Merchandise
21128,GOLD FISHING GNOME,21128 | GOLD FISHING GNOME,Merchandise
21129,SILVER FISHING GNOME,21129 | SILVER FISHING GNOME,Merchandise
21131,GOLD STANDING GNOME,21131 | GOLD STANDING GNOME,Merchandise
21132,SILVER STANDING GNOME,21132 | SILVER STANDING GNOME,Merchandise
21135,VICTORIAN  METAL POSTCARD SPRING,21135 | VICTORIAN  METAL POSTCARD SPRING,Merchandise
21136,PAINTED METAL PEARS ASSORTED,21136 | PAINTED METAL PEARS ASSORTED,Merchandise
21137,BLACK RECORD COVER FRAME,21137 | BLACK RECORD COVER FRAME,Merchandise
21143,ANTIQUE GLASS HEART DECORATION,21143 | ANTIQUE GLASS HEART DECORATION,Merchandise
21144,PINK POODLE HANGING DECORATION,21144 | PINK POODLE HANGING DECORATION,Merchandise
21145,ANTIQUE GLASS PLACE SETTING,21145 | ANTIQUE GLASS PLACE SETTING,Merchandise
21147,JINGLE BELLS TREE DECORATION,21147 | JINGLE BELLS TREE DECORATION,Merchandise
21154,RED RETROSPOT OVEN GLOVE,21154 | RED RETROSPOT OVEN GLOVE,Merchandise
21155,RED RETROSPOT PEG BAG,21155 | RED RETROSPOT PEG BAG,Merchandise
21156,RETROSPOT CHILDRENS APRON,21156 | RETROSPOT CHILDRENS APRON,Merchandise
21157,RED RETROSPOT WASHBAG,21157 | RED RETROSPOT WASHBAG,Merchandise
21158,MOODY GIRL DOOR HANGER,21158 | MOODY GIRL DOOR HANGER,Merchandise
21159,MOODY BOY  DOOR HANGER,21159 | MOODY BOY  DOOR HANGER,Merchandise
21160,KEEP OUT GIRLS DOOR HANGER,21160 | KEEP OUT GIRLS DOOR HANGER,Merchandise
21161,KEEP OUT BOYS DOOR HANGER,21161 | KEEP OUT BOYS DOOR HANGER,Merchandise
21162,TOXIC AREA  DOOR HANGER,21162 | TOXIC AREA  DOOR HANGER,Merchandise
21163,DO NOT TOUCH MY STUFF DOOR HANGER,21163 | DO NOT TOUCH MY STUFF DOOR HANGER,Merchandise
21164,HOME SWEET HOME METAL SIGN,21164 | HOME SWEET HOME METAL SIGN,Merchandise
21165,BEWARE OF THE CAT METAL SIGN,21165 | BEWARE OF THE CAT METAL SIGN,Merchandise
21166,COOK WITH WINE METAL SIGN,21166 | COOK WITH WINE METAL SIGN,Merchandise
21167,WHITE SAGE INCENSE,21167 | WHITE SAGE INCENSE,Merchandise
21169,YOU'RE CONFUSING ME METAL SIGN,21169 | YOU'RE CONFUSING ME METAL SIGN,Merchandise
21171,BATHROOM METAL SIGN,21171 | BATHROOM METAL SIGN,Merchandise
21172,PARTY METAL SIGN,21172 | PARTY METAL SIGN,Merchandise
21174,POTTERING IN THE SHED METAL SIGN,21174 | POTTERING IN THE SHED METAL SIGN,Merchandise
21175,GIN + TONIC DIET METAL SIGN,21175 | GIN + TONIC DIET METAL SIGN,Merchandise
21179,NO JUNK MAIL METAL SIGN,21179 | NO JUNK MAIL METAL SIGN,Merchandise
21181,PLEASE ONE PERSON METAL SIGN,21181 | PLEASE ONE PERSON METAL SIGN,Merchandise
21186,WHITE DOVE HONEYCOMB PAPER GARLAND,21186 | WHITE DOVE HONEYCOMB PAPER GARLAND,Merchandise
21187,WHITE BELL HONEYCOMB PAPER GARLAND,21187 | WHITE BELL HONEYCOMB PAPER GARLAND,Merchandise
21188,3D HEARTS  HONEYCOMB PAPER GARLAND,21188 | 3D HEARTS  HONEYCOMB PAPER GARLAND,Merchandise
21189,WHITE HONEYCOMB PAPER GARLAND,21189 | WHITE HONEYCOMB PAPER GARLAND,Merchandise
21190,PINK HEARTS PAPER GARLAND,21190 | PINK HEARTS PAPER GARLAND,Merchandise
21191,LARGE WHITE HONEYCOMB PAPER BELL,21191 | LARGE WHITE HONEYCOMB PAPER BELL,Merchandise
21192,WHITE BELL HONEYCOMB PAPER,21192 | WHITE BELL HONEYCOMB PAPER,Merchandise
21194,PINK  HONEYCOMB PAPER FAN,21194 | PINK  HONEYCOMB PAPER FAN,Merchandise
21195,PINK  HONEYCOMB PAPER BALL,21195 | PINK  HONEYCOMB PAPER BALL,Merchandise
21196,ROUND WHITE CONFETTI IN TUBE,21196 | ROUND WHITE CONFETTI IN TUBE,Merchandise
21197,MULTICOLOUR  CONFETTI IN TUBE,21197 | MULTICOLOUR  CONFETTI IN TUBE,Merchandise
21198,WHITE HEART CONFETTI IN TUBE,21198 | WHITE HEART CONFETTI IN TUBE,Merchandise
21199,PINK  HEART CONFETTI IN TUBE,21199 | PINK  HEART CONFETTI IN TUBE,Merchandise
21200,MULTICOLOUR HONEYCOMB PAPER GARLAND,21200 | MULTICOLOUR HONEYCOMB PAPER GARLAND,Merchandise
21201,TROPICAL  HONEYCOMB PAPER GARLAND,21201 | TROPICAL  HONEYCOMB PAPER GARLAND,Merchandise
21202,DOLLY HONEYCOMB GARLAND,21202 | DOLLY HONEYCOMB GARLAND,Merchandise
21204,DAISIES  HONEYCOMB GARLAND,21204 | DAISIES  HONEYCOMB GARLAND,Merchandise
21205,MULTICOLOUR 3D BALLS GARLAND,21205 | MULTICOLOUR 3D BALLS GARLAND,Merchandise
21206,STRAWBERRY HONEYCOMB  GARLAND,21206 | STRAWBERRY HONEYCOMB  GARLAND,Merchandise
21207,SKULL AND CROSSBONES  GARLAND,21207 | SKULL AND CROSSBONES  GARLAND,Merchandise
21208,PASTEL COLOUR HONEYCOMB FAN,21208 | PASTEL COLOUR HONEYCOMB FAN,Merchandise
21209,MULTICOLOUR HONEYCOMB FAN,21209 | MULTICOLOUR HONEYCOMB FAN,Merchandise
21210,SET OF 72 RETROSPOT PAPER  DOILIES,21210 | SET OF 72 RETROSPOT PAPER  DOILIES,Merchandise
21211,SET OF 72 SKULL PAPER  DOILIES,21211 | SET OF 72 SKULL PAPER  DOILIES,Merchandise
21212,PACK OF 72 RETROSPOT CAKE CASES,21212 | PACK OF 72 RETROSPOT CAKE CASES,Merchandise
21213,PACK OF 72 SKULL CAKE CASES,21213 | PACK OF 72 SKULL CAKE CASES,Merchandise
21215,IVORY PAPER CUP CAKE CASES,21215 | IVORY PAPER CUP CAKE CASES,Merchandise
21216,"SET 3 RETROSPOT TEA,COFFEE,SUGAR","21216 | SET 3 RETROSPOT TEA,COFFEE,SUGAR",Merchandise
21217,RED RETROSPOT ROUND CAKE TINS,21217 | RED RETROSPOT ROUND CAKE TINS,Merchandise
21218,RED SPOTTY BISCUIT TIN,21218 | RED SPOTTY BISCUIT TIN,Merchandise
21219,SET/4 BADGES BALLOON GIRL,21219 | SET/4 BADGES BALLOON GIRL,Merchandise
21220,SET/4 BADGES DOGS,21220 | SET/4 BADGES DOGS,Merchandise
21221,SET/4 BADGES CUTE CREATURES,21221 | SET/4 BADGES CUTE CREATURES,Merchandise
21222,SET/4 BADGES BEETLES,21222 | SET/4 BADGES BEETLES,Merchandise
21224,SET/4 SKULL BADGES,21224 | SET/4 SKULL BADGES,Merchandise
21226,POCKET MIRROR WOODLAND,21226 | POCKET MIRROR WOODLAND,Merchandise
21228,"POCKET MIRROR ""GLAMOROUS""","21228 | POCKET MIRROR ""GLAMOROUS""",Merchandise
21231,SWEETHEART CERAMIC TRINKET BOX,21231 | SWEETHEART CERAMIC TRINKET BOX,Merchandise
21232,STRAWBERRY CERAMIC TRINKET BOX,21232 | STRAWBERRY CERAMIC TRINKET BOX,Merchandise
21238,RED RETROSPOT CUP,21238 | RED RETROSPOT CUP,Merchandise
21239,PINK  POLKADOT CUP,21239 | PINK  POLKADOT CUP,Merchandise
21240,BLUE POLKADOT CUP,21240 | BLUE POLKADOT CUP,Merchandise
21242,RED RETROSPOT PLATE,21242 | RED RETROSPOT PLATE,Merchandise
21243,PINK  POLKADOT PLATE,21243 | PINK  POLKADOT PLATE,Merchandise
21244,BLUE POLKADOT PLATE,21244 | BLUE POLKADOT PLATE,Merchandise
21245,GREEN POLKADOT PLATE,21245 | GREEN POLKADOT PLATE,Merchandise
21246,RED RETROSPOT BIG BOWL,21246 | RED RETROSPOT BIG BOWL,Merchandise
21248,DOOR HANGER  MUM + DADS ROOM,21248 | DOOR HANGER  MUM + DADS ROOM,Merchandise
21249,WOODLAND  HEIGHT CHART STICKERS,21249 | WOODLAND  HEIGHT CHART STICKERS,Merchandise
21250,SET OF SKULL WALL STICKERS,21250 | SET OF SKULL WALL STICKERS,Merchandise
21251,DINOSAUR HEIGHT CHART STICKER SET,21251 | DINOSAUR HEIGHT CHART STICKER SET,Merchandise
21253,SET OF PICTURE FRAME  STICKERS,21253 | SET OF PICTURE FRAME  STICKERS,Merchandise
21257,VICTORIAN SEWING BOX MEDIUM,21257 | VICTORIAN SEWING BOX MEDIUM,Merchandise
21258,VICTORIAN SEWING BOX LARGE,21258 | VICTORIAN SEWING BOX LARGE,Merchandise
21259,VICTORIAN SEWING BOX SMALL,21259 | VICTORIAN SEWING BOX SMALL,Merchandise
21260,FIRST AID TIN,21260 | FIRST AID TIN,Merchandise
21261,GREEN GOOSE FEATHER CHRISTMAS TREE,21261 | GREEN GOOSE FEATHER CHRISTMAS TREE,Merchandise
21262,WHITE GOOSE FEATHER CHRISTMAS TREE,21262 | WHITE GOOSE FEATHER CHRISTMAS TREE,Merchandise
21263,GREEN GOOSE FEATHER TREE 60CM,21263 | GREEN GOOSE FEATHER TREE 60CM,Merchandise
21264,WHITE GOOSE FEATHER TREE 60CM,21264 | WHITE GOOSE FEATHER TREE 60CM,Merchandise
21265,PINK GOOSE FEATHER TREE 60CM,21265 | PINK GOOSE FEATHER TREE 60CM,Merchandise
21268,VINTAGE BLUE TINSEL REEL,21268 | VINTAGE BLUE TINSEL REEL,Merchandise
21269,ANTIQUE CREAM CUTLERY SHELF,21269 | ANTIQUE CREAM CUTLERY SHELF,Merchandise
21270,ANTIQUE CREAM CUTLERY CUPBOARD,21270 | ANTIQUE CREAM CUTLERY CUPBOARD,Merchandise
21272,SALLE DE BAIN HOOK,21272 | SALLE DE BAIN HOOK,Merchandise
21275,ZINC TOP  2 DOOR WOODEN SHELF,21275 | ZINC TOP  2 DOOR WOODEN SHELF,Merchandise
21277,FRENCH STYLE EMBOSSED HEART CABINET,21277 | FRENCH STYLE EMBOSSED HEART CABINET,Merchandise
21278,VINTAGE KITCHEN PRINT PUDDINGS,21278 | VINTAGE KITCHEN PRINT PUDDINGS,Merchandise
21279,VINTAGE KITCHEN PRINT FRUITS,21279 | VINTAGE KITCHEN PRINT FRUITS,Merchandise
21280,VINTAGE KITCHEN PRINT VEGETABLES,21280 | VINTAGE KITCHEN PRINT VEGETABLES,Merchandise
21281,VINTAGE KITCHEN PRINT SEAFOOD,21281 | VINTAGE KITCHEN PRINT SEAFOOD,Merchandise
21284,RETROSPOT CANDLE  SMALL,21284 | RETROSPOT CANDLE  SMALL,Merchandise
21285,RETROSPOT CANDLE  MEDIUM,21285 | RETROSPOT CANDLE  MEDIUM,Merchandise
21286,RETROSPOT CANDLE  LARGE,21286 | RETROSPOT CANDLE  LARGE,Merchandise
21287,SCENTED VELVET LOUNGE CANDLE,21287 | SCENTED VELVET LOUNGE CANDLE,Merchandise
21288,STRIPEY CHOCOLATE NESTING BOXES,21288 | STRIPEY CHOCOLATE NESTING BOXES,Merchandise
21289,LARGE STRIPES CHOCOLATE GIFT BAG,21289 | LARGE STRIPES CHOCOLATE GIFT BAG,Merchandise
21291,SMALL POLKADOT CHOCOLATE GIFT BAG,21291 | SMALL POLKADOT CHOCOLATE GIFT BAG,Merchandise
21292,SMALL STRIPES CHOCOLATE GIFT BAG,21292 | SMALL STRIPES CHOCOLATE GIFT BAG,Merchandise
21293,MIRRORED DOVE WALL DECORATION,21293 | MIRRORED DOVE WALL DECORATION,Merchandise
21294,ETCHED GLASS COASTER,21294 | ETCHED GLASS COASTER,Merchandise
21306,SET/4 DAISY MIRROR MAGNETS,21306 | SET/4 DAISY MIRROR MAGNETS,Merchandise
21307,SET/4 BUTTERFLY MIRROR MAGNETS,21307 | SET/4 BUTTERFLY MIRROR MAGNETS,Merchandise
21310,CAPIZ CHANDELIER,21310 | CAPIZ CHANDELIER,Merchandise
21311,SET/4 BIRD MIRROR MAGNETS,21311 | SET/4 BIRD MIRROR MAGNETS,Merchandise
21313,GLASS HEART T-LIGHT HOLDER,21313 | GLASS HEART T-LIGHT HOLDER,Merchandise
21314,SMALL GLASS HEART TRINKET POT,21314 | SMALL GLASS HEART TRINKET POT,Merchandise
21316,SMALL CHUNKY GLASS ROMAN  BOWL,21316 | SMALL CHUNKY GLASS ROMAN  BOWL,Merchandise
21317,GLASS SPHERE CANDLE STAND MEDIUM,21317 | GLASS SPHERE CANDLE STAND MEDIUM,Merchandise
21318,GLASS CHALICE BLUE SMALL,21318 | GLASS CHALICE BLUE SMALL,Merchandise
21319,GLASS CHALICE GREEN  SMALL,21319 | GLASS CHALICE GREEN  SMALL,Merchandise
21320,GLASS CHALICE GREEN  LARGE,21320 | GLASS CHALICE GREEN  LARGE,Merchandise
21324,HANGING MEDINA LANTERN SMALL,21324 | HANGING MEDINA LANTERN SMALL,Merchandise
21326,AGED GLASS SILVER T-LIGHT HOLDER,21326 | AGED GLASS SILVER T-LIGHT HOLDER,Merchandise
21327,SKULLS WRITING SET,21327 | SKULLS WRITING SET,Merchandise
21328,BALLOONS  WRITING SET,21328 | BALLOONS  WRITING SET,Merchandise
21329,DINOSAURS  WRITING SET,21329 | DINOSAURS  WRITING SET,Merchandise
21331,MOROCCAN BEATEN METAL DISH LARGE,21331 | MOROCCAN BEATEN METAL DISH LARGE,Merchandise
21332,MOROCCAN BEATEN METAL MIRROR,21332 | MOROCCAN BEATEN METAL MIRROR,Merchandise
21333,CLASSIC WHITE FRAME,21333 | CLASSIC WHITE FRAME,Merchandise
21336,GOLD WASHBAG,21336 | GOLD WASHBAG,Merchandise
21340,CLASSIC METAL BIRDCAGE PLANT HOLDER,21340 | CLASSIC METAL BIRDCAGE PLANT HOLDER,Merchandise
21344,MOROCCAN BEATEN METAL DISH,21344 | MOROCCAN BEATEN METAL DISH,Merchandise
21348,PINK SPOTS CHOCOLATE NESTING BOXES,21348 | PINK SPOTS CHOCOLATE NESTING BOXES,Merchandise
21349,IVY HEART WREATH,21349 | IVY HEART WREATH,Merchandise
21351,CINAMMON & ORANGE WREATH,21351 | CINAMMON & ORANGE WREATH,Merchandise
21352,EUCALYPTUS & PINECONE  WREATH,21352 | EUCALYPTUS & PINECONE  WREATH,Merchandise
21354,TOAST ITS - BEST MUM,21354 | TOAST ITS - BEST MUM,Merchandise
21355,TOAST ITS - I LOVE YOU,21355 | TOAST ITS - I LOVE YOU,Merchandise
21356,TOAST ITS - FAIRY FLOWER,21356 | TOAST ITS - FAIRY FLOWER,Merchandise
21357,TOAST ITS - DINOSAUR,21357 | TOAST ITS - DINOSAUR,Merchandise
21358,TOAST ITS - HAPPY BIRTHDAY,21358 | TOAST ITS - HAPPY BIRTHDAY,Merchandise
21359,RELAX LARGE WOOD LETTERS,21359 | RELAX LARGE WOOD LETTERS,Merchandise
21360,JOY LARGE WOOD LETTERS,21360 | JOY LARGE WOOD LETTERS,Merchandise
21361,LOVE LARGE WOOD LETTERS,21361 | LOVE LARGE WOOD LETTERS,Merchandise
21363,HOME SMALL WOOD LETTERS,21363 | HOME SMALL WOOD LETTERS,Merchandise
21364,PEACE SMALL WOOD LETTERS,21364 | PEACE SMALL WOOD LETTERS,Merchandise
21365,MIRRORED WALL ART STARS,21365 | MIRRORED WALL ART STARS,Merchandise
21366,MIRRORED WALL ART PHOTO FRAMES,21366 | MIRRORED WALL ART PHOTO FRAMES,Merchandise
21367,MIRRORED WALL ART GENTS,21367 | MIRRORED WALL ART GENTS,Merchandise
21368,MIRRORED WALL ART LADIES,21368 | MIRRORED WALL ART LADIES,Merchandise
21369,MIRRORED WALL ART SPLODGES,21369 | MIRRORED WALL ART SPLODGES,Merchandise
21370,MIRRORED WALL ART FOXY,21370 | MIRRORED WALL ART FOXY,Merchandise
21371,MIRRORED WALL ART POPPIES,21371 | MIRRORED WALL ART POPPIES,Merchandise
21372,MIRRORED WALL ART TABLE LAMP,21372 | MIRRORED WALL ART TABLE LAMP,Merchandise
21373,MIRRORED WALL ART SNOWFLAKES,21373 | MIRRORED WALL ART SNOWFLAKES,Merchandise
21374,MIRRORED WALL ART SKULLS,21374 | MIRRORED WALL ART SKULLS,Merchandise
21375,LARGE CAMPHOR WOOD FIELD MUSHROOM,21375 | LARGE CAMPHOR WOOD FIELD MUSHROOM,Merchandise
21376,LARGE  TALL CAMPHOR WOOD TOADSTOOL,21376 | LARGE  TALL CAMPHOR WOOD TOADSTOOL,Merchandise
21377,SMALL CAMPHOR WOOD FIELD  MUSHROOM,21377 | SMALL CAMPHOR WOOD FIELD  MUSHROOM,Merchandise
21378,SMALL TALL CAMPHOR WOOD TOADSTOOL,21378 | SMALL TALL CAMPHOR WOOD TOADSTOOL,Merchandise
21379,CAMPHOR WOOD PORTOBELLO MUSHROOM,21379 | CAMPHOR WOOD PORTOBELLO MUSHROOM,Merchandise
21380,WOODEN HAPPY BIRTHDAY GARLAND,21380 | WOODEN HAPPY BIRTHDAY GARLAND,Merchandise
21381,MINI WOODEN HAPPY BIRTHDAY GARLAND,21381 | MINI WOODEN HAPPY BIRTHDAY GARLAND,Merchandise
21382,SET/4 SPRING FLOWER DECORATION,21382 | SET/4 SPRING FLOWER DECORATION,Merchandise
21383,PACK OF 12 STICKY BUNNIES,21383 | PACK OF 12 STICKY BUNNIES,Merchandise
21385,IVORY HANGING DECORATION  HEART,21385 | IVORY HANGING DECORATION  HEART,Merchandise
21386,IVORY HANGING DECORATION  EGG,21386 | IVORY HANGING DECORATION  EGG,Merchandise
21389,IVORY HANGING DECORATION  BIRD,21389 | IVORY HANGING DECORATION  BIRD,Merchandise
21390,FILIGRIS HEART WITH BUTTERFLY,21390 | FILIGRIS HEART WITH BUTTERFLY,Merchandise
21391,FRENCH LAVENDER SCENT HEART,21391 | FRENCH LAVENDER SCENT HEART,Merchandise
21392,RED POLKADOT PUDDING BOWL,21392 | RED POLKADOT PUDDING BOWL,Merchandise
21393,BLUE POLKADOT PUDDING BOWL,21393 | BLUE POLKADOT PUDDING BOWL,Merchandise
21394,RED POLKADOT BEAKER,21394 | RED POLKADOT BEAKER,Merchandise
21395,BLUE POLKADOT BEAKER,21395 | BLUE POLKADOT BEAKER,Merchandise
21397,BLUE POLKADOT EGG CUP,21397 | BLUE POLKADOT EGG CUP,Merchandise
21398,RED POLKADOT COFFEE  MUG,21398 | RED POLKADOT COFFEE  MUG,Merchandise
21399,BLUE POLKADOT COFFEE MUG,21399 | BLUE POLKADOT COFFEE MUG,Merchandise
21400,RED PUDDING SPOON,21400 | RED PUDDING SPOON,Merchandise
21401,BLUE PUDDING SPOON,21401 | BLUE PUDDING SPOON,Merchandise
21402,RED  EGG  SPOON,21402 | RED  EGG  SPOON,Merchandise
21403,BLUE EGG  SPOON,21403 | BLUE EGG  SPOON,Merchandise
21407,BROWN CHECK CAT DOORSTOP,21407 | BROWN CHECK CAT DOORSTOP,Merchandise
21408,SPOTTY PINK DUCK DOORSTOP,21408 | SPOTTY PINK DUCK DOORSTOP,Merchandise
21410,COUNTRY COTTAGE  DOORSTOP GREEN,21410 | COUNTRY COTTAGE  DOORSTOP GREEN,Merchandise
21411,GINGHAM HEART  DOORSTOP RED,21411 | GINGHAM HEART  DOORSTOP RED,Merchandise
21412,VINTAGE GOLD TINSEL REEL,21412 | VINTAGE GOLD TINSEL REEL,Merchandise
21413,PERIWINKLE T-LIGHT HOLDER,21413 | PERIWINKLE T-LIGHT HOLDER,Merchandise
21414,SCALLOP SHELL SOAP DISH,21414 | SCALLOP SHELL SOAP DISH,Merchandise
21415,CLAM SHELL SMALL,21415 | CLAM SHELL SMALL,Merchandise
21416,CLAM SHELL LARGE,21416 | CLAM SHELL LARGE,Merchandise
21417,COCKLE SHELL DISH,21417 | COCKLE SHELL DISH,Merchandise
21418,STARFISH SOAP DISH,21418 | STARFISH SOAP DISH,Merchandise
21420,OYSTER TRINKET BOX,21420 | OYSTER TRINKET BOX,Merchandise
21421,PORCELAIN ROSE LARGE,21421 | PORCELAIN ROSE LARGE,Merchandise
21422,PORCELAIN ROSE SMALL,21422 | PORCELAIN ROSE SMALL,Merchandise
21424,WOODLAND STORAGE BOX LARGE,21424 | WOODLAND STORAGE BOX LARGE,Merchandise
21425,SKULLS STORAGE BOX LARGE,21425 | SKULLS STORAGE BOX LARGE,Merchandise
21426,WOODLAND STORAGE BOX SMALL,21426 | WOODLAND STORAGE BOX SMALL,Merchandise
21427,SKULLS STORAGE BOX SMALL,21427 | SKULLS STORAGE BOX SMALL,Merchandise
21428,SET3 BOOK BOX GREEN GINGHAM FLOWER,21428 | SET3 BOOK BOX GREEN GINGHAM FLOWER,Merchandise
21429,RED GINGHAM ROSE JEWELLERY BOX,21429 | RED GINGHAM ROSE JEWELLERY BOX,Merchandise
21430,SET/3 RED GINGHAM ROSE STORAGE BOX,21430 | SET/3 RED GINGHAM ROSE STORAGE BOX,Merchandise
21439,BASKET OF TOADSTOOLS,21439 | BASKET OF TOADSTOOLS,Merchandise
21441,BLUE BIRDHOUSE DECORATION,21441 | BLUE BIRDHOUSE DECORATION,Merchandise
21442,GREEN BIRDHOUSE DECORATION,21442 | GREEN BIRDHOUSE DECORATION,Merchandise
21445,12 PINK ROSE PEG PLACE SETTINGS,21445 | 12 PINK ROSE PEG PLACE SETTINGS,Merchandise
21446,12 RED ROSE PEG PLACE SETTINGS,21446 | 12 RED ROSE PEG PLACE SETTINGS,Merchandise
21447,12 IVORY ROSE PEG PLACE SETTINGS,21447 | 12 IVORY ROSE PEG PLACE SETTINGS,Merchandise
21448,12 DAISY PEGS IN WOOD BOX,21448 | 12 DAISY PEGS IN WOOD BOX,Merchandise
21452,TOADSTOOL MONEY BOX,21452 | TOADSTOOL MONEY BOX,Merchandise
21454,PAINTED PINK RABBIT,21454 | PAINTED PINK RABBIT,Merchandise
21455,PAINTED YELLOW WOODEN DAISY,21455 | PAINTED YELLOW WOODEN DAISY,Merchandise
21456,2 PICTURE BOOK EGGS EASTER CHICKS,21456 | 2 PICTURE BOOK EGGS EASTER CHICKS,Merchandise
21457,2 PICTURE BOOK EGGS EASTER DUCKS,21457 | 2 PICTURE BOOK EGGS EASTER DUCKS,Merchandise
21458,2 PICTURE BOOK EGGS EASTER BUNNY,21458 | 2 PICTURE BOOK EGGS EASTER BUNNY,Merchandise
21459,YELLOW EASTER EGG HUNT START POST,21459 | YELLOW EASTER EGG HUNT START POST,Merchandise
21460,GREEN EASTER EGG HUNT START POST,21460 | GREEN EASTER EGG HUNT START POST,Merchandise
21461,BLUE EASTER EGG HUNT START POST,21461 | BLUE EASTER EGG HUNT START POST,Merchandise
21462,"NURSERY A,B,C PAINTED LETTERS","21462 | NURSERY A,B,C PAINTED LETTERS",Merchandise
21463,MIRRORED DISCO BALL,21463 | MIRRORED DISCO BALL,Merchandise
21464,DISCO BALL ROTATOR BATTERY OPERATED,21464 | DISCO BALL ROTATOR BATTERY OPERATED,Merchandise
21465,PINK FLOWER CROCHET FOOD COVER,21465 | PINK FLOWER CROCHET FOOD COVER,Merchandise
21466,RED FLOWER CROCHET FOOD COVER,21466 | RED FLOWER CROCHET FOOD COVER,Merchandise
21467,CHERRY CROCHET FOOD COVER,21467 | CHERRY CROCHET FOOD COVER,Merchandise
21468,BUTTERFLY CROCHET FOOD COVER,21468 | BUTTERFLY CROCHET FOOD COVER,Merchandise
21469,POLKA DOT RAFFIA FOOD COVER,21469 | POLKA DOT RAFFIA FOOD COVER,Merchandise
21470,FLOWER VINE RAFFIA FOOD COVER,21470 | FLOWER VINE RAFFIA FOOD COVER,Merchandise
21471,STRAWBERRY RAFFIA FOOD COVER,21471 | STRAWBERRY RAFFIA FOOD COVER,Merchandise
21472,LADYBIRD + BEE RAFFIA FOOD COVER,21472 | LADYBIRD + BEE RAFFIA FOOD COVER,Merchandise
21473,SWEETHEART CREAM STEEL TABLE RECT,21473 | SWEETHEART CREAM STEEL TABLE RECT,Merchandise
21476,STEEL SWEETHEART ROUND TABLE CREAM,21476 | STEEL SWEETHEART ROUND TABLE CREAM,Merchandise
21479,WHITE SKULL HOT WATER BOTTLE,21479 | WHITE SKULL HOT WATER BOTTLE,Merchandise
21481,FAWN BLUE HOT WATER BOTTLE,21481 | FAWN BLUE HOT WATER BOTTLE,Merchandise
21484,CHICK GREY HOT WATER BOTTLE,21484 | CHICK GREY HOT WATER BOTTLE,Merchandise
21485,RETROSPOT HEART HOT WATER BOTTLE,21485 | RETROSPOT HEART HOT WATER BOTTLE,Merchandise
21486,PINK HEART DOTS HOT WATER BOTTLE,21486 | PINK HEART DOTS HOT WATER BOTTLE,Merchandise
21488,RED WHITE SCARF  HOT WATER BOTTLE,21488 | RED WHITE SCARF  HOT WATER BOTTLE,Merchandise
21491,SET OF THREE VINTAGE GIFT WRAPS,21491 | SET OF THREE VINTAGE GIFT WRAPS,Merchandise
21494,ROTATING LEAVES T-LIGHT HOLDER,21494 | ROTATING LEAVES T-LIGHT HOLDER,Merchandise
21495,SKULLS AND CROSSBONES WRAP,21495 | SKULLS AND CROSSBONES WRAP,Merchandise
21497,FANCY FONTS BIRTHDAY WRAP,21497 | FANCY FONTS BIRTHDAY WRAP,Merchandise
21498,RED RETROSPOT WRAP,21498 | RED RETROSPOT WRAP,Merchandise
21499,BLUE POLKADOT WRAP,21499 | BLUE POLKADOT WRAP,Merchandise
21500,PINK POLKADOT WRAP,21500 | PINK POLKADOT WRAP,Merchandise
21503,TOYBOX  WRAP,21503 | TOYBOX  WRAP,Merchandise
21504,SKULLS GREETING CARD,21504 | SKULLS GREETING CARD,Merchandise
21506,"FANCY FONT BIRTHDAY CARD,","21506 | FANCY FONT BIRTHDAY CARD,",Merchandise
21507,"ELEPHANT, BIRTHDAY CARD,","21507 | ELEPHANT, BIRTHDAY CARD,",Merchandise
21508,VINTAGE KID DOLLY CARD,21508 | VINTAGE KID DOLLY CARD,Merchandise
21509,COWBOYS AND INDIANS BIRTHDAY CARD,21509 | COWBOYS AND INDIANS BIRTHDAY CARD,Merchandise
21518,BANK ACCOUNT  GREETING  CARD,21518 | BANK ACCOUNT  GREETING  CARD,Merchandise
21519,GIN & TONIC DIET GREETING CARD,21519 | GIN & TONIC DIET GREETING CARD,Merchandise
21520,BOOZE & WOMEN GREETING CARD,21520 | BOOZE & WOMEN GREETING CARD,Merchandise
21523,DOORMAT FANCY FONT HOME SWEET HOME,21523 | DOORMAT FANCY FONT HOME SWEET HOME,Merchandise
21524,DOORMAT SPOTTY HOME SWEET HOME,21524 | DOORMAT SPOTTY HOME SWEET HOME,Merchandise
21527,RED RETROSPOT TRADITIONAL TEAPOT,21527 | RED RETROSPOT TRADITIONAL TEAPOT,Merchandise
21528,DAIRY MAID TRADITIONAL TEAPOT,21528 | DAIRY MAID TRADITIONAL TEAPOT,Merchandise
21530,DAIRY MAID TOASTRACK,21530 | DAIRY MAID TOASTRACK,Merchandise
21531,RED RETROSPOT SUGAR JAM BOWL,21531 | RED RETROSPOT SUGAR JAM BOWL,Merchandise
21533,RETROSPOT LARGE MILK JUG,21533 | RETROSPOT LARGE MILK JUG,Merchandise
21534,DAIRY MAID LARGE MILK JUG,21534 | DAIRY MAID LARGE MILK JUG,Merchandise
21535,RED RETROSPOT SMALL MILK JUG,21535 | RED RETROSPOT SMALL MILK JUG,Merchandise
21537,RED RETROSPOT PUDDING BOWL,21537 | RED RETROSPOT PUDDING BOWL,Merchandise
21538,DAIRY MAID  PUDDING BOWL,21538 | DAIRY MAID  PUDDING BOWL,Merchandise
21539,RED RETROSPOT BUTTER DISH,21539 | RED RETROSPOT BUTTER DISH,Merchandise
21544,SKULLS  WATER TRANSFER TATTOOS,21544 | SKULLS  WATER TRANSFER TATTOOS,Merchandise
21547,CERAMIC BIRDHOUSE CRESTED TIT SMALL,21547 | CERAMIC BIRDHOUSE CRESTED TIT SMALL,Merchandise
21555,CERAMIC STRAWBERRY TRINKET TRAY,21555 | CERAMIC STRAWBERRY TRINKET TRAY,Merchandise
21556,CERAMIC STRAWBERRY MONEY BOX,21556 | CERAMIC STRAWBERRY MONEY BOX,Merchandise
21557,SET OF 6 FUNKY BEAKERS,21557 | SET OF 6 FUNKY BEAKERS,Merchandise
21558,SKULL LUNCH BOX WITH CUTLERY,21558 | SKULL LUNCH BOX WITH CUTLERY,Merchandise
21559,STRAWBERRY LUNCH BOX WITH CUTLERY,21559 | STRAWBERRY LUNCH BOX WITH CUTLERY,Merchandise
21561,DINOSAUR LUNCH BOX WITH CUTLERY,21561 | DINOSAUR LUNCH BOX WITH CUTLERY,Merchandise
21562,HAWAIIAN GRASS SKIRT,21562 | HAWAIIAN GRASS SKIRT,Merchandise
21563,RED HEART SHAPE LOVE BUCKET,21563 | RED HEART SHAPE LOVE BUCKET,Merchandise
21564,PINK  HEART SHAPE LOVE BUCKET,21564 | PINK  HEART SHAPE LOVE BUCKET,Merchandise
21576,LETS GO SHOPPING COTTON TOTE BAG,21576 | LETS GO SHOPPING COTTON TOTE BAG,Merchandise
21577,SAVE THE PLANET COTTON TOTE BAG,21577 | SAVE THE PLANET COTTON TOTE BAG,Merchandise
21578,WOODLAND DESIGN  COTTON TOTE BAG,21578 | WOODLAND DESIGN  COTTON TOTE BAG,Merchandise
21579,LOLITA  DESIGN  COTTON TOTE BAG,21579 | LOLITA  DESIGN  COTTON TOTE BAG,Merchandise
21580,RABBIT  DESIGN  COTTON TOTE BAG,21580 | RABBIT  DESIGN  COTTON TOTE BAG,Merchandise
21581,SKULLS  DESIGN  COTTON TOTE BAG,21581 | SKULLS  DESIGN  COTTON TOTE BAG,Merchandise
21584,RETROSPOT SMALL TUBE MATCHES,21584 | RETROSPOT SMALL TUBE MATCHES,Merchandise
21586,KINGS CHOICE GIANT TUBE MATCHES,21586 | KINGS CHOICE GIANT TUBE MATCHES,Merchandise
21587,COSY HOUR GIANT TUBE MATCHES,21587 | COSY HOUR GIANT TUBE MATCHES,Merchandise
21588,RETROSPOT GIANT TUBE MATCHES,21588 | RETROSPOT GIANT TUBE MATCHES,Merchandise
21591,COSY HOUR CIGAR BOX MATCHES,21591 | COSY HOUR CIGAR BOX MATCHES,Merchandise
21592,RETROSPOT CIGAR BOX MATCHES,21592 | RETROSPOT CIGAR BOX MATCHES,Merchandise
21594,Dr. Jam's Arouzer Stress Ball,21594 | Dr. Jam's Arouzer Stress Ball,Merchandise
21595,Dad's Cab Electronic Meter,21595 | Dad's Cab Electronic Meter,Merchandise
21609,SET 12 LAVENDER  BOTANICAL T-LIGHTS,21609 | SET 12 LAVENDER  BOTANICAL T-LIGHTS,Merchandise
21613,S/12 VANILLA  BOTANICAL T-LIGHTS,21613 | S/12 VANILLA  BOTANICAL T-LIGHTS,Merchandise
21614,SET OF 12 ROSE BOTANICAL T-LIGHTS,21614 | SET OF 12 ROSE BOTANICAL T-LIGHTS,Merchandise
21615,4 LAVENDER BOTANICAL DINNER CANDLES,21615 | 4 LAVENDER BOTANICAL DINNER CANDLES,Merchandise
21616,4 PEAR BOTANICAL DINNER CANDLES,21616 | 4 PEAR BOTANICAL DINNER CANDLES,Merchandise
21617,4 LILY  BOTANICAL DINNER CANDLES,21617 | 4 LILY  BOTANICAL DINNER CANDLES,Merchandise
21618,4 WILDFLOWER BOTANICAL CANDLES,21618 | 4 WILDFLOWER BOTANICAL CANDLES,Merchandise
21619,4 VANILLA BOTANICAL CANDLES,21619 | 4 VANILLA BOTANICAL CANDLES,Merchandise
21620,SET OF 4 ROSE BOTANICAL CANDLES,21620 | SET OF 4 ROSE BOTANICAL CANDLES,Merchandise
21621,VINTAGE UNION JACK BUNTING,21621 | VINTAGE UNION JACK BUNTING,Merchandise
21622,VINTAGE UNION JACK CUSHION COVER,21622 | VINTAGE UNION JACK CUSHION COVER,Merchandise
21623,VINTAGE UNION JACK MEMOBOARD,21623 | VINTAGE UNION JACK MEMOBOARD,Merchandise
21624,VINTAGE UNION JACK DOORSTOP,21624 | VINTAGE UNION JACK DOORSTOP,Merchandise
21625,VINTAGE UNION JACK APRON,21625 | VINTAGE UNION JACK APRON,Merchandise
21626,VINTAGE UNION JACK PENNANT,21626 | VINTAGE UNION JACK PENNANT,Merchandise
21627,ELEPHANT CARNIVAL POUFFE,21627 | ELEPHANT CARNIVAL POUFFE,Merchandise
21628,TRIANGULAR POUFFE VINTAGE,21628 | TRIANGULAR POUFFE VINTAGE,Merchandise
21629,SQUARE FLOOR CUSHION VINTAGE RED,21629 | SQUARE FLOOR CUSHION VINTAGE RED,Merchandise
21630,FLOOR CUSHION ELEPHANT CARNIVAL,21630 | FLOOR CUSHION ELEPHANT CARNIVAL,Merchandise
21631,HIPPY CHIC DECORATIVE PARASOL,21631 | HIPPY CHIC DECORATIVE PARASOL,Merchandise
21632,VINTAGE PINK DECORATIVE PARASOL,21632 | VINTAGE PINK DECORATIVE PARASOL,Merchandise
21633,SUNFLOWER DECORATIVE PARASOL,21633 | SUNFLOWER DECORATIVE PARASOL,Merchandise
21634,ASSORTED MINI MADRAS NOTEBOOK,21634 | ASSORTED MINI MADRAS NOTEBOOK,Merchandise
21635,MADRAS NOTEBOOK LARGE,21635 | MADRAS NOTEBOOK LARGE,Merchandise
21636,MADRAS NOTEBOOK MEDIUM,21636 | MADRAS NOTEBOOK MEDIUM,Merchandise
21637,ASSORTED SANSKRIT MINI NOTEBOOK,21637 | ASSORTED SANSKRIT MINI NOTEBOOK,Merchandise
21638,ASSORTED TUTTI FRUTTI NOTEBOOK,21638 | ASSORTED TUTTI FRUTTI NOTEBOOK,Merchandise
21640,ASSORTED TUTTI FRUTTI  FOB NOTEBOOK,21640 | ASSORTED TUTTI FRUTTI  FOB NOTEBOOK,Merchandise
21641,ASSORTED TUTTI FRUTTI KEYRING BALL,21641 | ASSORTED TUTTI FRUTTI KEYRING BALL,Merchandise
21642,ASSORTED TUTTI FRUTTI PEN,21642 | ASSORTED TUTTI FRUTTI PEN,Merchandise
21643,ASSORTED TUTTI FRUTTI MIRROR,21643 | ASSORTED TUTTI FRUTTI MIRROR,Merchandise
21644,ASSORTED TUTTI FRUTTI HEART BOX,21644 | ASSORTED TUTTI FRUTTI HEART BOX,Merchandise
21645,ASSORTED TUTTI FRUTTI ROUND BOX,21645 | ASSORTED TUTTI FRUTTI ROUND BOX,Merchandise
21647,ASSORTED TUTTI FRUTTI LARGE PURSE,21647 | ASSORTED TUTTI FRUTTI LARGE PURSE,Merchandise
21648,ASSORTED TUTTI FRUTTI SMALL PURSE,21648 | ASSORTED TUTTI FRUTTI SMALL PURSE,Merchandise
21650,ASSORTED TUTTI FRUTTI BRACELET,21650 | ASSORTED TUTTI FRUTTI BRACELET,Merchandise
21651,HANGING GLASS ETCHED TEALIGHT,21651 | HANGING GLASS ETCHED TEALIGHT,Merchandise
21654,RIDGED GLASS FINGER BOWL,21654 | RIDGED GLASS FINGER BOWL,Merchandise
21655,HANGING RIDGE GLASS T-LIGHT HOLDER,21655 | HANGING RIDGE GLASS T-LIGHT HOLDER,Merchandise
21656,RIDGED GLASS POSY VASE,21656 | RIDGED GLASS POSY VASE,Merchandise
21657,MILK BOTTLE WITH GLASS STOPPER,21657 | MILK BOTTLE WITH GLASS STOPPER,Merchandise
21658,GLASS  BEURRE DISH,21658 | GLASS  BEURRE DISH,Merchandise
21661,VINTAGE GLASS TEA CADDY,21661 | VINTAGE GLASS TEA CADDY,Merchandise
21662,VINTAGE GLASS COFFEE CADDY,21662 | VINTAGE GLASS COFFEE CADDY,Merchandise
21664,RIDGED GLASS STORAGE JAR CREAM LID,21664 | RIDGED GLASS STORAGE JAR CREAM LID,Merchandise
21666,RIDGED GLASS T-LIGHT HOLDER,21666 | RIDGED GLASS T-LIGHT HOLDER,Merchandise
21667,GLASS CAKE COVER AND PLATE,21667 | GLASS CAKE COVER AND PLATE,Merchandise
21668,RED STRIPE CERAMIC DRAWER KNOB,21668 | RED STRIPE CERAMIC DRAWER KNOB,Merchandise
21669,BLUE STRIPE CERAMIC DRAWER KNOB,21669 | BLUE STRIPE CERAMIC DRAWER KNOB,Merchandise
21670,BLUE SPOT CERAMIC DRAWER KNOB,21670 | BLUE SPOT CERAMIC DRAWER KNOB,Merchandise
21671,RED SPOT CERAMIC DRAWER KNOB,21671 | RED SPOT CERAMIC DRAWER KNOB,Merchandise
21672,WHITE SPOT RED CERAMIC DRAWER KNOB,21672 | WHITE SPOT RED CERAMIC DRAWER KNOB,Merchandise
21673,WHITE SPOT BLUE CERAMIC DRAWER KNOB,21673 | WHITE SPOT BLUE CERAMIC DRAWER KNOB,Merchandise
21675,BUTTERFLIES STICKERS,21675 | BUTTERFLIES STICKERS,Merchandise
21676,FLOWERS  STICKERS,21676 | FLOWERS  STICKERS,Merchandise
21677,HEARTS  STICKERS,21677 | HEARTS  STICKERS,Merchandise
21678,PAISLEY PATTERN  STICKERS,21678 | PAISLEY PATTERN  STICKERS,Merchandise
21679,SKULLS  STICKERS,21679 | SKULLS  STICKERS,Merchandise
21680,WOODLAND  STICKERS,21680 | WOODLAND  STICKERS,Merchandise
21681,GIANT MEDINA STAMPED METAL BOWL,21681 | GIANT MEDINA STAMPED METAL BOWL,Merchandise
21682,LARGE MEDINA STAMPED METAL BOWL,21682 | LARGE MEDINA STAMPED METAL BOWL,Merchandise
21683,MEDIUM MEDINA STAMPED METAL BOWL,21683 | MEDIUM MEDINA STAMPED METAL BOWL,Merchandise
21684,SMALL MEDINA STAMPED METAL BOWL,21684 | SMALL MEDINA STAMPED METAL BOWL,Merchandise
21686,MEDINA STAMPED METAL STOOL,21686 | MEDINA STAMPED METAL STOOL,Merchandise
21688,SILVER PLATE CANDLE BOWL SMALL,21688 | SILVER PLATE CANDLE BOWL SMALL,Merchandise
21689,SILVER VANILLA  FLOWER CANDLE POT,21689 | SILVER VANILLA  FLOWER CANDLE POT,Merchandise
21690,SILVER  CANDLEPOT JARDIN,21690 | SILVER  CANDLEPOT JARDIN,Merchandise
21692,SILVER LATTICE VANILLA CANDLE POT,21692 | SILVER LATTICE VANILLA CANDLE POT,Merchandise
21693,SMALL HAMMERED SILVER CANDLEPOT,21693 | SMALL HAMMERED SILVER CANDLEPOT,Merchandise
21694,SMALL REGAL  SILVER CANDLEPOT,21694 | SMALL REGAL  SILVER CANDLEPOT,Merchandise
21695,SMALL SILVER FLOWER CANDLE POT,21695 | SMALL SILVER FLOWER CANDLE POT,Merchandise
21696,SMALL SILVER TRELLIS CANDLEPOT,21696 | SMALL SILVER TRELLIS CANDLEPOT,Merchandise
21698,MOCK LOBSTER FRIDGE MAGNET,21698 | MOCK LOBSTER FRIDGE MAGNET,Merchandise
21700,BIG DOUGHNUT FRIDGE MAGNETS,21700 | BIG DOUGHNUT FRIDGE MAGNETS,Merchandise
21703,BAG 125g SWIRLY MARBLES,21703 | BAG 125g SWIRLY MARBLES,Merchandise
21704,BAG 250g SWIRLY MARBLES,21704 | BAG 250g SWIRLY MARBLES,Merchandise
21705,BAG 500g SWIRLY MARBLES,21705 | BAG 500g SWIRLY MARBLES,Merchandise
21706,FOLDING UMBRELLA RED/WHITE POLKADOT,21706 | FOLDING UMBRELLA RED/WHITE POLKADOT,Merchandise
21707,FOLDING UMBRELLA BLACKBLUE POLKADOT,21707 | FOLDING UMBRELLA BLACKBLUE POLKADOT,Merchandise
21708,FOLDING UMBRELLA CREAM POLKADOT,21708 | FOLDING UMBRELLA CREAM POLKADOT,Merchandise
21709,FOLDING UMBRELLA CHOCOLATE POLKADOT,21709 | FOLDING UMBRELLA CHOCOLATE POLKADOT,Merchandise
21710,FOLDING UMBRELLA PINKWHITE POLKADOT,21710 | FOLDING UMBRELLA PINKWHITE POLKADOT,Merchandise
21711,FOLDING UMBRELLA WHITE/RED POLKADOT,21711 | FOLDING UMBRELLA WHITE/RED POLKADOT,Merchandise
21713,CITRONELLA CANDLE FLOWERPOT,21713 | CITRONELLA CANDLE FLOWERPOT,Merchandise
21714,CITRONELLA CANDLE GARDEN POT,21714 | CITRONELLA CANDLE GARDEN POT,Merchandise
21715,GIRLS VINTAGE TIN SEASIDE BUCKET,21715 | GIRLS VINTAGE TIN SEASIDE BUCKET,Merchandise
21716,BOYS VINTAGE TIN SEASIDE BUCKET,21716 | BOYS VINTAGE TIN SEASIDE BUCKET,Merchandise
21717,EASTER TIN BUCKET,21717 | EASTER TIN BUCKET,Merchandise
21718,RED METAL BEACH SPADE,21718 | RED METAL BEACH SPADE,Merchandise
21719,LOVELY BONBON STICKER SHEET,21719 | LOVELY BONBON STICKER SHEET,Merchandise
21720,CAKE SHOP  STICKER SHEET,21720 | CAKE SHOP  STICKER SHEET,Merchandise
21721,CANDY SHOP  STICKER SHEET,21721 | CANDY SHOP  STICKER SHEET,Merchandise
21722,SWEET PUDDING STICKER SHEET,21722 | SWEET PUDDING STICKER SHEET,Merchandise
21723,ALPHABET HEARTS STICKER SHEET,21723 | ALPHABET HEARTS STICKER SHEET,Merchandise
21724,PANDA AND BUNNIES STICKER SHEET,21724 | PANDA AND BUNNIES STICKER SHEET,Merchandise
21725,SWEETIES  STICKERS,21725 | SWEETIES  STICKERS,Merchandise
21726,MULTI HEARTS  STICKERS,21726 | MULTI HEARTS  STICKERS,Merchandise
21730,GLASS STAR FROSTED T-LIGHT HOLDER,21730 | GLASS STAR FROSTED T-LIGHT HOLDER,Merchandise
21731,RED TOADSTOOL LED NIGHT LIGHT,21731 | RED TOADSTOOL LED NIGHT LIGHT,Merchandise
21733,RED HANGING HEART T-LIGHT HOLDER,21733 | RED HANGING HEART T-LIGHT HOLDER,Merchandise
21735,TWO DOOR CURIO CABINET,21735 | TWO DOOR CURIO CABINET,Merchandise
21736,GOLD SCROLL GLASS T-LIGHT HOLDER,21736 | GOLD SCROLL GLASS T-LIGHT HOLDER,Merchandise
21738,COSY SLIPPER SHOES SMALL  RED,21738 | COSY SLIPPER SHOES SMALL  RED,Merchandise
21739,COSY SLIPPER SHOES SMALL GREEN,21739 | COSY SLIPPER SHOES SMALL GREEN,Merchandise
21741,COSY SLIPPER SHOES LARGE GREEN,21741 | COSY SLIPPER SHOES LARGE GREEN,Merchandise
21742,LARGE ROUND WICKER PLATTER,21742 | LARGE ROUND WICKER PLATTER,Merchandise
21743,STAR PORTABLE TABLE LIGHT,21743 | STAR PORTABLE TABLE LIGHT,Merchandise
21744,SNOWFLAKE PORTABLE TABLE LIGHT,21744 | SNOWFLAKE PORTABLE TABLE LIGHT,Merchandise
21745,GAOLERS KEYS DECORATIVE GARDEN,21745 | GAOLERS KEYS DECORATIVE GARDEN,Merchandise
21746,SMALL RED RETROSPOT WINDMILL,21746 | SMALL RED RETROSPOT WINDMILL,Merchandise
21747,SMALL SKULL WINDMILL,21747 | SMALL SKULL WINDMILL,Merchandise
21749,LARGE RED RETROSPOT WINDMILL,21749 | LARGE RED RETROSPOT WINDMILL,Merchandise
21750,LARGE SKULL WINDMILL,21750 | LARGE SKULL WINDMILL,Merchandise
21754,HOME BUILDING BLOCK WORD,21754 | HOME BUILDING BLOCK WORD,Merchandise
21755,LOVE BUILDING BLOCK WORD,21755 | LOVE BUILDING BLOCK WORD,Merchandise
21756,BATH BUILDING BLOCK WORD,21756 | BATH BUILDING BLOCK WORD,Merchandise
21757,LIGHTHOUSE PRINTED METAL SIGN,21757 | LIGHTHOUSE PRINTED METAL SIGN,Merchandise
21758,VINTAGE SHELLS PRINT,21758 | VINTAGE SHELLS PRINT,Merchandise
21761,WOOD AND GLASS MEDICINE CABINET,21761 | WOOD AND GLASS MEDICINE CABINET,Merchandise
21763,VINTAGE WOODEN BAR STOOL,21763 | VINTAGE WOODEN BAR STOOL,Merchandise
21769,VINTAGE POST OFFICE CABINET,21769 | VINTAGE POST OFFICE CABINET,Merchandise
21770,OPEN CLOSED METAL SIGN,21770 | OPEN CLOSED METAL SIGN,Merchandise
21773,DECORATIVE ROSE BATHROOM BOTTLE,21773 | DECORATIVE ROSE BATHROOM BOTTLE,Merchandise
21774,DECORATIVE CATS BATHROOM BOTTLE,21774 | DECORATIVE CATS BATHROOM BOTTLE,Merchandise
21775,DECORATIVE FLORE BATHROOM BOTTLE,21775 | DECORATIVE FLORE BATHROOM BOTTLE,Merchandise
21777,RECIPE BOX WITH METAL HEART,21777 | RECIPE BOX WITH METAL HEART,Merchandise
21781,MA CAMPAGNE CUTLERY BOX,21781 | MA CAMPAGNE CUTLERY BOX,Merchandise
21784,SHOE SHINE BOX,21784 | SHOE SHINE BOX,Merchandise
21785,RAIN PONCHO,21785 | RAIN PONCHO,Merchandise
21786,POLKADOT RAIN HAT,21786 | POLKADOT RAIN HAT,Merchandise
21787,RAIN PONCHO RETROSPOT,21787 | RAIN PONCHO RETROSPOT,Merchandise
21788,KIDS RAIN MAC BLUE,21788 | KIDS RAIN MAC BLUE,Merchandise
21789,KIDS RAIN MAC PINK,21789 | KIDS RAIN MAC PINK,Merchandise
21790,VINTAGE SNAP CARDS,21790 | VINTAGE SNAP CARDS,Merchandise
21791,VINTAGE HEADS AND TAILS CARD GAME,21791 | VINTAGE HEADS AND TAILS CARD GAME,Merchandise
21792,CLASSIC FRENCH STYLE BASKET GREEN,21792 | CLASSIC FRENCH STYLE BASKET GREEN,Merchandise
21793,CLASSIC FRENCH STYLE BASKET BROWN,21793 | CLASSIC FRENCH STYLE BASKET BROWN,Merchandise
21794,CLASSIC FRENCH STYLE BASKET NATURAL,21794 | CLASSIC FRENCH STYLE BASKET NATURAL,Merchandise
21801,CHRISTMAS TREE DECORATION WITH BELL,21801 | CHRISTMAS TREE DECORATION WITH BELL,Merchandise
21802,CHRISTMAS TREE HEART DECORATION,21802 | CHRISTMAS TREE HEART DECORATION,Merchandise
21803,CHRISTMAS TREE STAR DECORATION,21803 | CHRISTMAS TREE STAR DECORATION,Merchandise
21804,WHITE CHRISTMAS GARLAND STARS TREES,21804 | WHITE CHRISTMAS GARLAND STARS TREES,Merchandise
21807,WHITE CHRISTMAS STAR DECORATION,21807 | WHITE CHRISTMAS STAR DECORATION,Merchandise
21808,"CHRISTMAS GARLAND STARS,TREES","21808 | CHRISTMAS GARLAND STARS,TREES",Merchandise
21809,CHRISTMAS HANGING TREE WITH BELL,21809 | CHRISTMAS HANGING TREE WITH BELL,Merchandise
21810,CHRISTMAS HANGING STAR WITH BELL,21810 | CHRISTMAS HANGING STAR WITH BELL,Merchandise
21811,HANGING HEART WITH BELL,21811 | HANGING HEART WITH BELL,Merchandise
21812,GARLAND WITH HEARTS AND BELLS,21812 | GARLAND WITH HEARTS AND BELLS,Merchandise
21813,GARLAND WITH STARS AND BELLS,21813 | GARLAND WITH STARS AND BELLS,Merchandise
21814,HEART T-LIGHT HOLDER,21814 | HEART T-LIGHT HOLDER,Merchandise
21815,STAR  T-LIGHT HOLDER,21815 | STAR  T-LIGHT HOLDER,Merchandise
21816,CHRISTMAS TREE T-LIGHT HOLDER,21816 | CHRISTMAS TREE T-LIGHT HOLDER,Merchandise
21817,GLITTER CHRISTMAS TREE,21817 | GLITTER CHRISTMAS TREE,Merchandise
21818,GLITTER HEART DECORATION,21818 | GLITTER HEART DECORATION,Merchandise
21819,GLITTER CHRISTMAS STAR,21819 | GLITTER CHRISTMAS STAR,Merchandise
21820,GLITTER HEART GARLAND WITH BELLS,21820 | GLITTER HEART GARLAND WITH BELLS,Merchandise
21821,GLITTER STAR GARLAND WITH BELLS,21821 | GLITTER STAR GARLAND WITH BELLS,Merchandise
21822,GLITTER CHRISTMAS TREE WITH BELLS,21822 | GLITTER CHRISTMAS TREE WITH BELLS,Merchandise
21823,PAINTED METAL HEART WITH HOLLY BELL,21823 | PAINTED METAL HEART WITH HOLLY BELL,Merchandise
21824,PAINTED METAL STAR WITH HOLLY BELLS,21824 | PAINTED METAL STAR WITH HOLLY BELLS,Merchandise
21826,EIGHT PIECE DINOSAUR SET,21826 | EIGHT PIECE DINOSAUR SET,Merchandise
21827,EIGHT PIECE CREEPY CRAWLIE SET,21827 | EIGHT PIECE CREEPY CRAWLIE SET,Merchandise
21828,EIGHT PIECE SNAKE  SET,21828 | EIGHT PIECE SNAKE  SET,Merchandise
21829,DINOSAUR KEYRINGS ASSORTED,21829 | DINOSAUR KEYRINGS ASSORTED,Merchandise
21830,ASSORTED CREEPY CRAWLIES,21830 | ASSORTED CREEPY CRAWLIES,Merchandise
21832,CHOCOLATE CALCULATOR,21832 | CHOCOLATE CALCULATOR,Merchandise
21833,CAMOUFLAGE LED TORCH,21833 | CAMOUFLAGE LED TORCH,Merchandise
21836,GINGHAM OVEN GLOVE RED HEART,21836 | GINGHAM OVEN GLOVE RED HEART,Merchandise
21839,MUMMY MOUSE RED GINGHAM RIBBON,21839 | MUMMY MOUSE RED GINGHAM RIBBON,Merchandise
21841,BABY MOUSE RED GINGHAM DRESS,21841 | BABY MOUSE RED GINGHAM DRESS,Merchandise
21843,RED RETROSPOT CAKE STAND,21843 | RED RETROSPOT CAKE STAND,Merchandise
21844,RED RETROSPOT MUG,21844 | RED RETROSPOT MUG,Merchandise
21845,DAIRY MAID STRIPE MUG,21845 | DAIRY MAID STRIPE MUG,Merchandise
21846,PINK DIAMANTE PEN IN GIFT BOX,21846 | PINK DIAMANTE PEN IN GIFT BOX,Merchandise
21847,GREEN  DIAMANTE PEN IN GIFT BOX,21847 | GREEN  DIAMANTE PEN IN GIFT BOX,Merchandise
21849,SILVER DIAMANTE PEN IN GIFT BOX,21849 | SILVER DIAMANTE PEN IN GIFT BOX,Merchandise
21850,BLUE  DIAMANTE PEN IN GIFT BOX,21850 | BLUE  DIAMANTE PEN IN GIFT BOX,Merchandise
21851,LILAC DIAMANTE PEN IN GIFT BOX,21851 | LILAC DIAMANTE PEN IN GIFT BOX,Merchandise
21864,UNION JACK FLAG PASSPORT COVER,21864 | UNION JACK FLAG PASSPORT COVER,Merchandise
21865,PINK UNION JACK  PASSPORT COVER,21865 | PINK UNION JACK  PASSPORT COVER,Merchandise
21866,UNION JACK FLAG LUGGAGE TAG,21866 | UNION JACK FLAG LUGGAGE TAG,Merchandise
21867,PINK UNION JACK  LUGGAGE TAG,21867 | PINK UNION JACK  LUGGAGE TAG,Merchandise
21868,POTTING SHED TEA MUG,21868 | POTTING SHED TEA MUG,Merchandise
21870,I CAN ONLY PLEASE ONE PERSON MUG,21870 | I CAN ONLY PLEASE ONE PERSON MUG,Merchandise
21871,SAVE THE PLANET MUG,21871 | SAVE THE PLANET MUG,Merchandise
21872,GLAMOROUS  MUG,21872 | GLAMOROUS  MUG,Merchandise
21873,IF YOU CAN'T STAND THE HEAT MUG,21873 | IF YOU CAN'T STAND THE HEAT MUG,Merchandise
21874,GIN AND TONIC MUG,21874 | GIN AND TONIC MUG,Merchandise
21875,KINGS CHOICE MUG,21875 | KINGS CHOICE MUG,Merchandise
21876,POTTERING MUG,21876 | POTTERING MUG,Merchandise
21877,HOME SWEET HOME MUG,21877 | HOME SWEET HOME MUG,Merchandise
21878,PACK OF 6 SANDCASTLE FLAGS ASSORTED,21878 | PACK OF 6 SANDCASTLE FLAGS ASSORTED,Merchandise
21879,HEARTS GIFT TAPE,21879 | HEARTS GIFT TAPE,Merchandise
21880,RED RETROSPOT TAPE,21880 | RED RETROSPOT TAPE,Merchandise
21881,CUTE CATS TAPE,21881 | CUTE CATS TAPE,Merchandise
21882,SKULLS TAPE,21882 | SKULLS TAPE,Merchandise
21883,STARS GIFT TAPE,21883 | STARS GIFT TAPE,Merchandise
21884,CAKES AND BOWS GIFT  TAPE,21884 | CAKES AND BOWS GIFT  TAPE,Merchandise
21888,BINGO SET,21888 | BINGO SET,Merchandise
21889,WOODEN BOX OF DOMINOES,21889 | WOODEN BOX OF DOMINOES,Merchandise
21890,S/6 WOODEN SKITTLES IN COTTON BAG,21890 | S/6 WOODEN SKITTLES IN COTTON BAG,Merchandise
21891,TRADITIONAL WOODEN SKIPPING ROPE,21891 | TRADITIONAL WOODEN SKIPPING ROPE,Merchandise
21892,TRADITIONAL WOODEN CATCH CUP GAME,21892 | TRADITIONAL WOODEN CATCH CUP GAME,Merchandise
21894,POTTING SHED SEED ENVELOPES,21894 | POTTING SHED SEED ENVELOPES,Merchandise
21895,POTTING SHED SOW 'N' GROW SET,21895 | POTTING SHED SOW 'N' GROW SET,Merchandise
21896,POTTING SHED TWINE,21896 | POTTING SHED TWINE,Merchandise
21897,POTTING SHED CANDLE CITRONELLA,21897 | POTTING SHED CANDLE CITRONELLA,Merchandise
21898,POTTING SHED ROSE CANDLE,21898 | POTTING SHED ROSE CANDLE,Merchandise
21899,GARAGE KEY FOB,21899 | GARAGE KEY FOB,Merchandise
21900,"KEY FOB , SHED","21900 | KEY FOB , SHED",Merchandise
21901,"KEY FOB , BACK DOOR","21901 | KEY FOB , BACK DOOR",Merchandise
21902,"KEY FOB , FRONT  DOOR","21902 | KEY FOB , FRONT  DOOR",Merchandise
21903,MAN FLU METAL SIGN,21903 | MAN FLU METAL SIGN,Merchandise
21904,HOUSE WRECKING METAL SIGN,21904 | HOUSE WRECKING METAL SIGN,Merchandise
21905,MORE BUTTER METAL SIGN,21905 | MORE BUTTER METAL SIGN,Merchandise
21906,PHARMACIE FIRST AID TIN,21906 | PHARMACIE FIRST AID TIN,Merchandise
21907,I'M ON HOLIDAY METAL SIGN,21907 | I'M ON HOLIDAY METAL SIGN,Merchandise
21908,CHOCOLATE THIS WAY METAL SIGN,21908 | CHOCOLATE THIS WAY METAL SIGN,Merchandise
21910,WAY OUT METAL SIGN,21910 | WAY OUT METAL SIGN,Merchandise
21911,GARDEN METAL SIGN,21911 | GARDEN METAL SIGN,Merchandise
21912,VINTAGE SNAKES & LADDERS,21912 | VINTAGE SNAKES & LADDERS,Merchandise
21913,VINTAGE SEASIDE JIGSAW PUZZLES,21913 | VINTAGE SEASIDE JIGSAW PUZZLES,Merchandise
21914,BLUE HARMONICA IN BOX,21914 | BLUE HARMONICA IN BOX,Merchandise
21915,RED  HARMONICA IN BOX,21915 | RED  HARMONICA IN BOX,Merchandise
21916,SET 12 RETRO WHITE CHALK STICKS,21916 | SET 12 RETRO WHITE CHALK STICKS,Merchandise
21917,SET 12 KIDS  WHITE CHALK STICKS,21917 | SET 12 KIDS  WHITE CHALK STICKS,Merchandise
21918,SET 12 KIDS COLOUR  CHALK STICKS,21918 | SET 12 KIDS COLOUR  CHALK STICKS,Merchandise
21922,UNION STRIPE WITH FRINGE  HAMMOCK,21922 | UNION STRIPE WITH FRINGE  HAMMOCK,Merchandise
21925,UNION STRIPE CUSHION COVER,21925 | UNION STRIPE CUSHION COVER,Merchandise
21926,RED/CREAM STRIPE CUSHION COVER,21926 | RED/CREAM STRIPE CUSHION COVER,Merchandise
21927,BLUE/CREAM STRIPE CUSHION COVER,21927 | BLUE/CREAM STRIPE CUSHION COVER,Merchandise
21928,JUMBO BAG SCANDINAVIAN BLUE PAISLEY,21928 | JUMBO BAG SCANDINAVIAN BLUE PAISLEY,Merchandise
21929,JUMBO BAG PINK VINTAGE PAISLEY,21929 | JUMBO BAG PINK VINTAGE PAISLEY,Merchandise
21930,JUMBO STORAGE BAG SKULLS,21930 | JUMBO STORAGE BAG SKULLS,Merchandise
21931,JUMBO STORAGE BAG SUKI,21931 | JUMBO STORAGE BAG SUKI,Merchandise
21932,SCANDINAVIAN PAISLEY PICNIC BAG,21932 | SCANDINAVIAN PAISLEY PICNIC BAG,Merchandise
21933,PINK VINTAGE PAISLEY PICNIC BAG,21933 | PINK VINTAGE PAISLEY PICNIC BAG,Merchandise
21934,SKULL SHOULDER BAG,21934 | SKULL SHOULDER BAG,Merchandise
21935,SUKI  SHOULDER BAG,21935 | SUKI  SHOULDER BAG,Merchandise
21936,RED RETROSPOT PICNIC BAG,21936 | RED RETROSPOT PICNIC BAG,Merchandise
21937,STRAWBERRY   PICNIC BAG,21937 | STRAWBERRY   PICNIC BAG,Merchandise
21942,SKULLS DESIGN FLANNEL,21942 | SKULLS DESIGN FLANNEL,Merchandise
21943,CAKES AND RABBITS DESIGN FLANNEL,21943 | CAKES AND RABBITS DESIGN FLANNEL,Merchandise
21944,KITTENS DESIGN FLANNEL,21944 | KITTENS DESIGN FLANNEL,Merchandise
21945,STRAWBERRIES  DESIGN FLANNEL,21945 | STRAWBERRIES  DESIGN FLANNEL,Merchandise
21946,PARTY TIME DESIGN FLANNEL,21946 | PARTY TIME DESIGN FLANNEL,Merchandise
21947,SET OF 6 HEART CHOPSTICKS,21947 | SET OF 6 HEART CHOPSTICKS,Merchandise
21948,SET OF 6 CAKE CHOPSTICKS,21948 | SET OF 6 CAKE CHOPSTICKS,Merchandise
21949,SET OF 6 STRAWBERRY CHOPSTICKS,21949 | SET OF 6 STRAWBERRY CHOPSTICKS,Merchandise
21955,DOORMAT UNION JACK GUNS AND ROSES,21955 | DOORMAT UNION JACK GUNS AND ROSES,Merchandise
21967,PACK OF 12 SKULL TISSUES,21967 | PACK OF 12 SKULL TISSUES,Merchandise
21972,SET OF 36 DINOSAUR PAPER DOILIES,21972 | SET OF 36 DINOSAUR PAPER DOILIES,Merchandise
21973,SET OF 36 MUSHROOM PAPER DOILIES,21973 | SET OF 36 MUSHROOM PAPER DOILIES,Merchandise
21974,SET OF 36 PAISLEY FLOWER DOILIES,21974 | SET OF 36 PAISLEY FLOWER DOILIES,Merchandise
21975,PACK OF 60 DINOSAUR CAKE CASES,21975 | PACK OF 60 DINOSAUR CAKE CASES,Merchandise
21976,PACK OF 60 MUSHROOM CAKE CASES,21976 | PACK OF 60 MUSHROOM CAKE CASES,Merchandise
21977,PACK OF 60 PINK PAISLEY CAKE CASES,21977 | PACK OF 60 PINK PAISLEY CAKE CASES,Merchandise
21980,PACK OF 12 RED RETROSPOT TISSUES,21980 | PACK OF 12 RED RETROSPOT TISSUES,Merchandise
21981,PACK OF 12 WOODLAND TISSUES,21981 | PACK OF 12 WOODLAND TISSUES,Merchandise
21982,PACK OF 12 SUKI TISSUES,21982 | PACK OF 12 SUKI TISSUES,Merchandise
21983,PACK OF 12 BLUE PAISLEY TISSUES,21983 | PACK OF 12 BLUE PAISLEY TISSUES,Merchandise
21984,PACK OF 12 PINK PAISLEY TISSUES,21984 | PACK OF 12 PINK PAISLEY TISSUES,Merchandise
21985,PACK OF 12 HEARTS DESIGN TISSUES,21985 | PACK OF 12 HEARTS DESIGN TISSUES,Merchandise
21986,PACK OF 12 PINK POLKADOT TISSUES,21986 | PACK OF 12 PINK POLKADOT TISSUES,Merchandise
21987,PACK OF 6 SKULL PAPER CUPS,21987 | PACK OF 6 SKULL PAPER CUPS,Merchandise
21988,PACK OF 6 SKULL PAPER PLATES,21988 | PACK OF 6 SKULL PAPER PLATES,Merchandise
21989,PACK OF 20 SKULL PAPER NAPKINS,21989 | PACK OF 20 SKULL PAPER NAPKINS,Merchandise
21990,MODERN FLORAL STATIONERY SET,21990 | MODERN FLORAL STATIONERY SET,Merchandise
21991,BOHEMIAN COLLAGE STATIONERY SET,21991 | BOHEMIAN COLLAGE STATIONERY SET,Merchandise
21992,VINTAGE PAISLEY STATIONERY SET,21992 | VINTAGE PAISLEY STATIONERY SET,Merchandise
21993,FLORAL FOLK STATIONERY SET,21993 | FLORAL FOLK STATIONERY SET,Merchandise
22016,Dotcomgiftshop Gift Voucher £100.00,22016 | Dotcomgiftshop Gift Voucher £100.00,Merchandise
22021,BLUE FELT EASTER EGG BASKET,22021 | BLUE FELT EASTER EGG BASKET,Merchandise
22023,EMPIRE BIRTHDAY CARD,22023 | EMPIRE BIRTHDAY CARD,Merchandise
22024,RAINY LADIES BIRTHDAY CARD,22024 | RAINY LADIES BIRTHDAY CARD,Merchandise
22025,RING OF ROSES BIRTHDAY CARD,22025 | RING OF ROSES BIRTHDAY CARD,Merchandise
22026,BANQUET BIRTHDAY  CARD,22026 | BANQUET BIRTHDAY  CARD,Merchandise
22027,TEA PARTY BIRTHDAY CARD,22027 | TEA PARTY BIRTHDAY CARD,Merchandise
22028,PENNY FARTHING BIRTHDAY CARD,22028 | PENNY FARTHING BIRTHDAY CARD,Merchandise
22029,SPACEBOY BIRTHDAY CARD,22029 | SPACEBOY BIRTHDAY CARD,Merchandise
22030,SWALLOWS GREETING CARD,22030 | SWALLOWS GREETING CARD,Merchandise
22031,BOTANICAL LAVENDER BIRTHDAY CARD,22031 | BOTANICAL LAVENDER BIRTHDAY CARD,Merchandise
22032,BOTANICAL LILY GREETING CARD,22032 | BOTANICAL LILY GREETING CARD,Merchandise
22033,BOTANICAL ROSE GREETING CARD,22033 | BOTANICAL ROSE GREETING CARD,Merchandise
22034,ROBIN CHRISTMAS CARD,22034 | ROBIN CHRISTMAS CARD,Merchandise
22035,VINTAGE CARAVAN GREETING CARD,22035 | VINTAGE CARAVAN GREETING CARD,Merchandise
22037,ROBOT BIRTHDAY CARD,22037 | ROBOT BIRTHDAY CARD,Merchandise
22038,BOTANICAL LAVENDER GIFT WRAP,22038 | BOTANICAL LAVENDER GIFT WRAP,Merchandise
22039,BOTANICAL LILY GIFT WRAP,22039 | BOTANICAL LILY GIFT WRAP,Merchandise
22040,BOTANICAL ROSE GIFT WRAP,22040 | BOTANICAL ROSE GIFT WRAP,Merchandise
22041,"RECORD FRAME 7"" SINGLE SIZE","22041 | RECORD FRAME 7"" SINGLE SIZE",Merchandise
22042,CHRISTMAS CARD SINGING ANGEL,22042 | CHRISTMAS CARD SINGING ANGEL,Merchandise
22043,CHRISTMAS CARD SCREEN PRINT,22043 | CHRISTMAS CARD SCREEN PRINT,Merchandise
22044,CHRISTMAS CARD STACK OF PRESENTS,22044 | CHRISTMAS CARD STACK OF PRESENTS,Merchandise
22045,SPACEBOY GIFT WRAP,22045 | SPACEBOY GIFT WRAP,Merchandise
22046,TEA PARTY  WRAPPING PAPER,22046 | TEA PARTY  WRAPPING PAPER,Merchandise
22047,EMPIRE GIFT WRAP,22047 | EMPIRE GIFT WRAP,Merchandise
22048,BIRTHDAY BANQUET GIFT WRAP,22048 | BIRTHDAY BANQUET GIFT WRAP,Merchandise
22049,WRAP CHRISTMAS SCREEN PRINT,22049 | WRAP CHRISTMAS SCREEN PRINT,Merchandise
22050,PINK PAISLEY ROSE GIFT WRAP,22050 | PINK PAISLEY ROSE GIFT WRAP,Merchandise
22051,BLUE SCANDINAVIAN PAISLEY WRAP,22051 | BLUE SCANDINAVIAN PAISLEY WRAP,Merchandise
22052,VINTAGE CARAVAN GIFT WRAP,22052 | VINTAGE CARAVAN GIFT WRAP,Merchandise
22053,EMPIRE DESIGN ROSETTE,22053 | EMPIRE DESIGN ROSETTE,Merchandise
22055,MINI CAKE STAND  HANGING STRAWBERY,22055 | MINI CAKE STAND  HANGING STRAWBERY,Merchandise
22057,CERAMIC PLATE STRAWBERRY DESIGN,22057 | CERAMIC PLATE STRAWBERRY DESIGN,Merchandise
22059,CERAMIC STRAWBERRY DESIGN MUG,22059 | CERAMIC STRAWBERRY DESIGN MUG,Merchandise
22060,LARGE CAKE STAND HANGING HEARTS,22060 | LARGE CAKE STAND HANGING HEARTS,Merchandise
22061,LARGE CAKE STAND  HANGING STRAWBERY,22061 | LARGE CAKE STAND  HANGING STRAWBERY,Merchandise
22062,CERAMIC BOWL WITH LOVE HEART DESIGN,22062 | CERAMIC BOWL WITH LOVE HEART DESIGN,Merchandise
22063,CERAMIC BOWL WITH STRAWBERRY DESIGN,22063 | CERAMIC BOWL WITH STRAWBERRY DESIGN,Merchandise
22064,PINK DOUGHNUT TRINKET POT,22064 | PINK DOUGHNUT TRINKET POT,Merchandise
22065,CHRISTMAS PUDDING TRINKET POT,22065 | CHRISTMAS PUDDING TRINKET POT,Merchandise
22066,LOVE HEART TRINKET POT,22066 | LOVE HEART TRINKET POT,Merchandise
22067,CHOC TRUFFLE GOLD TRINKET POT,22067 | CHOC TRUFFLE GOLD TRINKET POT,Merchandise
22068,BLACK PIRATE TREASURE CHEST,22068 | BLACK PIRATE TREASURE CHEST,Merchandise
22069,BROWN  PIRATE TREASURE CHEST,22069 | BROWN  PIRATE TREASURE CHEST,Merchandise
22070,SMALL RED RETROSPOT MUG IN BOX,22070 | SMALL RED RETROSPOT MUG IN BOX,Merchandise
22071,SMALL WHITE RETROSPOT MUG IN BOX,22071 | SMALL WHITE RETROSPOT MUG IN BOX,Merchandise
22072,RED RETROSPOT TEA CUP AND SAUCER,22072 | RED RETROSPOT TEA CUP AND SAUCER,Merchandise
22073,RED RETROSPOT STORAGE JAR,22073 | RED RETROSPOT STORAGE JAR,Merchandise
22074,6 RIBBONS SHIMMERING PINKS,22074 | 6 RIBBONS SHIMMERING PINKS,Merchandise
22075,6 RIBBONS ELEGANT CHRISTMAS,22075 | 6 RIBBONS ELEGANT CHRISTMAS,Merchandise
22076,6 RIBBONS EMPIRE,22076 | 6 RIBBONS EMPIRE,Merchandise
22077,6 RIBBONS RUSTIC CHARM,22077 | 6 RIBBONS RUSTIC CHARM,Merchandise
22078,RIBBON REEL LACE DESIGN,22078 | RIBBON REEL LACE DESIGN,Merchandise
22079,RIBBON REEL HEARTS DESIGN,22079 | RIBBON REEL HEARTS DESIGN,Merchandise
22080,RIBBON REEL POLKADOTS,22080 | RIBBON REEL POLKADOTS,Merchandise
22081,RIBBON REEL FLORA + FAUNA,22081 | RIBBON REEL FLORA + FAUNA,Merchandise
22082,RIBBON REEL STRIPES DESIGN,22082 | RIBBON REEL STRIPES DESIGN,Merchandise
22083,PAPER CHAIN KIT RETROSPOT,22083 | PAPER CHAIN KIT RETROSPOT,Merchandise
22084,PAPER CHAIN KIT EMPIRE,22084 | PAPER CHAIN KIT EMPIRE,Merchandise
22085,PAPER CHAIN KIT SKULLS,22085 | PAPER CHAIN KIT SKULLS,Merchandise
22086,PAPER CHAIN KIT 50'S CHRISTMAS,22086 | PAPER CHAIN KIT 50'S CHRISTMAS,Merchandise
22087,PAPER BUNTING WHITE LACE,22087 | PAPER BUNTING WHITE LACE,Merchandise
22088,PAPER BUNTING COLOURED LACE,22088 | PAPER BUNTING COLOURED LACE,Merchandise
22089,PAPER BUNTING VINTAGE PAISLEY,22089 | PAPER BUNTING VINTAGE PAISLEY,Merchandise
22090,PAPER BUNTING RETROSPOT,22090 | PAPER BUNTING RETROSPOT,Merchandise
22091,EMPIRE TISSUE BOX,22091 | EMPIRE TISSUE BOX,Merchandise
22092,BLUE PAISLEY TISSUE BOX,22092 | BLUE PAISLEY TISSUE BOX,Merchandise
22093,MOTORING TISSUE BOX,22093 | MOTORING TISSUE BOX,Merchandise
22094,RED RETROSPOT TISSUE BOX,22094 | RED RETROSPOT TISSUE BOX,Merchandise
22095,LADS ONLY TISSUE BOX,22095 | LADS ONLY TISSUE BOX,Merchandise
22096,PINK PAISLEY SQUARE TISSUE BOX,22096 | PINK PAISLEY SQUARE TISSUE BOX,Merchandise
22097,SWALLOW SQUARE TISSUE BOX,22097 | SWALLOW SQUARE TISSUE BOX,Merchandise
22098,BOUDOIR SQUARE TISSUE BOX,22098 | BOUDOIR SQUARE TISSUE BOX,Merchandise
22099,CARAVAN SQUARE TISSUE BOX,22099 | CARAVAN SQUARE TISSUE BOX,Merchandise
22100,SKULLS SQUARE TISSUE BOX,22100 | SKULLS SQUARE TISSUE BOX,Merchandise
22101,MIRROR MOSAIC VOTIVE HOLDER,22101 | MIRROR MOSAIC VOTIVE HOLDER,Merchandise
22102,MIRROR MOSAIC T-LIGHT HOLDER,22102 | MIRROR MOSAIC T-LIGHT HOLDER,Merchandise
22103,MIRROR MOSAIC T-LIGHT HOLDER ROUND,22103 | MIRROR MOSAIC T-LIGHT HOLDER ROUND,Merchandise
22104,MIRROR MOSAIC CANDLE PLATE,22104 | MIRROR MOSAIC CANDLE PLATE,Merchandise
22105,MIRROR MOSAIC GOBLET CANDLE HOLDER,22105 | MIRROR MOSAIC GOBLET CANDLE HOLDER,Merchandise
22106,MIRROR MOSAIC HURRICANE LAMP,22106 | MIRROR MOSAIC HURRICANE LAMP,Merchandise
22107,PIZZA PLATE IN BOX,22107 | PIZZA PLATE IN BOX,Merchandise
22108,PING! MICROWAVE PLATE,22108 | PING! MICROWAVE PLATE,Merchandise
22109,FULL ENGLISH BREAKFAST PLATE,22109 | FULL ENGLISH BREAKFAST PLATE,Merchandise
22110,BIRD HOUSE HOT WATER BOTTLE,22110 | BIRD HOUSE HOT WATER BOTTLE,Merchandise
22111,SCOTTIE DOG HOT WATER BOTTLE,22111 | SCOTTIE DOG HOT WATER BOTTLE,Merchandise
22112,CHOCOLATE HOT WATER BOTTLE,22112 | CHOCOLATE HOT WATER BOTTLE,Merchandise
22113,GREY HEART HOT WATER BOTTLE,22113 | GREY HEART HOT WATER BOTTLE,Merchandise
22114,HOT WATER BOTTLE TEA AND SYMPATHY,22114 | HOT WATER BOTTLE TEA AND SYMPATHY,Merchandise
22115,METAL SIGN EMPIRE TEA,22115 | METAL SIGN EMPIRE TEA,Merchandise
22116,METAL SIGN HIS DINNER IS SERVED,22116 | METAL SIGN HIS DINNER IS SERVED,Merchandise
22117,METAL SIGN HER DINNER IS SERVED,22117 | METAL SIGN HER DINNER IS SERVED,Merchandise
22118,JOY WOODEN BLOCK LETTERS,22118 | JOY WOODEN BLOCK LETTERS,Merchandise
22119,PEACE WOODEN BLOCK LETTERS,22119 | PEACE WOODEN BLOCK LETTERS,Merchandise
22120,WELCOME  WOODEN BLOCK LETTERS,22120 | WELCOME  WOODEN BLOCK LETTERS,Merchandise
22121,NOEL WOODEN BLOCK LETTERS,22121 | NOEL WOODEN BLOCK LETTERS,Merchandise
22123,PING MICROWAVE APRON,22123 | PING MICROWAVE APRON,Merchandise
22124,SET OF 2 TEA TOWELS PING MICROWAVE,22124 | SET OF 2 TEA TOWELS PING MICROWAVE,Merchandise
22125,UNION JACK HOT WATER BOTTLE,22125 | UNION JACK HOT WATER BOTTLE,Merchandise
22127,PARTY CONES CARNIVAL ASSORTED,22127 | PARTY CONES CARNIVAL ASSORTED,Merchandise
22128,PARTY CONES CANDY ASSORTED,22128 | PARTY CONES CANDY ASSORTED,Merchandise
22129,PARTY CONES CANDY DECORATION,22129 | PARTY CONES CANDY DECORATION,Merchandise
22130,PARTY CONE CHRISTMAS DECORATION,22130 | PARTY CONE CHRISTMAS DECORATION,Merchandise
22131,FOOD CONTAINER SET 3 LOVE HEART,22131 | FOOD CONTAINER SET 3 LOVE HEART,Merchandise
22132,RED LOVE HEART SHAPE CUP,22132 | RED LOVE HEART SHAPE CUP,Merchandise
22133,PINK LOVE HEART SHAPE CUP,22133 | PINK LOVE HEART SHAPE CUP,Merchandise
22134,MINI LADLE LOVE HEART RED,22134 | MINI LADLE LOVE HEART RED,Merchandise
22135,MINI LADLE LOVE HEART PINK,22135 | MINI LADLE LOVE HEART PINK,Merchandise
22136,LOVE HEART SOCK HANGER,22136 | LOVE HEART SOCK HANGER,Merchandise
22137,BATHROOM SET LOVE HEART DESIGN,22137 | BATHROOM SET LOVE HEART DESIGN,Merchandise
22138,BAKING SET 9 PIECE RETROSPOT,22138 | BAKING SET 9 PIECE RETROSPOT,Merchandise
22139,RETROSPOT TEA SET CERAMIC 11 PC,22139 | RETROSPOT TEA SET CERAMIC 11 PC,Merchandise
22141,CHRISTMAS CRAFT TREE TOP ANGEL,22141 | CHRISTMAS CRAFT TREE TOP ANGEL,Merchandise
22142,CHRISTMAS CRAFT WHITE FAIRY,22142 | CHRISTMAS CRAFT WHITE FAIRY,Merchandise
22144,CHRISTMAS CRAFT LITTLE FRIENDS,22144 | CHRISTMAS CRAFT LITTLE FRIENDS,Merchandise
22145,CHRISTMAS CRAFT HEART STOCKING,22145 | CHRISTMAS CRAFT HEART STOCKING,Merchandise
22146,EASTER CRAFT IVY WREATH WITH CHICK,22146 | EASTER CRAFT IVY WREATH WITH CHICK,Merchandise
22147,FELTCRAFT BUTTERFLY HEARTS,22147 | FELTCRAFT BUTTERFLY HEARTS,Merchandise
22148,EASTER CRAFT 4 CHICKS,22148 | EASTER CRAFT 4 CHICKS,Merchandise
22149,FELTCRAFT 6 FLOWER FRIENDS,22149 | FELTCRAFT 6 FLOWER FRIENDS,Merchandise
22150,3 STRIPEY MICE FELTCRAFT,22150 | 3 STRIPEY MICE FELTCRAFT,Merchandise
22151,PLACE SETTING WHITE HEART,22151 | PLACE SETTING WHITE HEART,Merchandise
22152,PLACE SETTING WHITE STAR,22152 | PLACE SETTING WHITE STAR,Merchandise
22153,ANGEL DECORATION STARS ON DRESS,22153 | ANGEL DECORATION STARS ON DRESS,Merchandise
22154,ANGEL DECORATION 3 BUTTONS,22154 | ANGEL DECORATION 3 BUTTONS,Merchandise
22155,STAR DECORATION RUSTIC,22155 | STAR DECORATION RUSTIC,Merchandise
22156,HEART DECORATION WITH PEARLS,22156 | HEART DECORATION WITH PEARLS,Merchandise
22157,ANGEL DECORATION WITH LACE PADDED,22157 | ANGEL DECORATION WITH LACE PADDED,Merchandise
22158,3 HEARTS HANGING DECORATION RUSTIC,22158 | 3 HEARTS HANGING DECORATION RUSTIC,Merchandise
22161,HEART DECORATION RUSTIC HANGING,22161 | HEART DECORATION RUSTIC HANGING,Merchandise
22162,HEART GARLAND RUSTIC PADDED,22162 | HEART GARLAND RUSTIC PADDED,Merchandise
22163,HEART STRING MEMO HOLDER HANGING,22163 | HEART STRING MEMO HOLDER HANGING,Merchandise
22164,STRING OF STARS CARD HOLDER,22164 | STRING OF STARS CARD HOLDER,Merchandise
22165,"DIAMANTE HEART SHAPED WALL MIRROR,","22165 | DIAMANTE HEART SHAPED WALL MIRROR,",Merchandise
22166,WALL MIRROR RECTANGLE DIAMANTE PINK,22166 | WALL MIRROR RECTANGLE DIAMANTE PINK,Merchandise
22167,OVAL WALL MIRROR DIAMANTE,22167 | OVAL WALL MIRROR DIAMANTE,Merchandise
22168,ORGANISER WOOD ANTIQUE WHITE,22168 | ORGANISER WOOD ANTIQUE WHITE,Merchandise
22169,FAMILY ALBUM WHITE PICTURE FRAME,22169 | FAMILY ALBUM WHITE PICTURE FRAME,Merchandise
22170,PICTURE FRAME WOOD TRIPLE PORTRAIT,22170 | PICTURE FRAME WOOD TRIPLE PORTRAIT,Merchandise
22171,3 HOOK PHOTO SHELF ANTIQUE WHITE,22171 | 3 HOOK PHOTO SHELF ANTIQUE WHITE,Merchandise
22173,METAL 4 HOOK HANGER FRENCH CHATEAU,22173 | METAL 4 HOOK HANGER FRENCH CHATEAU,Merchandise
22174,PHOTO CUBE,22174 | PHOTO CUBE,Merchandise
22175,PINK OWL SOFT TOY,22175 | PINK OWL SOFT TOY,Merchandise
22176,BLUE OWL SOFT TOY,22176 | BLUE OWL SOFT TOY,Merchandise
22178,VICTORIAN GLASS HANGING T-LIGHT,22178 | VICTORIAN GLASS HANGING T-LIGHT,Merchandise
22179,SET 10 NIGHT OWL LIGHTS,22179 | SET 10 NIGHT OWL LIGHTS,Merchandise
22180,RETROSPOT LAMP,22180 | RETROSPOT LAMP,Merchandise
22181,SNOWSTORM PHOTO FRAME FRIDGE MAGNET,22181 | SNOWSTORM PHOTO FRAME FRIDGE MAGNET,Merchandise
22182,CAKE STAND VICTORIAN FILIGREE SMALL,22182 | CAKE STAND VICTORIAN FILIGREE SMALL,Merchandise
22183,CAKE STAND VICTORIAN FILIGREE MED,22183 | CAKE STAND VICTORIAN FILIGREE MED,Merchandise
22184,CAKE STAND VICTORIAN FILIGREE LARGE,22184 | CAKE STAND VICTORIAN FILIGREE LARGE,Merchandise
22185,SLATE TILE NATURAL HANGING,22185 | SLATE TILE NATURAL HANGING,Merchandise
22186,RED STAR CARD HOLDER,22186 | RED STAR CARD HOLDER,Merchandise
22187,GREEN CHRISTMAS TREE CARD HOLDER,22187 | GREEN CHRISTMAS TREE CARD HOLDER,Merchandise
22188,BLACK HEART CARD HOLDER,22188 | BLACK HEART CARD HOLDER,Merchandise
22189,CREAM HEART CARD HOLDER,22189 | CREAM HEART CARD HOLDER,Merchandise
22190,LOCAL CAFE MUG,22190 | LOCAL CAFE MUG,Merchandise
22191,IVORY DINER WALL CLOCK,22191 | IVORY DINER WALL CLOCK,Merchandise
22192,BLUE DINER WALL CLOCK,22192 | BLUE DINER WALL CLOCK,Merchandise
22193,RED DINER WALL CLOCK,22193 | RED DINER WALL CLOCK,Merchandise
22194,BLACK DINER WALL CLOCK,22194 | BLACK DINER WALL CLOCK,Merchandise
22195,LARGE HEART MEASURING SPOONS,22195 | LARGE HEART MEASURING SPOONS,Merchandise
22196,SMALL HEART MEASURING SPOONS,22196 | SMALL HEART MEASURING SPOONS,Merchandise
22197,POPCORN HOLDER,22197 | POPCORN HOLDER,Merchandise
22198,LARGE POPCORN HOLDER,22198 | LARGE POPCORN HOLDER,Merchandise
22199,FRYING PAN RED RETROSPOT,22199 | FRYING PAN RED RETROSPOT,Merchandise
22200,FRYING PAN PINK POLKADOT,22200 | FRYING PAN PINK POLKADOT,Merchandise
22201,FRYING PAN BLUE POLKADOT,22201 | FRYING PAN BLUE POLKADOT,Merchandise
22202,MILK PAN PINK POLKADOT,22202 | MILK PAN PINK POLKADOT,Merchandise
22203,MILK PAN RED RETROSPOT,22203 | MILK PAN RED RETROSPOT,Merchandise
22204,MILK PAN BLUE POLKADOT,22204 | MILK PAN BLUE POLKADOT,Merchandise
22206,"MUG , DOTCOMGIFTSHOP.COM","22206 | MUG , DOTCOMGIFTSHOP.COM",Merchandise
22207,FRYING PAN UNION FLAG,22207 | FRYING PAN UNION FLAG,Merchandise
22208,WOOD STAMP SET THANK YOU,22208 | WOOD STAMP SET THANK YOU,Merchandise
22209,WOOD STAMP SET HAPPY BIRTHDAY,22209 | WOOD STAMP SET HAPPY BIRTHDAY,Merchandise
22210,WOOD STAMP SET BEST WISHES,22210 | WOOD STAMP SET BEST WISHES,Merchandise
22211,WOOD STAMP SET FLOWERS,22211 | WOOD STAMP SET FLOWERS,Merchandise
22212,FOUR HOOK  WHITE LOVEBIRDS,22212 | FOUR HOOK  WHITE LOVEBIRDS,Merchandise
22214,CANDLE PLATE LACE WHITE,22214 | CANDLE PLATE LACE WHITE,Merchandise
22215,CAKE STAND WHITE TWO TIER LACE,22215 | CAKE STAND WHITE TWO TIER LACE,Merchandise
22216,T-LIGHT HOLDER WHITE LACE,22216 | T-LIGHT HOLDER WHITE LACE,Merchandise
22217,T-LIGHT HOLDER HANGING LACE,22217 | T-LIGHT HOLDER HANGING LACE,Merchandise
22218,CAKE STAND LACE WHITE,22218 | CAKE STAND LACE WHITE,Merchandise
22219,LOVEBIRD HANGING DECORATION WHITE,22219 | LOVEBIRD HANGING DECORATION WHITE,Merchandise
22220,CAKE STAND LOVEBIRD 2 TIER WHITE,22220 | CAKE STAND LOVEBIRD 2 TIER WHITE,Merchandise
22221,CAKE STAND LOVEBIRD 2 TIER PINK,22221 | CAKE STAND LOVEBIRD 2 TIER PINK,Merchandise
22222,CAKE PLATE LOVEBIRD WHITE,22222 | CAKE PLATE LOVEBIRD WHITE,Merchandise
22223,CAKE PLATE LOVEBIRD PINK,22223 | CAKE PLATE LOVEBIRD PINK,Merchandise
22224,WHITE LOVEBIRD LANTERN,22224 | WHITE LOVEBIRD LANTERN,Merchandise
22227,HANGING HEART MIRROR DECORATION,22227 | HANGING HEART MIRROR DECORATION,Merchandise
22228,BUNNY WOODEN PAINTED WITH BIRD,22228 | BUNNY WOODEN PAINTED WITH BIRD,Merchandise
22229,BUNNY WOODEN PAINTED WITH FLOWER,22229 | BUNNY WOODEN PAINTED WITH FLOWER,Merchandise
22230,JIGSAW TREE WITH WATERING CAN,22230 | JIGSAW TREE WITH WATERING CAN,Merchandise
22231,JIGSAW TREE WITH BIRDHOUSE,22231 | JIGSAW TREE WITH BIRDHOUSE,Merchandise
22232,JIGSAW TOADSTOOLS 3 PIECE,22232 | JIGSAW TOADSTOOLS 3 PIECE,Merchandise
22233,JIGSAW RABBIT AND BIRDHOUSE,22233 | JIGSAW RABBIT AND BIRDHOUSE,Merchandise
22236,CAKE STAND 3 TIER MAGIC GARDEN,22236 | CAKE STAND 3 TIER MAGIC GARDEN,Merchandise
22241,GARLAND WOODEN HAPPY EASTER,22241 | GARLAND WOODEN HAPPY EASTER,Merchandise
22242,5 HOOK HANGER MAGIC TOADSTOOL,22242 | 5 HOOK HANGER MAGIC TOADSTOOL,Merchandise
22243,5 HOOK HANGER RED MAGIC TOADSTOOL,22243 | 5 HOOK HANGER RED MAGIC TOADSTOOL,Merchandise
22244,3 HOOK HANGER MAGIC GARDEN,22244 | 3 HOOK HANGER MAGIC GARDEN,Merchandise
22245,"HOOK, 1 HANGER ,MAGIC GARDEN","22245 | HOOK, 1 HANGER ,MAGIC GARDEN",Merchandise
22246,MAGIC GARDEN FELT GARLAND,22246 | MAGIC GARDEN FELT GARLAND,Merchandise
22247,BUNNY DECORATION MAGIC GARDEN,22247 | BUNNY DECORATION MAGIC GARDEN,Merchandise
22248,DECORATION  PINK CHICK MAGIC GARDEN,22248 | DECORATION  PINK CHICK MAGIC GARDEN,Merchandise
22249,DECORATION WHITE CHICK MAGIC GARDEN,22249 | DECORATION WHITE CHICK MAGIC GARDEN,Merchandise
22250,DECORATION  BUTTERFLY  MAGIC GARDEN,22250 | DECORATION  BUTTERFLY  MAGIC GARDEN,Merchandise
22251,BIRDHOUSE DECORATION MAGIC GARDEN,22251 | BIRDHOUSE DECORATION MAGIC GARDEN,Merchandise
22252,BIRDCAGE DECORATION TEALIGHT HOLDER,22252 | BIRDCAGE DECORATION TEALIGHT HOLDER,Merchandise
22254,FELT TOADSTOOL LARGE,22254 | FELT TOADSTOOL LARGE,Merchandise
22255,FELT TOADSTOOL  SMALL,22255 | FELT TOADSTOOL  SMALL,Merchandise
22256,FELT FARM ANIMAL CHICKEN,22256 | FELT FARM ANIMAL CHICKEN,Merchandise
22257,FELT FARM ANIMAL SHEEP,22257 | FELT FARM ANIMAL SHEEP,Merchandise
22258,FELT FARM ANIMAL RABBIT,22258 | FELT FARM ANIMAL RABBIT,Merchandise
22259,FELT FARM ANIMAL HEN,22259 | FELT FARM ANIMAL HEN,Merchandise
22260,FELT EGG COSY BLUE RABBIT,22260 | FELT EGG COSY BLUE RABBIT,Merchandise
22261,FELT EGG COSY WHITE RABBIT,22261 | FELT EGG COSY WHITE RABBIT,Merchandise
22262,FELT EGG COSY CHICKEN,22262 | FELT EGG COSY CHICKEN,Merchandise
22263,FELT EGG COSY LADYBIRD,22263 | FELT EGG COSY LADYBIRD,Merchandise
22264,FELT FARM ANIMAL WHITE BUNNY,22264 | FELT FARM ANIMAL WHITE BUNNY,Merchandise
22265,EASTER DECORATION NATURAL CHICK,22265 | EASTER DECORATION NATURAL CHICK,Merchandise
22266,EASTER DECORATION HANGING BUNNY,22266 | EASTER DECORATION HANGING BUNNY,Merchandise
22267,EASTER DECORATION EGG BUNNY,22267 | EASTER DECORATION EGG BUNNY,Merchandise
22268,DECORATION SITTING BUNNY,22268 | DECORATION SITTING BUNNY,Merchandise
22269,EGG CUP NATURAL CHICKEN,22269 | EGG CUP NATURAL CHICKEN,Merchandise
22270,HAPPY EASTER HANGING DECORATION,22270 | HAPPY EASTER HANGING DECORATION,Merchandise
22271,FELTCRAFT DOLL ROSIE,22271 | FELTCRAFT DOLL ROSIE,Merchandise
22272,FELTCRAFT DOLL MARIA,22272 | FELTCRAFT DOLL MARIA,Merchandise
22273,FELTCRAFT DOLL MOLLY,22273 | FELTCRAFT DOLL MOLLY,Merchandise
22274,FELTCRAFT DOLL EMILY,22274 | FELTCRAFT DOLL EMILY,Merchandise
22275,WEEKEND BAG VINTAGE ROSE PAISLEY,22275 | WEEKEND BAG VINTAGE ROSE PAISLEY,Merchandise
22276,WASH BAG VINTAGE ROSE PAISLEY,22276 | WASH BAG VINTAGE ROSE PAISLEY,Merchandise
22277,COSMETIC BAG VINTAGE ROSE PAISLEY,22277 | COSMETIC BAG VINTAGE ROSE PAISLEY,Merchandise
22278,OVERNIGHT BAG VINTAGE ROSE PAISLEY,22278 | OVERNIGHT BAG VINTAGE ROSE PAISLEY,Merchandise
22279,POCKET BAG BLUE PAISLEY RED SPOT,22279 | POCKET BAG BLUE PAISLEY RED SPOT,Merchandise
22280,POCKET BAG PINK PAISELY BROWN SPOT,22280 | POCKET BAG PINK PAISELY BROWN SPOT,Merchandise
22281,EASTER TREE YELLOW BIRDS,22281 | EASTER TREE YELLOW BIRDS,Merchandise
22282,12 EGG HOUSE PAINTED WOOD,22282 | 12 EGG HOUSE PAINTED WOOD,Merchandise
22283,6 EGG HOUSE PAINTED WOOD,22283 | 6 EGG HOUSE PAINTED WOOD,Merchandise
22284,HEN HOUSE DECORATION,22284 | HEN HOUSE DECORATION,Merchandise
22285,HANGING HEN ON NEST DECORATION,22285 | HANGING HEN ON NEST DECORATION,Merchandise
22286,DECORATION WOBBLY RABBIT METAL,22286 | DECORATION WOBBLY RABBIT METAL,Merchandise
22287,DECORATION WOBBLY CHICKEN,22287 | DECORATION WOBBLY CHICKEN,Merchandise
22288,HANGING METAL RABBIT DECORATION,22288 | HANGING METAL RABBIT DECORATION,Merchandise
22289,HANGING METAL CHICKEN DECORATION,22289 | HANGING METAL CHICKEN DECORATION,Merchandise
22291,HANGING CHICK CREAM DECORATION,22291 | HANGING CHICK CREAM DECORATION,Merchandise
22292,HANGING CHICK  YELLOW DECORATION,22292 | HANGING CHICK  YELLOW DECORATION,Merchandise
22293,HANGING CHICK GREEN DECORATION,22293 | HANGING CHICK GREEN DECORATION,Merchandise
22294,HEART FILIGREE DOVE  SMALL,22294 | HEART FILIGREE DOVE  SMALL,Merchandise
22295,HEART FILIGREE DOVE LARGE,22295 | HEART FILIGREE DOVE LARGE,Merchandise
22296,HEART IVORY TRELLIS LARGE,22296 | HEART IVORY TRELLIS LARGE,Merchandise
22297,HEART IVORY TRELLIS SMALL,22297 | HEART IVORY TRELLIS SMALL,Merchandise
22299,PIG KEYRING WITH LIGHT & SOUND,22299 | PIG KEYRING WITH LIGHT & SOUND,Merchandise
22300,COFFEE MUG DOG + BALL DESIGN,22300 | COFFEE MUG DOG + BALL DESIGN,Merchandise
22301,COFFEE MUG CAT + BIRD DESIGN,22301 | COFFEE MUG CAT + BIRD DESIGN,Merchandise
22302,COFFEE MUG PEARS  DESIGN,22302 | COFFEE MUG PEARS  DESIGN,Merchandise
22303,COFFEE MUG APPLES DESIGN,22303 | COFFEE MUG APPLES DESIGN,Merchandise
22304,COFFEE MUG BLUE PAISLEY DESIGN,22304 | COFFEE MUG BLUE PAISLEY DESIGN,Merchandise
22305,COFFEE MUG PINK PAISLEY DESIGN,22305 | COFFEE MUG PINK PAISLEY DESIGN,Merchandise
22306,SILVER MUG BONE CHINA TREE OF LIFE,22306 | SILVER MUG BONE CHINA TREE OF LIFE,Merchandise
22307,GOLD MUG BONE CHINA TREE OF LIFE,22307 | GOLD MUG BONE CHINA TREE OF LIFE,Merchandise
22308,TEA COSY BLUE STRIPE,22308 | TEA COSY BLUE STRIPE,Merchandise
22309,TEA COSY RED  STRIPE,22309 | TEA COSY RED  STRIPE,Merchandise
22310,IVORY KNITTED MUG COSY,22310 | IVORY KNITTED MUG COSY,Merchandise
22311,OFFICE MUG WARMER BLACK+SILVER,22311 | OFFICE MUG WARMER BLACK+SILVER,Merchandise
22312,OFFICE MUG WARMER POLKADOT,22312 | OFFICE MUG WARMER POLKADOT,Merchandise
22313,OFFICE MUG WARMER PINK,22313 | OFFICE MUG WARMER PINK,Merchandise
22314,OFFICE MUG WARMER CHOC+BLUE,22314 | OFFICE MUG WARMER CHOC+BLUE,Merchandise
22315,200 RED + WHITE BENDY STRAWS,22315 | 200 RED + WHITE BENDY STRAWS,Merchandise
22316,200 BENDY SKULL STRAWS,22316 | 200 BENDY SKULL STRAWS,Merchandise
22317,FIVE CATS HANGING DECORATION,22317 | FIVE CATS HANGING DECORATION,Merchandise
22318,FIVE HEART HANGING DECORATION,22318 | FIVE HEART HANGING DECORATION,Merchandise
22319,HAIRCLIPS FORTIES FABRIC ASSORTED,22319 | HAIRCLIPS FORTIES FABRIC ASSORTED,Merchandise
22320,BIRDS MOBILE VINTAGE DESIGN,22320 | BIRDS MOBILE VINTAGE DESIGN,Merchandise
22321,BIRD DECORATION RED RETROSPOT,22321 | BIRD DECORATION RED RETROSPOT,Merchandise
22322,BIRD DECORATION GREEN POLKADOT,22322 | BIRD DECORATION GREEN POLKADOT,Merchandise
22323,PINK POLKADOT KIDS BAG,22323 | PINK POLKADOT KIDS BAG,Merchandise
22324,BLUE POLKADOT KIDS BAG,22324 | BLUE POLKADOT KIDS BAG,Merchandise
22325,MOBILE VINTAGE HEARTS,22325 | MOBILE VINTAGE HEARTS,Merchandise
22326,ROUND SNACK BOXES SET OF4 WOODLAND,22326 | ROUND SNACK BOXES SET OF4 WOODLAND,Merchandise
22327,ROUND SNACK BOXES SET OF 4 SKULLS,22327 | ROUND SNACK BOXES SET OF 4 SKULLS,Merchandise
22328,ROUND SNACK BOXES SET OF 4 FRUITS,22328 | ROUND SNACK BOXES SET OF 4 FRUITS,Merchandise
22329,ROUND CONTAINER SET OF 5 RETROSPOT,22329 | ROUND CONTAINER SET OF 5 RETROSPOT,Merchandise
22331,WOODLAND PARTY BAG + STICKER SET,22331 | WOODLAND PARTY BAG + STICKER SET,Merchandise
22332,SKULLS PARTY BAG + STICKER SET,22332 | SKULLS PARTY BAG + STICKER SET,Merchandise
22333,RETROSPOT PARTY BAG + STICKER SET,22333 | RETROSPOT PARTY BAG + STICKER SET,Merchandise
22334,DINOSAUR PARTY BAG + STICKER SET,22334 | DINOSAUR PARTY BAG + STICKER SET,Merchandise
22335,HEART DECORATION PAINTED ZINC,22335 | HEART DECORATION PAINTED ZINC,Merchandise
22336,DOVE DECORATION PAINTED ZINC,22336 | DOVE DECORATION PAINTED ZINC,Merchandise
22337,ANGEL DECORATION PAINTED ZINC,22337 | ANGEL DECORATION PAINTED ZINC,Merchandise
22338,STAR DECORATION PAINTED ZINC,22338 | STAR DECORATION PAINTED ZINC,Merchandise
22339,CHRISTMAS TREE PAINTED ZINC,22339 | CHRISTMAS TREE PAINTED ZINC,Merchandise
22340,NOEL GARLAND PAINTED ZINC,22340 | NOEL GARLAND PAINTED ZINC,Merchandise
22341,LOVE GARLAND PAINTED ZINC,22341 | LOVE GARLAND PAINTED ZINC,Merchandise
22342,HOME GARLAND PAINTED ZINC,22342 | HOME GARLAND PAINTED ZINC,Merchandise
22343,PARTY PIZZA DISH RED RETROSPOT,22343 | PARTY PIZZA DISH RED RETROSPOT,Merchandise
22344,PARTY PIZZA DISH PINK POLKADOT,22344 | PARTY PIZZA DISH PINK POLKADOT,Merchandise
22345,PARTY PIZZA DISH BLUE POLKADOT,22345 | PARTY PIZZA DISH BLUE POLKADOT,Merchandise
22346,PARTY PIZZA DISH GREEN POLKADOT,22346 | PARTY PIZZA DISH GREEN POLKADOT,Merchandise
22348,TEA BAG PLATE RED RETROSPOT,22348 | TEA BAG PLATE RED RETROSPOT,Merchandise
22349,DOG BOWL CHASING BALL DESIGN,22349 | DOG BOWL CHASING BALL DESIGN,Merchandise
22350,ILLUSTRATED CAT BOWL,22350 | ILLUSTRATED CAT BOWL,Merchandise
22351,DOTCOMGIFTSHOP TEA TOWEL,22351 | DOTCOMGIFTSHOP TEA TOWEL,Merchandise
22352,LUNCH BOX WITH CUTLERY RETROSPOT,22352 | LUNCH BOX WITH CUTLERY RETROSPOT,Merchandise
22353,LUNCH BOX WITH CUTLERY FAIRY CAKES,22353 | LUNCH BOX WITH CUTLERY FAIRY CAKES,Merchandise
22354,RETROSPOT PADDED SEAT CUSHION,22354 | RETROSPOT PADDED SEAT CUSHION,Merchandise
22355,CHARLOTTE BAG SUKI DESIGN,22355 | CHARLOTTE BAG SUKI DESIGN,Merchandise
22356,CHARLOTTE BAG PINK POLKADOT,22356 | CHARLOTTE BAG PINK POLKADOT,Merchandise
22357,KINGS CHOICE BISCUIT TIN,22357 | KINGS CHOICE BISCUIT TIN,Merchandise
22358,KINGS CHOICE TEA CADDY,22358 | KINGS CHOICE TEA CADDY,Merchandise
22359,GLASS JAR KINGS CHOICE,22359 | GLASS JAR KINGS CHOICE,Merchandise
22360,GLASS JAR ENGLISH CONFECTIONERY,22360 | GLASS JAR ENGLISH CONFECTIONERY,Merchandise
22361,GLASS JAR DAISY FRESH COTTON WOOL,22361 | GLASS JAR DAISY FRESH COTTON WOOL,Merchandise
22362,GLASS JAR PEACOCK BATH SALTS,22362 | GLASS JAR PEACOCK BATH SALTS,Merchandise
22363,GLASS JAR MARMALADE,22363 | GLASS JAR MARMALADE,Merchandise
22364,GLASS JAR DIGESTIVE BISCUITS,22364 | GLASS JAR DIGESTIVE BISCUITS,Merchandise
22365,DOORMAT RESPECTABLE HOUSE,22365 | DOORMAT RESPECTABLE HOUSE,Merchandise
22366,DOORMAT AIRMAIL,22366 | DOORMAT AIRMAIL,Merchandise
22367,CHILDRENS APRON SPACEBOY DESIGN,22367 | CHILDRENS APRON SPACEBOY DESIGN,Merchandise
22371,AIRLINE BAG VINTAGE TOKYO 78,22371 | AIRLINE BAG VINTAGE TOKYO 78,Merchandise
22372,AIRLINE BAG VINTAGE WORLD CHAMPION,22372 | AIRLINE BAG VINTAGE WORLD CHAMPION,Merchandise
22374,AIRLINE BAG VINTAGE JET SET RED,22374 | AIRLINE BAG VINTAGE JET SET RED,Merchandise
22375,AIRLINE BAG VINTAGE JET SET BROWN,22375 | AIRLINE BAG VINTAGE JET SET BROWN,Merchandise
22376,AIRLINE BAG VINTAGE JET SET WHITE,22376 | AIRLINE BAG VINTAGE JET SET WHITE,Merchandise
22377,BOTTLE BAG RETROSPOT,22377 | BOTTLE BAG RETROSPOT,Merchandise
22378,WALL TIDY RETROSPOT,22378 | WALL TIDY RETROSPOT,Merchandise
22379,RECYCLING BAG RETROSPOT,22379 | RECYCLING BAG RETROSPOT,Merchandise
22380,TOY TIDY SPACEBOY,22380 | TOY TIDY SPACEBOY,Merchandise
22381,TOY TIDY PINK POLKADOT,22381 | TOY TIDY PINK POLKADOT,Merchandise
22382,LUNCH BAG SPACEBOY DESIGN,22382 | LUNCH BAG SPACEBOY DESIGN,Merchandise
22383,LUNCH BAG SUKI DESIGN,22383 | LUNCH BAG SUKI DESIGN,Merchandise
22384,LUNCH BAG PINK POLKADOT,22384 | LUNCH BAG PINK POLKADOT,Merchandise
22385,JUMBO BAG SPACEBOY DESIGN,22385 | JUMBO BAG SPACEBOY DESIGN,Merchandise
22386,JUMBO BAG PINK POLKADOT,22386 | JUMBO BAG PINK POLKADOT,Merchandise
22389,PAPERWEIGHT SAVE THE PLANET,22389 | PAPERWEIGHT SAVE THE PLANET,Merchandise
22390,PAPERWEIGHT CHILDHOOD MEMORIES,22390 | PAPERWEIGHT CHILDHOOD MEMORIES,Merchandise
22391,PAPERWEIGHT HOME SWEET HOME,22391 | PAPERWEIGHT HOME SWEET HOME,Merchandise
22393,PAPERWEIGHT VINTAGE COLLAGE,22393 | PAPERWEIGHT VINTAGE COLLAGE,Merchandise
22394,PAPERWEIGHT KINGS CHOICE,22394 | PAPERWEIGHT KINGS CHOICE,Merchandise
22395,PAPERWEIGHT VINTAGE PAISLEY,22395 | PAPERWEIGHT VINTAGE PAISLEY,Merchandise
22396,MAGNETS PACK OF 4 RETRO PHOTO,22396 | MAGNETS PACK OF 4 RETRO PHOTO,Merchandise
22398,MAGNETS PACK OF 4 SWALLOWS,22398 | MAGNETS PACK OF 4 SWALLOWS,Merchandise
22399,MAGNETS PACK OF 4 CHILDHOOD MEMORY,22399 | MAGNETS PACK OF 4 CHILDHOOD MEMORY,Merchandise
22400,MAGNETS PACK OF 4 HOME SWEET HOME,22400 | MAGNETS PACK OF 4 HOME SWEET HOME,Merchandise
22402,MAGNETS PACK OF 4 VINTAGE COLLAGE,22402 | MAGNETS PACK OF 4 VINTAGE COLLAGE,Merchandise
22403,MAGNETS PACK OF 4 VINTAGE LABELS,22403 | MAGNETS PACK OF 4 VINTAGE LABELS,Merchandise
22405,MONEY BOX POCKET MONEY DESIGN,22405 | MONEY BOX POCKET MONEY DESIGN,Merchandise
22406,MONEY BOX KINGS CHOICE DESIGN,22406 | MONEY BOX KINGS CHOICE DESIGN,Merchandise
22407,MONEY BOX FIRST ADE DESIGN,22407 | MONEY BOX FIRST ADE DESIGN,Merchandise
22408,MONEY BOX CONFECTIONERY DESIGN,22408 | MONEY BOX CONFECTIONERY DESIGN,Merchandise
22409,MONEY BOX BISCUITS DESIGN,22409 | MONEY BOX BISCUITS DESIGN,Merchandise
22410,MONEY BOX HOUSEKEEPING DESIGN,22410 | MONEY BOX HOUSEKEEPING DESIGN,Merchandise
22411,JUMBO SHOPPER VINTAGE RED PAISLEY,22411 | JUMBO SHOPPER VINTAGE RED PAISLEY,Merchandise
22412,METAL SIGN NEIGHBOURHOOD WITCH,22412 | METAL SIGN NEIGHBOURHOOD WITCH,Merchandise
22413,METAL SIGN TAKE IT OR LEAVE IT,22413 | METAL SIGN TAKE IT OR LEAVE IT,Merchandise
22414,DOORMAT NEIGHBOURHOOD WITCH,22414 | DOORMAT NEIGHBOURHOOD WITCH,Merchandise
22415,WHITE TISSUE REAM,22415 | WHITE TISSUE REAM,Merchandise
22416,SET OF 36 DOILIES SPACEBOY DESIGN,22416 | SET OF 36 DOILIES SPACEBOY DESIGN,Merchandise
22417,PACK OF 60 SPACEBOY CAKE CASES,22417 | PACK OF 60 SPACEBOY CAKE CASES,Merchandise
22418,10 COLOUR SPACEBOY PEN,22418 | 10 COLOUR SPACEBOY PEN,Merchandise
22419,LIPSTICK PEN RED,22419 | LIPSTICK PEN RED,Merchandise
22420,LIPSTICK PEN BABY PINK,22420 | LIPSTICK PEN BABY PINK,Merchandise
22421,LIPSTICK PEN FUSCHIA,22421 | LIPSTICK PEN FUSCHIA,Merchandise
22422,TOOTHPASTE TUBE PEN,22422 | TOOTHPASTE TUBE PEN,Merchandise
22423,REGENCY CAKESTAND 3 TIER,22423 | REGENCY CAKESTAND 3 TIER,Merchandise
22424,ENAMEL BREAD BIN CREAM,22424 | ENAMEL BREAD BIN CREAM,Merchandise
22425,ENAMEL COLANDER CREAM,22425 | ENAMEL COLANDER CREAM,Merchandise
22426,ENAMEL WASH BOWL CREAM,22426 | ENAMEL WASH BOWL CREAM,Merchandise
22427,ENAMEL FLOWER JUG CREAM,22427 | ENAMEL FLOWER JUG CREAM,Merchandise
22428,ENAMEL FIRE BUCKET CREAM,22428 | ENAMEL FIRE BUCKET CREAM,Merchandise
22429,ENAMEL MEASURING JUG CREAM,22429 | ENAMEL MEASURING JUG CREAM,Merchandise
22430,ENAMEL WATERING CAN CREAM,22430 | ENAMEL WATERING CAN CREAM,Merchandise
22431,WATERING CAN BLUE ELEPHANT,22431 | WATERING CAN BLUE ELEPHANT,Merchandise
22432,WATERING CAN PINK BUNNY,22432 | WATERING CAN PINK BUNNY,Merchandise
22433,WATERING CAN GREEN DINOSAUR,22433 | WATERING CAN GREEN DINOSAUR,Merchandise
22434,BALLOON PUMP WITH 10 BALLOONS,22434 | BALLOON PUMP WITH 10 BALLOONS,Merchandise
22435,SET OF 9 HEART SHAPED BALLOONS,22435 | SET OF 9 HEART SHAPED BALLOONS,Merchandise
22436,12 COLOURED PARTY BALLOONS,22436 | 12 COLOURED PARTY BALLOONS,Merchandise
22437,SET OF 9 BLACK SKULL BALLOONS,22437 | SET OF 9 BLACK SKULL BALLOONS,Merchandise
22438,BALLOON ART MAKE YOUR OWN FLOWERS,22438 | BALLOON ART MAKE YOUR OWN FLOWERS,Merchandise
22439,6 ROCKET BALLOONS,22439 | 6 ROCKET BALLOONS,Merchandise
22440,BALLOON WATER BOMB PACK OF 35,22440 | BALLOON WATER BOMB PACK OF 35,Merchandise
22441,GROW YOUR OWN BASIL IN ENAMEL MUG,22441 | GROW YOUR OWN BASIL IN ENAMEL MUG,Merchandise
22442,GROW YOUR OWN FLOWERS SET OF 3,22442 | GROW YOUR OWN FLOWERS SET OF 3,Merchandise
22443,GROW YOUR OWN HERBS SET OF 3,22443 | GROW YOUR OWN HERBS SET OF 3,Merchandise
22444,GROW YOUR OWN PLANT IN A CAN,22444 | GROW YOUR OWN PLANT IN A CAN,Merchandise
22445,PENCIL CASE LIFE IS BEAUTIFUL,22445 | PENCIL CASE LIFE IS BEAUTIFUL,Merchandise
22446,PIN CUSHION BABUSHKA PINK,22446 | PIN CUSHION BABUSHKA PINK,Merchandise
22447,PIN CUSHION BABUSHKA BLUE,22447 | PIN CUSHION BABUSHKA BLUE,Merchandise
22448,PIN CUSHION BABUSHKA RED,22448 | PIN CUSHION BABUSHKA RED,Merchandise
22449,SILK PURSE BABUSHKA PINK,22449 | SILK PURSE BABUSHKA PINK,Merchandise
22450,SILK PURSE BABUSHKA BLUE,22450 | SILK PURSE BABUSHKA BLUE,Merchandise
22451,SILK PURSE BABUSHKA RED,22451 | SILK PURSE BABUSHKA RED,Merchandise
22452,MEASURING TAPE BABUSHKA PINK,22452 | MEASURING TAPE BABUSHKA PINK,Merchandise
22453,MEASURING TAPE BABUSHKA BLUE,22453 | MEASURING TAPE BABUSHKA BLUE,Merchandise
22454,MEASURING TAPE BABUSHKA RED,22454 | MEASURING TAPE BABUSHKA RED,Merchandise
22456,NATURAL SLATE CHALKBOARD LARGE,22456 | NATURAL SLATE CHALKBOARD LARGE,Merchandise
22457,NATURAL SLATE HEART CHALKBOARD,22457 | NATURAL SLATE HEART CHALKBOARD,Merchandise
22458,CAST IRON HOOK GARDEN FORK,22458 | CAST IRON HOOK GARDEN FORK,Merchandise
22459,CAST IRON HOOK GARDEN TROWEL,22459 | CAST IRON HOOK GARDEN TROWEL,Merchandise
22460,EMBOSSED GLASS TEALIGHT HOLDER,22460 | EMBOSSED GLASS TEALIGHT HOLDER,Merchandise
22461,SAVOY ART DECO CLOCK,22461 | SAVOY ART DECO CLOCK,Merchandise
22464,HANGING METAL HEART LANTERN,22464 | HANGING METAL HEART LANTERN,Merchandise
22465,HANGING METAL STAR LANTERN,22465 | HANGING METAL STAR LANTERN,Merchandise
22466,FAIRY TALE COTTAGE NIGHT LIGHT,22466 | FAIRY TALE COTTAGE NIGHT LIGHT,Merchandise
22467,GUMBALL COAT RACK,22467 | GUMBALL COAT RACK,Merchandise
22468,BABUSHKA LIGHTS STRING OF 10,22468 | BABUSHKA LIGHTS STRING OF 10,Merchandise
22469,HEART OF WICKER SMALL,22469 | HEART OF WICKER SMALL,Merchandise
22470,HEART OF WICKER LARGE,22470 | HEART OF WICKER LARGE,Merchandise
22471,TV DINNER TRAY AIR HOSTESS,22471 | TV DINNER TRAY AIR HOSTESS,Merchandise
22472,TV DINNER TRAY DOLLY GIRL,22472 | TV DINNER TRAY DOLLY GIRL,Merchandise
22473,TV DINNER TRAY VINTAGE PAISLEY,22473 | TV DINNER TRAY VINTAGE PAISLEY,Merchandise
22474,SPACEBOY TV DINNER TRAY,22474 | SPACEBOY TV DINNER TRAY,Merchandise
22475,SKULL DESIGN TV DINNER TRAY,22475 | SKULL DESIGN TV DINNER TRAY,Merchandise
22476,EMPIRE UNION JACK TV DINNER TRAY,22476 | EMPIRE UNION JACK TV DINNER TRAY,Merchandise
22477,WATERING CAN GARDEN MARKER,22477 | WATERING CAN GARDEN MARKER,Merchandise
22478,BIRDHOUSE GARDEN MARKER,22478 | BIRDHOUSE GARDEN MARKER,Merchandise
22479,DAISY GARDEN MARKER,22479 | DAISY GARDEN MARKER,Merchandise
22480,RED TEA TOWEL CLASSIC DESIGN,22480 | RED TEA TOWEL CLASSIC DESIGN,Merchandise
22481,BLACK TEA TOWEL CLASSIC DESIGN,22481 | BLACK TEA TOWEL CLASSIC DESIGN,Merchandise
22482,BLUE TEA TOWEL CLASSIC DESIGN,22482 | BLUE TEA TOWEL CLASSIC DESIGN,Merchandise
22483,RED GINGHAM TEDDY BEAR,22483 | RED GINGHAM TEDDY BEAR,Merchandise
22485,SET OF 2 WOODEN MARKET CRATES,22485 | SET OF 2 WOODEN MARKET CRATES,Merchandise
22486,PLASMATRONIC LAMP,22486 | PLASMATRONIC LAMP,Merchandise
22487,WHITE WOOD GARDEN PLANT LADDER,22487 | WHITE WOOD GARDEN PLANT LADDER,Merchandise
22488,NATURAL SLATE RECTANGLE CHALKBOARD,22488 | NATURAL SLATE RECTANGLE CHALKBOARD,Merchandise
22489,PACK OF 12 TRADITIONAL CRAYONS,22489 | PACK OF 12 TRADITIONAL CRAYONS,Merchandise
22491,PACK OF 12 COLOURED PENCILS,22491 | PACK OF 12 COLOURED PENCILS,Merchandise
22492,MINI PAINT SET VINTAGE,22492 | MINI PAINT SET VINTAGE,Merchandise
22493,PAINT YOUR OWN CANVAS SET,22493 | PAINT YOUR OWN CANVAS SET,Merchandise
22494,EMERGENCY FIRST AID TIN,22494 | EMERGENCY FIRST AID TIN,Merchandise
22495,SET OF 2 ROUND TINS CAMEMBERT,22495 | SET OF 2 ROUND TINS CAMEMBERT,Merchandise
22496,SET OF 2 ROUND TINS DUTCH CHEESE,22496 | SET OF 2 ROUND TINS DUTCH CHEESE,Merchandise
22497,SET OF 2 TINS VINTAGE BATHROOM,22497 | SET OF 2 TINS VINTAGE BATHROOM,Merchandise
22498,WOODEN REGATTA BUNTING,22498 | WOODEN REGATTA BUNTING,Merchandise
22499,WOODEN UNION JACK BUNTING,22499 | WOODEN UNION JACK BUNTING,Merchandise
22500,SET OF 2 TINS JARDIN DE PROVENCE,22500 | SET OF 2 TINS JARDIN DE PROVENCE,Merchandise
22501,PICNIC BASKET WICKER LARGE,22501 | PICNIC BASKET WICKER LARGE,Merchandise
22502,PICNIC BASKET WICKER SMALL,22502 | PICNIC BASKET WICKER SMALL,Merchandise
22503,CABIN BAG VINTAGE PAISLEY,22503 | CABIN BAG VINTAGE PAISLEY,Merchandise
22504,CABIN BAG VINTAGE RETROSPOT,22504 | CABIN BAG VINTAGE RETROSPOT,Merchandise
22505,MEMO BOARD COTTAGE DESIGN,22505 | MEMO BOARD COTTAGE DESIGN,Merchandise
22507,MEMO BOARD RETROSPOT  DESIGN,22507 | MEMO BOARD RETROSPOT  DESIGN,Merchandise
22508,DOORSTOP RETROSPOT HEART,22508 | DOORSTOP RETROSPOT HEART,Merchandise
22509,SEWING BOX RETROSPOT DESIGN,22509 | SEWING BOX RETROSPOT DESIGN,Merchandise
22510,GINGHAM BABUSHKA DOORSTOP,22510 | GINGHAM BABUSHKA DOORSTOP,Merchandise
22511,RETROSPOT BABUSHKA DOORSTOP,22511 | RETROSPOT BABUSHKA DOORSTOP,Merchandise
22512,DOORSTOP RACING CAR DESIGN,22512 | DOORSTOP RACING CAR DESIGN,Merchandise
22513,DOORSTOP FOOTBALL DESIGN,22513 | DOORSTOP FOOTBALL DESIGN,Merchandise
22514,CHILDS GARDEN SPADE BLUE,22514 | CHILDS GARDEN SPADE BLUE,Merchandise
22515,CHILDS GARDEN SPADE PINK,22515 | CHILDS GARDEN SPADE PINK,Merchandise
22516,CHILDS GARDEN RAKE BLUE,22516 | CHILDS GARDEN RAKE BLUE,Merchandise
22517,CHILDS GARDEN RAKE PINK,22517 | CHILDS GARDEN RAKE PINK,Merchandise
22518,CHILDS GARDEN BRUSH BLUE,22518 | CHILDS GARDEN BRUSH BLUE,Merchandise
22519,CHILDS GARDEN BRUSH PINK,22519 | CHILDS GARDEN BRUSH PINK,Merchandise
22520,CHILDS GARDEN TROWEL BLUE,22520 | CHILDS GARDEN TROWEL BLUE,Merchandise
22521,CHILDS GARDEN TROWEL PINK,22521 | CHILDS GARDEN TROWEL PINK,Merchandise
22522,CHILDS GARDEN FORK BLUE,22522 | CHILDS GARDEN FORK BLUE,Merchandise
22523,CHILDS GARDEN FORK PINK,22523 | CHILDS GARDEN FORK PINK,Merchandise
22524,CHILDRENS GARDEN GLOVES BLUE,22524 | CHILDRENS GARDEN GLOVES BLUE,Merchandise
22525,CHILDRENS GARDEN GLOVES PINK,22525 | CHILDRENS GARDEN GLOVES PINK,Merchandise
22526,WHEELBARROW FOR CHILDREN,22526 | WHEELBARROW FOR CHILDREN,Merchandise
22528,GARDENERS KNEELING PAD,22528 | GARDENERS KNEELING PAD,Merchandise
22529,MAGIC DRAWING SLATE GO TO THE FAIR,22529 | MAGIC DRAWING SLATE GO TO THE FAIR,Merchandise
22530,MAGIC DRAWING SLATE DOLLY GIRL,22530 | MAGIC DRAWING SLATE DOLLY GIRL,Merchandise
22531,MAGIC DRAWING SLATE CIRCUS PARADE,22531 | MAGIC DRAWING SLATE CIRCUS PARADE,Merchandise
22532,MAGIC DRAWING SLATE LEAP FROG,22532 | MAGIC DRAWING SLATE LEAP FROG,Merchandise
22533,MAGIC DRAWING SLATE BAKE A CAKE,22533 | MAGIC DRAWING SLATE BAKE A CAKE,Merchandise
22534,MAGIC DRAWING SLATE SPACEBOY,22534 | MAGIC DRAWING SLATE SPACEBOY,Merchandise
22535,MAGIC DRAWING SLATE BUNNIES,22535 | MAGIC DRAWING SLATE BUNNIES,Merchandise
22536,MAGIC DRAWING SLATE PURDEY,22536 | MAGIC DRAWING SLATE PURDEY,Merchandise
22537,MAGIC DRAWING SLATE DINOSAUR,22537 | MAGIC DRAWING SLATE DINOSAUR,Merchandise
22538,MINI JIGSAW GO TO THE FAIR,22538 | MINI JIGSAW GO TO THE FAIR,Merchandise
22539,MINI JIGSAW DOLLY GIRL,22539 | MINI JIGSAW DOLLY GIRL,Merchandise
22540,MINI JIGSAW CIRCUS PARADE,22540 | MINI JIGSAW CIRCUS PARADE,Merchandise
22541,MINI JIGSAW LEAP FROG,22541 | MINI JIGSAW LEAP FROG,Merchandise
22543,MINI JIGSAW BAKE A CAKE,22543 | MINI JIGSAW BAKE A CAKE,Merchandise
22544,MINI JIGSAW SPACEBOY,22544 | MINI JIGSAW SPACEBOY,Merchandise
22545,MINI JIGSAW BUNNIES,22545 | MINI JIGSAW BUNNIES,Merchandise
22546,MINI JIGSAW PURDEY,22546 | MINI JIGSAW PURDEY,Merchandise
22547,MINI JIGSAW DINOSAUR,22547 | MINI JIGSAW DINOSAUR,Merchandise
22548,HEADS AND TAILS SPORTING FUN,22548 | HEADS AND TAILS SPORTING FUN,Merchandise
22549,PICTURE DOMINOES,22549 | PICTURE DOMINOES,Merchandise
22550,HOLIDAY FUN LUDO,22550 | HOLIDAY FUN LUDO,Merchandise
22551,PLASTERS IN TIN SPACEBOY,22551 | PLASTERS IN TIN SPACEBOY,Merchandise
22553,PLASTERS IN TIN SKULLS,22553 | PLASTERS IN TIN SKULLS,Merchandise
22554,PLASTERS IN TIN WOODLAND ANIMALS,22554 | PLASTERS IN TIN WOODLAND ANIMALS,Merchandise
22555,PLASTERS IN TIN STRONGMAN,22555 | PLASTERS IN TIN STRONGMAN,Merchandise
22556,PLASTERS IN TIN CIRCUS PARADE,22556 | PLASTERS IN TIN CIRCUS PARADE,Merchandise
22557,PLASTERS IN TIN VINTAGE PAISLEY,22557 | PLASTERS IN TIN VINTAGE PAISLEY,Merchandise
22558,CLOTHES PEGS RETROSPOT PACK 24,22558 | CLOTHES PEGS RETROSPOT PACK 24,Merchandise
22559,SEASIDE FLYING DISC,22559 | SEASIDE FLYING DISC,Merchandise
22560,TRADITIONAL MODELLING CLAY,22560 | TRADITIONAL MODELLING CLAY,Merchandise
22561,WOODEN SCHOOL COLOURING SET,22561 | WOODEN SCHOOL COLOURING SET,Merchandise
22562,MONSTERS STENCIL CRAFT,22562 | MONSTERS STENCIL CRAFT,Merchandise
22563,HAPPY STENCIL CRAFT,22563 | HAPPY STENCIL CRAFT,Merchandise
22564,ALPHABET STENCIL CRAFT,22564 | ALPHABET STENCIL CRAFT,Merchandise
22565,FELTCRAFT HAIRBANDS PINK AND WHITE,22565 | FELTCRAFT HAIRBANDS PINK AND WHITE,Merchandise
22566,FELTCRAFT HAIRBAND PINK AND PURPLE,22566 | FELTCRAFT HAIRBAND PINK AND PURPLE,Merchandise
22567,20 DOLLY PEGS RETROSPOT,22567 | 20 DOLLY PEGS RETROSPOT,Merchandise
22568,FELTCRAFT CUSHION OWL,22568 | FELTCRAFT CUSHION OWL,Merchandise
22569,FELTCRAFT CUSHION BUTTERFLY,22569 | FELTCRAFT CUSHION BUTTERFLY,Merchandise
22570,FELTCRAFT CUSHION RABBIT,22570 | FELTCRAFT CUSHION RABBIT,Merchandise
22571,ROCKING HORSE RED CHRISTMAS,22571 | ROCKING HORSE RED CHRISTMAS,Merchandise
22572,ROCKING HORSE GREEN CHRISTMAS,22572 | ROCKING HORSE GREEN CHRISTMAS,Merchandise
22573,STAR WOODEN CHRISTMAS DECORATION,22573 | STAR WOODEN CHRISTMAS DECORATION,Merchandise
22574,HEART WOODEN CHRISTMAS DECORATION,22574 | HEART WOODEN CHRISTMAS DECORATION,Merchandise
22575,METAL MERRY CHRISTMAS WREATH,22575 | METAL MERRY CHRISTMAS WREATH,Merchandise
22576,SWALLOW WOODEN CHRISTMAS DECORATION,22576 | SWALLOW WOODEN CHRISTMAS DECORATION,Merchandise
22577,WOODEN HEART CHRISTMAS SCANDINAVIAN,22577 | WOODEN HEART CHRISTMAS SCANDINAVIAN,Merchandise
22578,WOODEN STAR CHRISTMAS SCANDINAVIAN,22578 | WOODEN STAR CHRISTMAS SCANDINAVIAN,Merchandise
22579,WOODEN TREE CHRISTMAS SCANDINAVIAN,22579 | WOODEN TREE CHRISTMAS SCANDINAVIAN,Merchandise
22580,ADVENT CALENDAR GINGHAM SACK,22580 | ADVENT CALENDAR GINGHAM SACK,Merchandise
22581,WOOD STOCKING CHRISTMAS SCANDISPOT,22581 | WOOD STOCKING CHRISTMAS SCANDISPOT,Merchandise
22582,PACK OF 6 SWEETIE GIFT BOXES,22582 | PACK OF 6 SWEETIE GIFT BOXES,Merchandise
22583,PACK OF 6 HANDBAG GIFT BOXES,22583 | PACK OF 6 HANDBAG GIFT BOXES,Merchandise
22584,PACK OF 6 PANNETONE GIFT BOXES,22584 | PACK OF 6 PANNETONE GIFT BOXES,Merchandise
22585,PACK OF 6 BIRDY GIFT TAGS,22585 | PACK OF 6 BIRDY GIFT TAGS,Merchandise
22586,FELTCRAFT HAIRBAND PINK AND BLUE,22586 | FELTCRAFT HAIRBAND PINK AND BLUE,Merchandise
22587,FELTCRAFT HAIRBAND RED AND BLUE,22587 | FELTCRAFT HAIRBAND RED AND BLUE,Merchandise
22588,CARD HOLDER GINGHAM HEART,22588 | CARD HOLDER GINGHAM HEART,Merchandise
22589,CARDHOLDER GINGHAM STAR,22589 | CARDHOLDER GINGHAM STAR,Merchandise
22591,CARDHOLDER GINGHAM CHRISTMAS TREE,22591 | CARDHOLDER GINGHAM CHRISTMAS TREE,Merchandise
22592,CARDHOLDER HOLLY WREATH METAL,22592 | CARDHOLDER HOLLY WREATH METAL,Merchandise
22593,CHRISTMAS GINGHAM STAR,22593 | CHRISTMAS GINGHAM STAR,Merchandise
22594,CHRISTMAS GINGHAM TREE,22594 | CHRISTMAS GINGHAM TREE,Merchandise
22595,GINGHAM HEART DECORATION,22595 | GINGHAM HEART DECORATION,Merchandise
22596,CHRISTMAS STAR WISH LIST CHALKBOARD,22596 | CHRISTMAS STAR WISH LIST CHALKBOARD,Merchandise
22597,MUSICAL ZINC HEART DECORATION,22597 | MUSICAL ZINC HEART DECORATION,Merchandise
22598,CHRISTMAS MUSICAL ZINC TREE,22598 | CHRISTMAS MUSICAL ZINC TREE,Merchandise
22599,CHRISTMAS MUSICAL ZINC STAR,22599 | CHRISTMAS MUSICAL ZINC STAR,Merchandise
22600,CHRISTMAS RETROSPOT STAR WOOD,22600 | CHRISTMAS RETROSPOT STAR WOOD,Merchandise
22601,CHRISTMAS RETROSPOT ANGEL WOOD,22601 | CHRISTMAS RETROSPOT ANGEL WOOD,Merchandise
22602,RETROSPOT WOODEN HEART DECORATION,22602 | RETROSPOT WOODEN HEART DECORATION,Merchandise
22603,CHRISTMAS RETROSPOT TREE WOOD,22603 | CHRISTMAS RETROSPOT TREE WOOD,Merchandise
22604,SET OF 4 NAPKIN CHARMS CUTLERY,22604 | SET OF 4 NAPKIN CHARMS CUTLERY,Merchandise
22605,WOODEN CROQUET GARDEN SET,22605 | WOODEN CROQUET GARDEN SET,Merchandise
22606,WOODEN SKITTLES GARDEN SET,22606 | WOODEN SKITTLES GARDEN SET,Merchandise
22607,WOODEN ROUNDERS GARDEN SET,22607 | WOODEN ROUNDERS GARDEN SET,Merchandise
22608,PENS ASSORTED FUNKY JEWELED,22608 | PENS ASSORTED FUNKY JEWELED,Merchandise
22609,PENS ASSORTED SPACEBALL,22609 | PENS ASSORTED SPACEBALL,Merchandise
22610,PENS ASSORTED FUNNY FACE,22610 | PENS ASSORTED FUNNY FACE,Merchandise
22611,VINTAGE UNION JACK SHOPPING BAG,22611 | VINTAGE UNION JACK SHOPPING BAG,Merchandise
22613,PACK OF 20 SPACEBOY NAPKINS,22613 | PACK OF 20 SPACEBOY NAPKINS,Merchandise
22614,PACK OF 12 SPACEBOY TISSUES,22614 | PACK OF 12 SPACEBOY TISSUES,Merchandise
22615,PACK OF 12 CIRCUS PARADE TISSUES,22615 | PACK OF 12 CIRCUS PARADE TISSUES,Merchandise
22616,PACK OF 12 LONDON TISSUES,22616 | PACK OF 12 LONDON TISSUES,Merchandise
22617,BAKING SET SPACEBOY DESIGN,22617 | BAKING SET SPACEBOY DESIGN,Merchandise
22618,COOKING SET RETROSPOT,22618 | COOKING SET RETROSPOT,Merchandise
22619,SET OF 6 SOLDIER SKITTLES,22619 | SET OF 6 SOLDIER SKITTLES,Merchandise
22620,4 TRADITIONAL SPINNING TOPS,22620 | 4 TRADITIONAL SPINNING TOPS,Merchandise
22621,TRADITIONAL KNITTING NANCY,22621 | TRADITIONAL KNITTING NANCY,Merchandise
22622,BOX OF VINTAGE ALPHABET BLOCKS,22622 | BOX OF VINTAGE ALPHABET BLOCKS,Merchandise
22623,BOX OF VINTAGE JIGSAW BLOCKS,22623 | BOX OF VINTAGE JIGSAW BLOCKS,Merchandise
22624,IVORY KITCHEN SCALES,22624 | IVORY KITCHEN SCALES,Merchandise
22625,RED KITCHEN SCALES,22625 | RED KITCHEN SCALES,Merchandise
22626,BLACK KITCHEN SCALES,22626 | BLACK KITCHEN SCALES,Merchandise
22627,MINT KITCHEN SCALES,22627 | MINT KITCHEN SCALES,Merchandise
22628,PICNIC BOXES SET OF 3 RETROSPOT,22628 | PICNIC BOXES SET OF 3 RETROSPOT,Merchandise
22629,SPACEBOY LUNCH BOX,22629 | SPACEBOY LUNCH BOX,Merchandise
22630,DOLLY GIRL LUNCH BOX,22630 | DOLLY GIRL LUNCH BOX,Merchandise
22631,CIRCUS PARADE LUNCH BOX,22631 | CIRCUS PARADE LUNCH BOX,Merchandise
22632,HAND WARMER RED RETROSPOT,22632 | HAND WARMER RED RETROSPOT,Merchandise
22633,HAND WARMER UNION JACK,22633 | HAND WARMER UNION JACK,Merchandise
22634,CHILDS BREAKFAST SET SPACEBOY,22634 | CHILDS BREAKFAST SET SPACEBOY,Merchandise
22635,CHILDS BREAKFAST SET DOLLY GIRL,22635 | CHILDS BREAKFAST SET DOLLY GIRL,Merchandise
22636,CHILDS BREAKFAST SET CIRCUS PARADE,22636 | CHILDS BREAKFAST SET CIRCUS PARADE,Merchandise
22637,PIGGY BANK RETROSPOT,22637 | PIGGY BANK RETROSPOT,Merchandise
22638,SET OF 4 NAPKIN CHARMS CROWNS,22638 | SET OF 4 NAPKIN CHARMS CROWNS,Merchandise
22639,SET OF 4 NAPKIN CHARMS HEARTS,22639 | SET OF 4 NAPKIN CHARMS HEARTS,Merchandise
22640,SET OF 4 NAPKIN CHARMS 3 KEYS,22640 | SET OF 4 NAPKIN CHARMS 3 KEYS,Merchandise
22641,SET OF 4 NAPKIN CHARMS INSTRUMENT,22641 | SET OF 4 NAPKIN CHARMS INSTRUMENT,Merchandise
22642,SET OF 4 NAPKIN CHARMS STARS,22642 | SET OF 4 NAPKIN CHARMS STARS,Merchandise
22643,SET OF 4 NAPKIN CHARMS LEAVES,22643 | SET OF 4 NAPKIN CHARMS LEAVES,Merchandise
22644,CERAMIC CHERRY CAKE MONEY BANK,22644 | CERAMIC CHERRY CAKE MONEY BANK,Merchandise
22645,CERAMIC HEART FAIRY CAKE MONEY BANK,22645 | CERAMIC HEART FAIRY CAKE MONEY BANK,Merchandise
22646,CERAMIC STRAWBERRY CAKE MONEY BANK,22646 | CERAMIC STRAWBERRY CAKE MONEY BANK,Merchandise
22647,CERAMIC LOVE HEART MONEY BANK,22647 | CERAMIC LOVE HEART MONEY BANK,Merchandise
22649,STRAWBERRY FAIRY CAKE TEAPOT,22649 | STRAWBERRY FAIRY CAKE TEAPOT,Merchandise
22650,CERAMIC PIRATE CHEST MONEY BANK,22650 | CERAMIC PIRATE CHEST MONEY BANK,Merchandise
22651,GENTLEMAN SHIRT REPAIR KIT,22651 | GENTLEMAN SHIRT REPAIR KIT,Merchandise
22652,TRAVEL SEWING KIT,22652 | TRAVEL SEWING KIT,Merchandise
22653,BUTTON BOX,22653 | BUTTON BOX,Merchandise
22654,DELUXE SEWING KIT,22654 | DELUXE SEWING KIT,Merchandise
22655,VINTAGE RED KITCHEN CABINET,22655 | VINTAGE RED KITCHEN CABINET,Merchandise
22656,VINTAGE BLUE KITCHEN CABINET,22656 | VINTAGE BLUE KITCHEN CABINET,Merchandise
22659,LUNCH BOX I LOVE LONDON,22659 | LUNCH BOX I LOVE LONDON,Merchandise
22660,DOORMAT I LOVE LONDON,22660 | DOORMAT I LOVE LONDON,Merchandise
22661,CHARLOTTE BAG DOLLY GIRL DESIGN,22661 | CHARLOTTE BAG DOLLY GIRL DESIGN,Merchandise
22662,LUNCH BAG DOLLY GIRL DESIGN,22662 | LUNCH BAG DOLLY GIRL DESIGN,Merchandise
22663,JUMBO BAG DOLLY GIRL DESIGN,22663 | JUMBO BAG DOLLY GIRL DESIGN,Merchandise
22664,TOY TIDY DOLLY GIRL DESIGN,22664 | TOY TIDY DOLLY GIRL DESIGN,Merchandise
22665,RECIPE BOX BLUE SKETCHBOOK DESIGN,22665 | RECIPE BOX BLUE SKETCHBOOK DESIGN,Merchandise
22666,RECIPE BOX PANTRY YELLOW DESIGN,22666 | RECIPE BOX PANTRY YELLOW DESIGN,Merchandise
22667,RECIPE BOX RETROSPOT,22667 | RECIPE BOX RETROSPOT,Merchandise
22668,PINK BABY BUNTING,22668 | PINK BABY BUNTING,Merchandise
22669,RED BABY BUNTING,22669 | RED BABY BUNTING,Merchandise
22670,FRENCH WC SIGN BLUE METAL,22670 | FRENCH WC SIGN BLUE METAL,Merchandise
22671,FRENCH LAUNDRY SIGN BLUE METAL,22671 | FRENCH LAUNDRY SIGN BLUE METAL,Merchandise
22672,FRENCH BATHROOM SIGN BLUE METAL,22672 | FRENCH BATHROOM SIGN BLUE METAL,Merchandise
22673,FRENCH GARDEN SIGN BLUE METAL,22673 | FRENCH GARDEN SIGN BLUE METAL,Merchandise
22674,FRENCH TOILET SIGN BLUE METAL,22674 | FRENCH TOILET SIGN BLUE METAL,Merchandise
22675,FRENCH KITCHEN SIGN BLUE METAL,22675 | FRENCH KITCHEN SIGN BLUE METAL,Merchandise
22676,FRENCH BLUE METAL DOOR SIGN 1,22676 | FRENCH BLUE METAL DOOR SIGN 1,Merchandise
22677,FRENCH BLUE METAL DOOR SIGN 2,22677 | FRENCH BLUE METAL DOOR SIGN 2,Merchandise
22678,FRENCH BLUE METAL DOOR SIGN 3,22678 | FRENCH BLUE METAL DOOR SIGN 3,Merchandise
22679,FRENCH BLUE METAL DOOR SIGN 4,22679 | FRENCH BLUE METAL DOOR SIGN 4,Merchandise
22680,FRENCH BLUE METAL DOOR SIGN 5,22680 | FRENCH BLUE METAL DOOR SIGN 5,Merchandise
22681,FRENCH BLUE METAL DOOR SIGN 6,22681 | FRENCH BLUE METAL DOOR SIGN 6,Merchandise
22682,FRENCH BLUE METAL DOOR SIGN 7,22682 | FRENCH BLUE METAL DOOR SIGN 7,Merchandise
22683,FRENCH BLUE METAL DOOR SIGN 8,22683 | FRENCH BLUE METAL DOOR SIGN 8,Merchandise
22684,FRENCH BLUE METAL DOOR SIGN 9,22684 | FRENCH BLUE METAL DOOR SIGN 9,Merchandise
22685,FRENCH BLUE METAL DOOR SIGN 0,22685 | FRENCH BLUE METAL DOOR SIGN 0,Merchandise
22686,FRENCH BLUE METAL DOOR SIGN No,22686 | FRENCH BLUE METAL DOOR SIGN No,Merchandise
22687,DOORMAT CHRISTMAS VILLAGE,22687 | DOORMAT CHRISTMAS VILLAGE,Merchandise
22688,DOORMAT PEACE ON EARTH BLUE,22688 | DOORMAT PEACE ON EARTH BLUE,Merchandise
22689,DOORMAT MERRY CHRISTMAS RED,22689 | DOORMAT MERRY CHRISTMAS RED,Merchandise
22690,DOORMAT HOME SWEET HOME BLUE,22690 | DOORMAT HOME SWEET HOME BLUE,Merchandise
22691,DOORMAT WELCOME SUNRISE,22691 | DOORMAT WELCOME SUNRISE,Merchandise
22692,DOORMAT WELCOME TO OUR HOME,22692 | DOORMAT WELCOME TO OUR HOME,Merchandise
22693,GROW A FLYTRAP OR SUNFLOWER IN TIN,22693 | GROW A FLYTRAP OR SUNFLOWER IN TIN,Merchandise
22694,WICKER STAR,22694 | WICKER STAR,Merchandise
22695,WICKER WREATH SMALL,22695 | WICKER WREATH SMALL,Merchandise
22696,WICKER WREATH LARGE,22696 | WICKER WREATH LARGE,Merchandise
22697,GREEN REGENCY TEACUP AND SAUCER,22697 | GREEN REGENCY TEACUP AND SAUCER,Merchandise
22698,PINK REGENCY TEACUP AND SAUCER,22698 | PINK REGENCY TEACUP AND SAUCER,Merchandise
22699,ROSES REGENCY TEACUP AND SAUCER,22699 | ROSES REGENCY TEACUP AND SAUCER,Merchandise
22700,BLACK AND WHITE DOG BOWL,22700 | BLACK AND WHITE DOG BOWL,Merchandise
22701,PINK DOG BOWL,22701 | PINK DOG BOWL,Merchandise
22702,BLACK AND WHITE CAT BOWL,22702 | BLACK AND WHITE CAT BOWL,Merchandise
22703,PINK CAT BOWL,22703 | PINK CAT BOWL,Merchandise
22704,WRAP RED APPLES,22704 | WRAP RED APPLES,Merchandise
22705,WRAP GREEN PEARS,22705 | WRAP GREEN PEARS,Merchandise
22706,WRAP COWBOYS,22706 | WRAP COWBOYS,Merchandise
22707,WRAP MONSTER FUN,22707 | WRAP MONSTER FUN,Merchandise
22708,WRAP DOLLY GIRL,22708 | WRAP DOLLY GIRL,Merchandise
22709,WRAP WEDDING DAY,22709 | WRAP WEDDING DAY,Merchandise
22710,WRAP I LOVE LONDON,22710 | WRAP I LOVE LONDON,Merchandise
22711,WRAP CIRCUS PARADE,22711 | WRAP CIRCUS PARADE,Merchandise
22712,CARD DOLLY GIRL,22712 | CARD DOLLY GIRL,Merchandise
22713,CARD I LOVE LONDON,22713 | CARD I LOVE LONDON,Merchandise
22714,CARD BIRTHDAY COWBOY,22714 | CARD BIRTHDAY COWBOY,Merchandise
22715,CARD WEDDING DAY,22715 | CARD WEDDING DAY,Merchandise
22716,CARD CIRCUS PARADE,22716 | CARD CIRCUS PARADE,Merchandise
22717,CARD DOG AND BALL,22717 | CARD DOG AND BALL,Merchandise
22718,CARD CAT AND TREE,22718 | CARD CAT AND TREE,Merchandise
22719,GUMBALL MONOCHROME COAT RACK,22719 | GUMBALL MONOCHROME COAT RACK,Merchandise
22720,SET OF 3 CAKE TINS PANTRY DESIGN,22720 | SET OF 3 CAKE TINS PANTRY DESIGN,Merchandise
22721,SET OF 3 CAKE TINS SKETCHBOOK,22721 | SET OF 3 CAKE TINS SKETCHBOOK,Merchandise
22722,SET OF 6 SPICE TINS PANTRY DESIGN,22722 | SET OF 6 SPICE TINS PANTRY DESIGN,Merchandise
22723,SET OF 6 HERB TINS SKETCHBOOK,22723 | SET OF 6 HERB TINS SKETCHBOOK,Merchandise
22725,ALARM CLOCK BAKELIKE CHOCOLATE,22725 | ALARM CLOCK BAKELIKE CHOCOLATE,Merchandise
22726,ALARM CLOCK BAKELIKE GREEN,22726 | ALARM CLOCK BAKELIKE GREEN,Merchandise
22727,ALARM CLOCK BAKELIKE RED,22727 | ALARM CLOCK BAKELIKE RED,Merchandise
22728,ALARM CLOCK BAKELIKE PINK,22728 | ALARM CLOCK BAKELIKE PINK,Merchandise
22729,ALARM CLOCK BAKELIKE ORANGE,22729 | ALARM CLOCK BAKELIKE ORANGE,Merchandise
22730,ALARM CLOCK BAKELIKE IVORY,22730 | ALARM CLOCK BAKELIKE IVORY,Merchandise
22731,3D CHRISTMAS STAMPS STICKERS,22731 | 3D CHRISTMAS STAMPS STICKERS,Merchandise
22732,3D VINTAGE CHRISTMAS STICKERS,22732 | 3D VINTAGE CHRISTMAS STICKERS,Merchandise
22733,3D TRADITIONAL CHRISTMAS STICKERS,22733 | 3D TRADITIONAL CHRISTMAS STICKERS,Merchandise
22734,SET OF 6 RIBBONS VINTAGE CHRISTMAS,22734 | SET OF 6 RIBBONS VINTAGE CHRISTMAS,Merchandise
22735,RIBBON REEL SOCKS AND MITTENS,22735 | RIBBON REEL SOCKS AND MITTENS,Merchandise
22736,RIBBON REEL MAKING SNOWMEN,22736 | RIBBON REEL MAKING SNOWMEN,Merchandise
22737,RIBBON REEL CHRISTMAS PRESENT,22737 | RIBBON REEL CHRISTMAS PRESENT,Merchandise
22738,RIBBON REEL SNOWY VILLAGE,22738 | RIBBON REEL SNOWY VILLAGE,Merchandise
22739,RIBBON REEL CHRISTMAS SOCK BAUBLE,22739 | RIBBON REEL CHRISTMAS SOCK BAUBLE,Merchandise
22740,POLKADOT PEN,22740 | POLKADOT PEN,Merchandise
22741,FUNKY DIVA PEN,22741 | FUNKY DIVA PEN,Merchandise
22742,MAKE YOUR OWN PLAYTIME CARD KIT,22742 | MAKE YOUR OWN PLAYTIME CARD KIT,Merchandise
22743,MAKE YOUR OWN FLOWERPOWER CARD KIT,22743 | MAKE YOUR OWN FLOWERPOWER CARD KIT,Merchandise
22744,MAKE YOUR OWN MONSOON CARD KIT,22744 | MAKE YOUR OWN MONSOON CARD KIT,Merchandise
22745,POPPY'S PLAYHOUSE BEDROOM,22745 | POPPY'S PLAYHOUSE BEDROOM,Merchandise
22746,POPPY'S PLAYHOUSE LIVINGROOM,22746 | POPPY'S PLAYHOUSE LIVINGROOM,Merchandise
22747,POPPY'S PLAYHOUSE BATHROOM,22747 | POPPY'S PLAYHOUSE BATHROOM,Merchandise
22748,POPPY'S PLAYHOUSE KITCHEN,22748 | POPPY'S PLAYHOUSE KITCHEN,Merchandise
22749,FELTCRAFT PRINCESS CHARLOTTE DOLL,22749 | FELTCRAFT PRINCESS CHARLOTTE DOLL,Merchandise
22750,FELTCRAFT PRINCESS LOLA DOLL,22750 | FELTCRAFT PRINCESS LOLA DOLL,Merchandise
22751,FELTCRAFT PRINCESS OLIVIA DOLL,22751 | FELTCRAFT PRINCESS OLIVIA DOLL,Merchandise
22752,SET 7 BABUSHKA NESTING BOXES,22752 | SET 7 BABUSHKA NESTING BOXES,Merchandise
22753,SMALL YELLOW BABUSHKA NOTEBOOK,22753 | SMALL YELLOW BABUSHKA NOTEBOOK,Merchandise
22754,SMALL RED BABUSHKA NOTEBOOK,22754 | SMALL RED BABUSHKA NOTEBOOK,Merchandise
22755,SMALL PURPLE BABUSHKA NOTEBOOK,22755 | SMALL PURPLE BABUSHKA NOTEBOOK,Merchandise
22756,LARGE YELLOW BABUSHKA NOTEBOOK,22756 | LARGE YELLOW BABUSHKA NOTEBOOK,Merchandise
22757,LARGE RED BABUSHKA NOTEBOOK,22757 | LARGE RED BABUSHKA NOTEBOOK,Merchandise
22758,LARGE PURPLE BABUSHKA NOTEBOOK,22758 | LARGE PURPLE BABUSHKA NOTEBOOK,Merchandise
22759,SET OF 3 NOTEBOOKS IN PARCEL,22759 | SET OF 3 NOTEBOOKS IN PARCEL,Merchandise
22760,"TRAY, BREAKFAST IN BED","22760 | TRAY, BREAKFAST IN BED",Merchandise
22761,CHEST 7 DRAWER MA CAMPAGNE,22761 | CHEST 7 DRAWER MA CAMPAGNE,Merchandise
22762,CUPBOARD 3 DRAWER MA CAMPAGNE,22762 | CUPBOARD 3 DRAWER MA CAMPAGNE,Merchandise
22763,KEY CABINET MA CAMPAGNE,22763 | KEY CABINET MA CAMPAGNE,Merchandise
22764,"RUSTIC WOODEN CABINET, GLASS DOORS","22764 | RUSTIC WOODEN CABINET, GLASS DOORS",Merchandise
22765,NEWSPAPER STAND,22765 | NEWSPAPER STAND,Merchandise
22766,PHOTO FRAME CORNICE,22766 | PHOTO FRAME CORNICE,Merchandise
22767,TRIPLE PHOTO FRAME CORNICE,22767 | TRIPLE PHOTO FRAME CORNICE,Merchandise
22768,FAMILY PHOTO FRAME CORNICE,22768 | FAMILY PHOTO FRAME CORNICE,Merchandise
22769,CHALKBOARD KITCHEN ORGANISER,22769 | CHALKBOARD KITCHEN ORGANISER,Merchandise
22770,MIRROR CORNICE,22770 | MIRROR CORNICE,Merchandise
22771,CLEAR DRAWER KNOB ACRYLIC EDWARDIAN,22771 | CLEAR DRAWER KNOB ACRYLIC EDWARDIAN,Merchandise
22772,PINK DRAWER KNOB ACRYLIC EDWARDIAN,22772 | PINK DRAWER KNOB ACRYLIC EDWARDIAN,Merchandise
22773,GREEN DRAWER KNOB ACRYLIC EDWARDIAN,22773 | GREEN DRAWER KNOB ACRYLIC EDWARDIAN,Merchandise
22774,RED DRAWER KNOB ACRYLIC EDWARDIAN,22774 | RED DRAWER KNOB ACRYLIC EDWARDIAN,Merchandise
22775,PURPLE DRAWERKNOB ACRYLIC EDWARDIAN,22775 | PURPLE DRAWERKNOB ACRYLIC EDWARDIAN,Merchandise
22776,SWEETHEART CAKESTAND 3 TIER,22776 | SWEETHEART CAKESTAND 3 TIER,Merchandise
22777,GLASS CLOCHE LARGE,22777 | GLASS CLOCHE LARGE,Merchandise
22778,GLASS CLOCHE SMALL,22778 | GLASS CLOCHE SMALL,Merchandise
22779,WOODEN OWLS LIGHT GARLAND,22779 | WOODEN OWLS LIGHT GARLAND,Merchandise
22780,LIGHT GARLAND BUTTERFILES PINK,22780 | LIGHT GARLAND BUTTERFILES PINK,Merchandise
22781,GUMBALL MAGAZINE RACK,22781 | GUMBALL MAGAZINE RACK,Merchandise
22782,SET 3 WICKER STORAGE BASKETS,22782 | SET 3 WICKER STORAGE BASKETS,Merchandise
22783,SET 3 WICKER OVAL BASKETS W LIDS,22783 | SET 3 WICKER OVAL BASKETS W LIDS,Merchandise
22784,LANTERN CREAM GAZEBO,22784 | LANTERN CREAM GAZEBO,Merchandise
22785,SQUARECUSHION COVER PINK UNION JACK,22785 | SQUARECUSHION COVER PINK UNION JACK,Merchandise
22786,CUSHION COVER PINK UNION JACK,22786 | CUSHION COVER PINK UNION JACK,Merchandise
22788,BROCANTE COAT RACK,22788 | BROCANTE COAT RACK,Merchandise
22789,T-LIGHT HOLDER SWEETHEART HANGING,22789 | T-LIGHT HOLDER SWEETHEART HANGING,Merchandise
22791,T-LIGHT GLASS FLUTED ANTIQUE,22791 | T-LIGHT GLASS FLUTED ANTIQUE,Merchandise
22792,FLUTED ANTIQUE CANDLE HOLDER,22792 | FLUTED ANTIQUE CANDLE HOLDER,Merchandise
22794,SWEETHEART WIRE MAGAZINE RACK,22794 | SWEETHEART WIRE MAGAZINE RACK,Merchandise
22795,SWEETHEART RECIPE BOOK STAND,22795 | SWEETHEART RECIPE BOOK STAND,Merchandise
22796,PHOTO FRAME 3 CLASSIC HANGING,22796 | PHOTO FRAME 3 CLASSIC HANGING,Merchandise
22797,CHEST OF DRAWERS GINGHAM HEART,22797 | CHEST OF DRAWERS GINGHAM HEART,Merchandise
22798,ANTIQUE GLASS DRESSING TABLE POT,22798 | ANTIQUE GLASS DRESSING TABLE POT,Merchandise
22799,SWEETHEART WIRE FRUIT BOWL,22799 | SWEETHEART WIRE FRUIT BOWL,Merchandise
22800,ANTIQUE TALL SWIRLGLASS TRINKET POT,22800 | ANTIQUE TALL SWIRLGLASS TRINKET POT,Merchandise
22801,ANTIQUE GLASS PEDESTAL BOWL,22801 | ANTIQUE GLASS PEDESTAL BOWL,Merchandise
22802,FAUX FUR CHOCOLATE THROW,22802 | FAUX FUR CHOCOLATE THROW,Merchandise
22803,IVORY EMBROIDERED QUILT,22803 | IVORY EMBROIDERED QUILT,Merchandise
22804,CANDLEHOLDER PINK HANGING HEART,22804 | CANDLEHOLDER PINK HANGING HEART,Merchandise
22805,BLUE DRAWER KNOB ACRYLIC EDWARDIAN,22805 | BLUE DRAWER KNOB ACRYLIC EDWARDIAN,Merchandise
22806,SET OF 6 T-LIGHTS WEDDING CAKE,22806 | SET OF 6 T-LIGHTS WEDDING CAKE,Merchandise
22807,SET OF 6 T-LIGHTS TOADSTOOLS,22807 | SET OF 6 T-LIGHTS TOADSTOOLS,Merchandise
22808,SET OF 6 T-LIGHTS EASTER CHICKS,22808 | SET OF 6 T-LIGHTS EASTER CHICKS,Merchandise
22809,SET OF 6 T-LIGHTS SANTA,22809 | SET OF 6 T-LIGHTS SANTA,Merchandise
22810,SET OF 6 T-LIGHTS SNOWMEN,22810 | SET OF 6 T-LIGHTS SNOWMEN,Merchandise
22811,SET OF 6 T-LIGHTS CACTI,22811 | SET OF 6 T-LIGHTS CACTI,Merchandise
22812,PACK 3 BOXES CHRISTMAS PANNETONE,22812 | PACK 3 BOXES CHRISTMAS PANNETONE,Merchandise
22813,PACK 3 BOXES BIRD PANNETONE,22813 | PACK 3 BOXES BIRD PANNETONE,Merchandise
22814,CARD PARTY GAMES,22814 | CARD PARTY GAMES,Merchandise
22815,CARD PSYCHEDELIC APPLES,22815 | CARD PSYCHEDELIC APPLES,Merchandise
22816,CARD MOTORBIKE SANTA,22816 | CARD MOTORBIKE SANTA,Merchandise
22817,CARD SUKI BIRTHDAY,22817 | CARD SUKI BIRTHDAY,Merchandise
22818,CARD CHRISTMAS VILLAGE,22818 | CARD CHRISTMAS VILLAGE,Merchandise
22819,"BIRTHDAY CARD, RETRO SPOT","22819 | BIRTHDAY CARD, RETRO SPOT",Merchandise
22820,GIFT BAG BIRTHDAY,22820 | GIFT BAG BIRTHDAY,Merchandise
22821,GIFT BAG PSYCHEDELIC APPLES,22821 | GIFT BAG PSYCHEDELIC APPLES,Merchandise
22822,CREAM WALL PLANTER HEART SHAPED,22822 | CREAM WALL PLANTER HEART SHAPED,Merchandise
22823,CHEST NATURAL WOOD 20 DRAWERS,22823 | CHEST NATURAL WOOD 20 DRAWERS,Merchandise
22824,3 TIER SWEETHEART GARDEN SHELF,22824 | 3 TIER SWEETHEART GARDEN SHELF,Merchandise
22825,DECORATIVE PLANT POT WITH FRIEZE,22825 | DECORATIVE PLANT POT WITH FRIEZE,Merchandise
22826,LOVE SEAT ANTIQUE WHITE METAL,22826 | LOVE SEAT ANTIQUE WHITE METAL,Merchandise
22827,RUSTIC  SEVENTEEN DRAWER SIDEBOARD,22827 | RUSTIC  SEVENTEEN DRAWER SIDEBOARD,Merchandise
22828,REGENCY MIRROR WITH SHUTTERS,22828 | REGENCY MIRROR WITH SHUTTERS,Merchandise
22829,SWEETHEART WIRE WALL TIDY,22829 | SWEETHEART WIRE WALL TIDY,Merchandise
22830,UTILTY CABINET WITH HOOKS,22830 | UTILTY CABINET WITH HOOKS,Merchandise
22831,WHITE BROCANTE SOAP DISH,22831 | WHITE BROCANTE SOAP DISH,Merchandise
22832,BROCANTE SHELF WITH HOOKS,22832 | BROCANTE SHELF WITH HOOKS,Merchandise
22833,HALL CABINET WITH 3 DRAWERS,22833 | HALL CABINET WITH 3 DRAWERS,Merchandise
22834,HAND WARMER BABUSHKA DESIGN,22834 | HAND WARMER BABUSHKA DESIGN,Merchandise
22835,HOT WATER BOTTLE I AM SO POORLY,22835 | HOT WATER BOTTLE I AM SO POORLY,Merchandise
22837,HOT WATER BOTTLE BABUSHKA,22837 | HOT WATER BOTTLE BABUSHKA,Merchandise
22838,3 TIER CAKE TIN RED AND CREAM,22838 | 3 TIER CAKE TIN RED AND CREAM,Merchandise
22839,3 TIER CAKE TIN GREEN AND CREAM,22839 | 3 TIER CAKE TIN GREEN AND CREAM,Merchandise
22840,ROUND CAKE TIN VINTAGE RED,22840 | ROUND CAKE TIN VINTAGE RED,Merchandise
22841,ROUND CAKE TIN VINTAGE GREEN,22841 | ROUND CAKE TIN VINTAGE GREEN,Merchandise
22842,BISCUIT TIN VINTAGE RED,22842 | BISCUIT TIN VINTAGE RED,Merchandise
22843,BISCUIT TIN VINTAGE GREEN,22843 | BISCUIT TIN VINTAGE GREEN,Merchandise
22844,VINTAGE CREAM DOG FOOD CONTAINER,22844 | VINTAGE CREAM DOG FOOD CONTAINER,Merchandise
22845,VINTAGE CREAM CAT FOOD CONTAINER,22845 | VINTAGE CREAM CAT FOOD CONTAINER,Merchandise
22846,BREAD BIN DINER STYLE RED,22846 | BREAD BIN DINER STYLE RED,Merchandise
22847,BREAD BIN DINER STYLE IVORY,22847 | BREAD BIN DINER STYLE IVORY,Merchandise
22848,BREAD BIN DINER STYLE PINK,22848 | BREAD BIN DINER STYLE PINK,Merchandise
22849,BREAD BIN DINER STYLE MINT,22849 | BREAD BIN DINER STYLE MINT,Merchandise
22851,SET 20 NAPKINS FAIRY CAKES DESIGN,22851 | SET 20 NAPKINS FAIRY CAKES DESIGN,Merchandise
22852,DOG BOWL VINTAGE CREAM,22852 | DOG BOWL VINTAGE CREAM,Merchandise
22853,CAT BOWL VINTAGE CREAM,22853 | CAT BOWL VINTAGE CREAM,Merchandise
22854,CREAM SWEETHEART EGG HOLDER,22854 | CREAM SWEETHEART EGG HOLDER,Merchandise
22855,FINE WICKER HEART,22855 | FINE WICKER HEART,Merchandise
22856,ASSORTED EASTER DECORATIONS  BELLS,22856 | ASSORTED EASTER DECORATIONS  BELLS,Merchandise
22857,ASSORTED EASTER GIFT TAGS,22857 | ASSORTED EASTER GIFT TAGS,Merchandise
22858,EASTER TIN KEEPSAKE,22858 | EASTER TIN KEEPSAKE,Merchandise
22859,EASTER TIN BUNNY BOUQUET,22859 | EASTER TIN BUNNY BOUQUET,Merchandise
22860,EASTER TIN CHICKS PINK DAISY,22860 | EASTER TIN CHICKS PINK DAISY,Merchandise
22861,EASTER TIN CHICKS IN GARDEN,22861 | EASTER TIN CHICKS IN GARDEN,Merchandise
22862,LOVE HEART NAPKIN BOX,22862 | LOVE HEART NAPKIN BOX,Merchandise
22863,SOAP DISH BROCANTE,22863 | SOAP DISH BROCANTE,Merchandise
22865,HAND WARMER OWL DESIGN,22865 | HAND WARMER OWL DESIGN,Merchandise
22866,HAND WARMER SCOTTY DOG DESIGN,22866 | HAND WARMER SCOTTY DOG DESIGN,Merchandise
22867,HAND WARMER BIRD DESIGN,22867 | HAND WARMER BIRD DESIGN,Merchandise
22868,NUMBER TILE COTTAGE GARDEN 0,22868 | NUMBER TILE COTTAGE GARDEN 0,Merchandise
22869,NUMBER TILE COTTAGE GARDEN 1,22869 | NUMBER TILE COTTAGE GARDEN 1,Merchandise
22870,NUMBER TILE COTTAGE GARDEN 2,22870 | NUMBER TILE COTTAGE GARDEN 2,Merchandise
22871,NUMBER TILE COTTAGE GARDEN 3,22871 | NUMBER TILE COTTAGE GARDEN 3,Merchandise
22872,NUMBER TILE COTTAGE GARDEN 4,22872 | NUMBER TILE COTTAGE GARDEN 4,Merchandise
22873,NUMBER TILE COTTAGE GARDEN 5,22873 | NUMBER TILE COTTAGE GARDEN 5,Merchandise
22874,NUMBER TILE COTTAGE GARDEN 6,22874 | NUMBER TILE COTTAGE GARDEN 6,Merchandise
22875,NUMBER TILE COTTAGE GARDEN 7,22875 | NUMBER TILE COTTAGE GARDEN 7,Merchandise
22876,NUMBER TILE COTTAGE GARDEN 8,22876 | NUMBER TILE COTTAGE GARDEN 8,Merchandise
22877,NUMBER TILE COTTAGE GARDEN 9,22877 | NUMBER TILE COTTAGE GARDEN 9,Merchandise
22878,NUMBER TILE COTTAGE GARDEN No,22878 | NUMBER TILE COTTAGE GARDEN No,Merchandise
22879,NUMBER TILE VINTAGE FONT 0,22879 | NUMBER TILE VINTAGE FONT 0,Merchandise
22880,NUMBER TILE VINTAGE FONT 1,22880 | NUMBER TILE VINTAGE FONT 1,Merchandise
22881,NUMBER TILE VINTAGE FONT 2,22881 | NUMBER TILE VINTAGE FONT 2,Merchandise
22882,NUMBER TILE VINTAGE FONT 3,22882 | NUMBER TILE VINTAGE FONT 3,Merchandise
22883,NUMBER TILE VINTAGE FONT 4,22883 | NUMBER TILE VINTAGE FONT 4,Merchandise
22884,NUMBER TILE VINTAGE FONT 5,22884 | NUMBER TILE VINTAGE FONT 5,Merchandise
22885,NUMBER TILE VINTAGE FONT 6,22885 | NUMBER TILE VINTAGE FONT 6,Merchandise
22886,NUMBER TILE VINTAGE FONT 7,22886 | NUMBER TILE VINTAGE FONT 7,Merchandise
22887,NUMBER TILE VINTAGE FONT 8,22887 | NUMBER TILE VINTAGE FONT 8,Merchandise
22888,NUMBER TILE VINTAGE FONT 9,22888 | NUMBER TILE VINTAGE FONT 9,Merchandise
22889,NUMBER TILE VINTAGE FONT No,22889 | NUMBER TILE VINTAGE FONT No,Merchandise
22890,NOVELTY BISCUITS CAKE STAND 3 TIER,22890 | NOVELTY BISCUITS CAKE STAND 3 TIER,Merchandise
22891,TEA FOR ONE POLKADOT,22891 | TEA FOR ONE POLKADOT,Merchandise
22892,SET OF SALT AND PEPPER TOADSTOOLS,22892 | SET OF SALT AND PEPPER TOADSTOOLS,Merchandise
22893,MINI CAKE STAND T-LIGHT HOLDER,22893 | MINI CAKE STAND T-LIGHT HOLDER,Merchandise
22894,TABLECLOTH RED APPLES DESIGN,22894 | TABLECLOTH RED APPLES DESIGN,Merchandise
22895,SET OF 2 TEA TOWELS APPLE AND PEARS,22895 | SET OF 2 TEA TOWELS APPLE AND PEARS,Merchandise
22896,PEG BAG APPLES DESIGN,22896 | PEG BAG APPLES DESIGN,Merchandise
22897,OVEN MITT APPLES DESIGN,22897 | OVEN MITT APPLES DESIGN,Merchandise
22898,CHILDRENS APRON APPLES DESIGN,22898 | CHILDRENS APRON APPLES DESIGN,Merchandise
22899,CHILDREN'S APRON DOLLY GIRL,22899 | CHILDREN'S APRON DOLLY GIRL,Merchandise
22900,SET 2 TEA TOWELS I LOVE LONDON,22900 | SET 2 TEA TOWELS I LOVE LONDON,Merchandise
22902,TOTE BAG I LOVE LONDON,22902 | TOTE BAG I LOVE LONDON,Merchandise
22903,CALENDAR FAMILY FAVOURITES,22903 | CALENDAR FAMILY FAVOURITES,Merchandise
22904,CALENDAR PAPER CUT DESIGN,22904 | CALENDAR PAPER CUT DESIGN,Merchandise
22905,CALENDAR IN SEASON DESIGN,22905 | CALENDAR IN SEASON DESIGN,Merchandise
22906,12 MESSAGE CARDS WITH ENVELOPES,22906 | 12 MESSAGE CARDS WITH ENVELOPES,Merchandise
22907,PACK OF 20 NAPKINS PANTRY DESIGN,22907 | PACK OF 20 NAPKINS PANTRY DESIGN,Merchandise
22908,PACK OF 20 NAPKINS RED APPLES,22908 | PACK OF 20 NAPKINS RED APPLES,Merchandise
22909,SET OF 20 VINTAGE CHRISTMAS NAPKINS,22909 | SET OF 20 VINTAGE CHRISTMAS NAPKINS,Merchandise
22910,PAPER CHAIN KIT VINTAGE CHRISTMAS,22910 | PAPER CHAIN KIT VINTAGE CHRISTMAS,Merchandise
22911,PAPER CHAIN KIT LONDON,22911 | PAPER CHAIN KIT LONDON,Merchandise
22912,YELLOW COAT RACK PARIS FASHION,22912 | YELLOW COAT RACK PARIS FASHION,Merchandise
22913,RED COAT RACK PARIS FASHION,22913 | RED COAT RACK PARIS FASHION,Merchandise
22914,BLUE COAT RACK PARIS FASHION,22914 | BLUE COAT RACK PARIS FASHION,Merchandise
22915,ASSORTED BOTTLE TOP  MAGNETS,22915 | ASSORTED BOTTLE TOP  MAGNETS,Merchandise
22916,HERB MARKER THYME,22916 | HERB MARKER THYME,Merchandise
22917,HERB MARKER ROSEMARY,22917 | HERB MARKER ROSEMARY,Merchandise
22918,HERB MARKER PARSLEY,22918 | HERB MARKER PARSLEY,Merchandise
22919,HERB MARKER MINT,22919 | HERB MARKER MINT,Merchandise
22920,HERB MARKER BASIL,22920 | HERB MARKER BASIL,Merchandise
22921,HERB MARKER CHIVES,22921 | HERB MARKER CHIVES,Merchandise
22922,FRIDGE MAGNETS US DINER ASSORTED,22922 | FRIDGE MAGNETS US DINER ASSORTED,Merchandise
22923,FRIDGE MAGNETS LES ENFANTS ASSORTED,22923 | FRIDGE MAGNETS LES ENFANTS ASSORTED,Merchandise
22924,FRIDGE MAGNETS LA VIE EN ROSE,22924 | FRIDGE MAGNETS LA VIE EN ROSE,Merchandise
22925,BLUE GIANT GARDEN THERMOMETER,22925 | BLUE GIANT GARDEN THERMOMETER,Merchandise
22926,IVORY GIANT GARDEN THERMOMETER,22926 | IVORY GIANT GARDEN THERMOMETER,Merchandise
22927,GREEN GIANT GARDEN THERMOMETER,22927 | GREEN GIANT GARDEN THERMOMETER,Merchandise
22928,YELLOW GIANT GARDEN THERMOMETER,22928 | YELLOW GIANT GARDEN THERMOMETER,Merchandise
22929,SCHOOL DESK AND CHAIR,22929 | SCHOOL DESK AND CHAIR,Merchandise
22930,BAKING MOULD HEART MILK CHOCOLATE,22930 | BAKING MOULD HEART MILK CHOCOLATE,Merchandise
22931,BAKING MOULD HEART WHITE CHOCOLATE,22931 | BAKING MOULD HEART WHITE CHOCOLATE,Merchandise
22932,BAKING MOULD TOFFEE CUP CHOCOLATE,22932 | BAKING MOULD TOFFEE CUP CHOCOLATE,Merchandise
22933,BAKING MOULD EASTER EGG MILK CHOC,22933 | BAKING MOULD EASTER EGG MILK CHOC,Merchandise
22934,BAKING MOULD EASTER EGG WHITE CHOC,22934 | BAKING MOULD EASTER EGG WHITE CHOC,Merchandise
22935,BAKING MOULD ROSE MILK CHOCOLATE,22935 | BAKING MOULD ROSE MILK CHOCOLATE,Merchandise
22936,BAKING MOULD ROSE WHITE CHOCOLATE,22936 | BAKING MOULD ROSE WHITE CHOCOLATE,Merchandise
22937,BAKING MOULD CHOCOLATE CUPCAKES,22937 | BAKING MOULD CHOCOLATE CUPCAKES,Merchandise
22938,CUPCAKE LACE PAPER SET 6,22938 | CUPCAKE LACE PAPER SET 6,Merchandise
22939,APRON APPLE DELIGHT,22939 | APRON APPLE DELIGHT,Merchandise
22940,FELTCRAFT CHRISTMAS FAIRY,22940 | FELTCRAFT CHRISTMAS FAIRY,Merchandise
22941,CHRISTMAS LIGHTS 10 REINDEER,22941 | CHRISTMAS LIGHTS 10 REINDEER,Merchandise
22942,CHRISTMAS LIGHTS 10 SANTAS,22942 | CHRISTMAS LIGHTS 10 SANTAS,Merchandise
22943,CHRISTMAS LIGHTS 10 VINTAGE BAUBLES,22943 | CHRISTMAS LIGHTS 10 VINTAGE BAUBLES,Merchandise
22944,CHRISTMAS METAL POSTCARD WITH BELLS,22944 | CHRISTMAS METAL POSTCARD WITH BELLS,Merchandise
22945,CHRISTMAS METAL TAGS ASSORTED,22945 | CHRISTMAS METAL TAGS ASSORTED,Merchandise
22946,WOODEN ADVENT CALENDAR CREAM,22946 | WOODEN ADVENT CALENDAR CREAM,Merchandise
22947,WOODEN ADVENT CALENDAR RED,22947 | WOODEN ADVENT CALENDAR RED,Merchandise
22948,METAL DECORATION NAUGHTY CHILDREN,22948 | METAL DECORATION NAUGHTY CHILDREN,Merchandise
22949,36 DOILIES DOLLY GIRL,22949 | 36 DOILIES DOLLY GIRL,Merchandise
22950,36 DOILIES VINTAGE CHRISTMAS,22950 | 36 DOILIES VINTAGE CHRISTMAS,Merchandise
22951,60 CAKE CASES DOLLY GIRL DESIGN,22951 | 60 CAKE CASES DOLLY GIRL DESIGN,Merchandise
22952,60 CAKE CASES VINTAGE CHRISTMAS,22952 | 60 CAKE CASES VINTAGE CHRISTMAS,Merchandise
22953,BIRTHDAY PARTY CORDON BARRIER TAPE,22953 | BIRTHDAY PARTY CORDON BARRIER TAPE,Merchandise
22954,HEN PARTY CORDON BARRIER TAPE,22954 | HEN PARTY CORDON BARRIER TAPE,Merchandise
22955,36 FOIL STAR CAKE CASES,22955 | 36 FOIL STAR CAKE CASES,Merchandise
22956,36 FOIL HEART CAKE CASES,22956 | 36 FOIL HEART CAKE CASES,Merchandise
22957,SET 3 PAPER VINTAGE CHICK PAPER EGG,22957 | SET 3 PAPER VINTAGE CHICK PAPER EGG,Merchandise
22959,WRAP CHRISTMAS VILLAGE,22959 | WRAP CHRISTMAS VILLAGE,Merchandise
22960,JAM MAKING SET WITH JARS,22960 | JAM MAKING SET WITH JARS,Merchandise
22961,JAM MAKING SET PRINTED,22961 | JAM MAKING SET PRINTED,Merchandise
22962,JAM JAR WITH PINK LID,22962 | JAM JAR WITH PINK LID,Merchandise
22963,JAM JAR WITH GREEN LID,22963 | JAM JAR WITH GREEN LID,Merchandise
22964,3 PIECE SPACEBOY COOKIE CUTTER SET,22964 | 3 PIECE SPACEBOY COOKIE CUTTER SET,Merchandise
22965,3 TRADITIONAl BISCUIT CUTTERS  SET,22965 | 3 TRADITIONAl BISCUIT CUTTERS  SET,Merchandise
22966,GINGERBREAD MAN COOKIE CUTTER,22966 | GINGERBREAD MAN COOKIE CUTTER,Merchandise
22967,SET 3 SONG BIRD PAPER EGGS ASSORTED,22967 | SET 3 SONG BIRD PAPER EGGS ASSORTED,Merchandise
22968,ROSE COTTAGE KEEPSAKE BOX,22968 | ROSE COTTAGE KEEPSAKE BOX,Merchandise
22969,HOMEMADE JAM SCENTED CANDLES,22969 | HOMEMADE JAM SCENTED CANDLES,Merchandise
22970,LONDON BUS COFFEE MUG,22970 | LONDON BUS COFFEE MUG,Merchandise
22971,QUEENS GUARD COFFEE MUG,22971 | QUEENS GUARD COFFEE MUG,Merchandise
22972,CHILDREN'S SPACEBOY MUG,22972 | CHILDREN'S SPACEBOY MUG,Merchandise
22973,CHILDREN'S CIRCUS PARADE MUG,22973 | CHILDREN'S CIRCUS PARADE MUG,Merchandise
22974,CHILDRENS DOLLY GIRL MUG,22974 | CHILDRENS DOLLY GIRL MUG,Merchandise
22975,SPACEBOY CHILDRENS EGG CUP,22975 | SPACEBOY CHILDRENS EGG CUP,Merchandise
22976,CIRCUS PARADE CHILDRENS EGG CUP,22976 | CIRCUS PARADE CHILDRENS EGG CUP,Merchandise
22977,DOLLY GIRL CHILDRENS EGG CUP,22977 | DOLLY GIRL CHILDRENS EGG CUP,Merchandise
22978,PANTRY ROLLING PIN,22978 | PANTRY ROLLING PIN,Merchandise
22979,PANTRY WASHING UP BRUSH,22979 | PANTRY WASHING UP BRUSH,Merchandise
22980,PANTRY SCRUBBING BRUSH,22980 | PANTRY SCRUBBING BRUSH,Merchandise
22981,PANTRY APPLE CORER,22981 | PANTRY APPLE CORER,Merchandise
22982,PANTRY PASTRY BRUSH,22982 | PANTRY PASTRY BRUSH,Merchandise
22983,CARD BILLBOARD FONT,22983 | CARD BILLBOARD FONT,Merchandise
22984,CARD GINGHAM ROSE,22984 | CARD GINGHAM ROSE,Merchandise
22985,WRAP BILLBOARD FONTS DESIGN,22985 | WRAP BILLBOARD FONTS DESIGN,Merchandise
22986,WRAP GINGHAM ROSE,22986 | WRAP GINGHAM ROSE,Merchandise
22987,WRAP SUMMER ROSE DESIGN,22987 | WRAP SUMMER ROSE DESIGN,Merchandise
22988,SOLDIERS EGG CUP,22988 | SOLDIERS EGG CUP,Merchandise
22989,SET 2 PANTRY DESIGN TEA TOWELS,22989 | SET 2 PANTRY DESIGN TEA TOWELS,Merchandise
22990,COTTON APRON PANTRY DESIGN,22990 | COTTON APRON PANTRY DESIGN,Merchandise
22991,GIRAFFE WOODEN RULER,22991 | GIRAFFE WOODEN RULER,Merchandise
22992,REVOLVER WOODEN RULER,22992 | REVOLVER WOODEN RULER,Merchandise
22993,SET OF 4 PANTRY JELLY MOULDS,22993 | SET OF 4 PANTRY JELLY MOULDS,Merchandise
22994,TRAVEL CARD WALLET RETROSPOT,22994 | TRAVEL CARD WALLET RETROSPOT,Merchandise
22995,TRAVEL CARD WALLET SUKI,22995 | TRAVEL CARD WALLET SUKI,Merchandise
22996,TRAVEL CARD WALLET VINTAGE TICKET,22996 | TRAVEL CARD WALLET VINTAGE TICKET,Merchandise
22997,TRAVEL CARD WALLET UNION JACK,22997 | TRAVEL CARD WALLET UNION JACK,Merchandise
22998,TRAVEL CARD WALLET KEEP CALM,22998 | TRAVEL CARD WALLET KEEP CALM,Merchandise
22999,TRAVEL CARD WALLET VINTAGE LEAF,22999 | TRAVEL CARD WALLET VINTAGE LEAF,Merchandise
23000,TRAVEL CARD WALLET TRANSPORT,23000 | TRAVEL CARD WALLET TRANSPORT,Merchandise
23002,TRAVEL CARD WALLET SKULLS,23002 | TRAVEL CARD WALLET SKULLS,Merchandise
23003,TRAVEL CARD WALLET VINTAGE ROSE,23003 | TRAVEL CARD WALLET VINTAGE ROSE,Merchandise
23004,TRAVEL CARD WALLET PANTRY,23004 | TRAVEL CARD WALLET PANTRY,Merchandise
23005,TRAVEL CARD WALLET I LOVE LONDON,23005 | TRAVEL CARD WALLET I LOVE LONDON,Merchandise
23006,TRAVEL CARD WALLET FLOWER MEADOW,23006 | TRAVEL CARD WALLET FLOWER MEADOW,Merchandise
23007,SPACEBOY BABY GIFT SET,23007 | SPACEBOY BABY GIFT SET,Merchandise
23008,DOLLY GIRL BABY GIFT SET,23008 | DOLLY GIRL BABY GIFT SET,Merchandise
23009,I LOVE LONDON BABY GIFT SET,23009 | I LOVE LONDON BABY GIFT SET,Merchandise
23010,CIRCUS PARADE BABY GIFT SET,23010 | CIRCUS PARADE BABY GIFT SET,Merchandise
23012,GLASS APOTHECARY BOTTLE PERFUME,23012 | GLASS APOTHECARY BOTTLE PERFUME,Merchandise
23013,GLASS APOTHECARY BOTTLE TONIC,23013 | GLASS APOTHECARY BOTTLE TONIC,Merchandise
23014,GLASS APOTHECARY BOTTLE ELIXIR,23014 | GLASS APOTHECARY BOTTLE ELIXIR,Merchandise
23015,CORDIAL GLASS JUG,23015 | CORDIAL GLASS JUG,Merchandise
23016,GLASS TWIST BON BON JAR,23016 | GLASS TWIST BON BON JAR,Merchandise
23017,APOTHECARY MEASURING JAR,23017 | APOTHECARY MEASURING JAR,Merchandise
23018,LARGE APOTHECARY MEASURING JAR,23018 | LARGE APOTHECARY MEASURING JAR,Merchandise
23019,SMALL APOTHECARY MEASURING JAR,23019 | SMALL APOTHECARY MEASURING JAR,Merchandise
23020,GLASS  SONGBIRD STORAGE JAR,23020 | GLASS  SONGBIRD STORAGE JAR,Merchandise
23021,GLASS BONNE JAM JAR,23021 | GLASS BONNE JAM JAR,Merchandise
23022,SMALL BONNE JAM JAR  T-LIGHT HOLDER,23022 | SMALL BONNE JAM JAR  T-LIGHT HOLDER,Merchandise
23023,RIDGED BONNE JAM JAR T-LIGHT HOLDER,23023 | RIDGED BONNE JAM JAR T-LIGHT HOLDER,Merchandise
23024,LARGE BONNE JAM JAR  T-LIGHT HOLDER,23024 | LARGE BONNE JAM JAR  T-LIGHT HOLDER,Merchandise
23025,DRAWER KNOB VINTAGE GLASS BALL,23025 | DRAWER KNOB VINTAGE GLASS BALL,Merchandise
23026,DRAWER KNOB VINTAGE GLASS STAR,23026 | DRAWER KNOB VINTAGE GLASS STAR,Merchandise
23027,DRAWER KNOB VINTAGE GLASS HEXAGON,23027 | DRAWER KNOB VINTAGE GLASS HEXAGON,Merchandise
23028,DRAWER KNOB CRACKLE GLAZE BLUE,23028 | DRAWER KNOB CRACKLE GLAZE BLUE,Merchandise
23029,DRAWER KNOB CRACKLE GLAZE GREEN,23029 | DRAWER KNOB CRACKLE GLAZE GREEN,Merchandise
23031,DRAWER KNOB CRACKLE GLAZE PINK,23031 | DRAWER KNOB CRACKLE GLAZE PINK,Merchandise
23032,DRAWER KNOB CRACKLE GLAZE IVORY,23032 | DRAWER KNOB CRACKLE GLAZE IVORY,Merchandise
23033,DRAWER KNOB CERAMIC RED,23033 | DRAWER KNOB CERAMIC RED,Merchandise
23034,DRAWER KNOB CERAMIC BLACK,23034 | DRAWER KNOB CERAMIC BLACK,Merchandise
23035,DRAWER KNOB CERAMIC IVORY,23035 | DRAWER KNOB CERAMIC IVORY,Merchandise
23036,T-LIGHT HOLDER SILVER PETIT FOUR,23036 | T-LIGHT HOLDER SILVER PETIT FOUR,Merchandise
23037,CANDLE HOLDER SILVER MADELINE,23037 | CANDLE HOLDER SILVER MADELINE,Merchandise
23038,T-LIGHT HOLDER SILVER SAUCER,23038 | T-LIGHT HOLDER SILVER SAUCER,Merchandise
23039,T-LIGHT HOLDER SILVER HEART HANDLE,23039 | T-LIGHT HOLDER SILVER HEART HANDLE,Merchandise
23040,PAPER LANTERN 9 POINT SNOW STAR,23040 | PAPER LANTERN 9 POINT SNOW STAR,Merchandise
23041,PAPER LANTERN 9 POINT SNOW STAR,23041 | PAPER LANTERN 9 POINT SNOW STAR,Merchandise
23042,PAPER LANTERN 7 POINT SNOW STAR,23042 | PAPER LANTERN 7 POINT SNOW STAR,Merchandise
23043,PAPER LANTERN 9 POINT HOLLY STAR L,23043 | PAPER LANTERN 9 POINT HOLLY STAR L,Merchandise
23044,PAPER LANTERN 9 POINT HOLLY STAR S,23044 | PAPER LANTERN 9 POINT HOLLY STAR S,Merchandise
23045,PAPER LANTERN 5 POINT STAR MOON,23045 | PAPER LANTERN 5 POINT STAR MOON,Merchandise
23046,PAPER LANTERN 9 POINT DELUXE STAR,23046 | PAPER LANTERN 9 POINT DELUXE STAR,Merchandise
23047,PAPER LANTERN 5 POINT SEQUIN STAR,23047 | PAPER LANTERN 5 POINT SEQUIN STAR,Merchandise
23048,SET OF 10 LANTERNS FAIRY LIGHT STAR,23048 | SET OF 10 LANTERNS FAIRY LIGHT STAR,Merchandise
23049,RECYCLED ACAPULCO MAT RED,23049 | RECYCLED ACAPULCO MAT RED,Merchandise
23050,RECYCLED ACAPULCO MAT GREEN,23050 | RECYCLED ACAPULCO MAT GREEN,Merchandise
23051,RECYCLED ACAPULCO MAT BLUE,23051 | RECYCLED ACAPULCO MAT BLUE,Merchandise
23052,RECYCLED ACAPULCO MAT TURQUOISE,23052 | RECYCLED ACAPULCO MAT TURQUOISE,Merchandise
23053,RECYCLED ACAPULCO MAT PINK,23053 | RECYCLED ACAPULCO MAT PINK,Merchandise
23054,RECYCLED ACAPULCO MAT LAVENDER,23054 | RECYCLED ACAPULCO MAT LAVENDER,Merchandise
23055,IVORY CHANDELIER T-LIGHT HOLDER,23055 | IVORY CHANDELIER T-LIGHT HOLDER,Merchandise
23056,FLOWERS CHANDELIER T-LIGHT HOLDER,23056 | FLOWERS CHANDELIER T-LIGHT HOLDER,Merchandise
23057,BEADED CHANDELIER T-LIGHT HOLDER,23057 | BEADED CHANDELIER T-LIGHT HOLDER,Merchandise
23058,CHRISTMAS HANGING SNOWFLAKE,23058 | CHRISTMAS HANGING SNOWFLAKE,Merchandise
23060,HEART BEADED TRELLIS DECORATION,23060 | HEART BEADED TRELLIS DECORATION,Merchandise
23061,VINTAGE EMBOSSED HEART,23061 | VINTAGE EMBOSSED HEART,Merchandise
23064,CINDERELLA CHANDELIER,23064 | CINDERELLA CHANDELIER,Merchandise
23065,LARGE DECO JEWELLERY STAND,23065 | LARGE DECO JEWELLERY STAND,Merchandise
23066,SMALL DECO JEWELLERY STAND,23066 | SMALL DECO JEWELLERY STAND,Merchandise
23067,HANGING ENGRAVED METAL HEART,23067 | HANGING ENGRAVED METAL HEART,Merchandise
23068,ALUMINIUM STAMPED HEART,23068 | ALUMINIUM STAMPED HEART,Merchandise
23069,EDWARDIAN PHOTO FRAME,23069 | EDWARDIAN PHOTO FRAME,Merchandise
23070,EDWARDIAN HEART PHOTO FRAME,23070 | EDWARDIAN HEART PHOTO FRAME,Merchandise
23071,MARIE ANTOINETTE TRINKET BOX GOLD,23071 | MARIE ANTOINETTE TRINKET BOX GOLD,Merchandise
23072,MARIE ANTOINETTE TRINKET BOX SILVER,23072 | MARIE ANTOINETTE TRINKET BOX SILVER,Merchandise
23073,GEORGIAN TRINKET BOX,23073 | GEORGIAN TRINKET BOX,Merchandise
23074,EMBOSSED HEART TRINKET BOX,23074 | EMBOSSED HEART TRINKET BOX,Merchandise
23075,PARLOUR CERAMIC WALL HOOK,23075 | PARLOUR CERAMIC WALL HOOK,Merchandise
23076,ICE CREAM SUNDAE LIP GLOSS,23076 | ICE CREAM SUNDAE LIP GLOSS,Merchandise
23077,DOUGHNUT LIP GLOSS,23077 | DOUGHNUT LIP GLOSS,Merchandise
23078,ICE CREAM PEN LIP GLOSS,23078 | ICE CREAM PEN LIP GLOSS,Merchandise
23079,TOADSTOOL BEDSIDE LIGHT,23079 | TOADSTOOL BEDSIDE LIGHT,Merchandise
23080,RED METAL BOX TOP SECRET,23080 | RED METAL BOX TOP SECRET,Merchandise
23081,GREEN METAL BOX ARMY SUPPLIES,23081 | GREEN METAL BOX ARMY SUPPLIES,Merchandise
23082,SET 6 PAPER TABLE LANTERN HEARTS,23082 | SET 6 PAPER TABLE LANTERN HEARTS,Merchandise
23083,SET 6 PAPER TABLE LANTERN STARS,23083 | SET 6 PAPER TABLE LANTERN STARS,Merchandise
23084,RABBIT NIGHT LIGHT,23084 | RABBIT NIGHT LIGHT,Merchandise
23085,ANTIQUE SILVER BAUBLE LAMP,23085 | ANTIQUE SILVER BAUBLE LAMP,Merchandise
23086,ZINC  STAR T-LIGHT HOLDER,23086 | ZINC  STAR T-LIGHT HOLDER,Merchandise
23087,ZINC  HEART T-LIGHT HOLDER,23087 | ZINC  HEART T-LIGHT HOLDER,Merchandise
23088,ZINC HEART FLOWER T-LIGHT HOLDER,23088 | ZINC HEART FLOWER T-LIGHT HOLDER,Merchandise
23089,GLASS BON BON JAR,23089 | GLASS BON BON JAR,Merchandise
23090,VINTAGE GLASS T-LIGHT HOLDER,23090 | VINTAGE GLASS T-LIGHT HOLDER,Merchandise
23091,ZINC HERB GARDEN CONTAINER,23091 | ZINC HERB GARDEN CONTAINER,Merchandise
23092,LARGE ANTIQUE WHITE PHOTO FRAME,23092 | LARGE ANTIQUE WHITE PHOTO FRAME,Merchandise
23093,SMALL PARISIENNE HEART PHOTO FRAME,23093 | SMALL PARISIENNE HEART PHOTO FRAME,Merchandise
23094,LE GRAND TRAY CHIC SET,23094 | LE GRAND TRAY CHIC SET,Merchandise
23096,PETIT TRAY CHIC,23096 | PETIT TRAY CHIC,Merchandise
23099,FRENCH CARRIAGE LANTERN,23099 | FRENCH CARRIAGE LANTERN,Merchandise
23100,SILVER BELLS TABLE DECORATION,23100 | SILVER BELLS TABLE DECORATION,Merchandise
23101,SILVER STARS TABLE DECORATION,23101 | SILVER STARS TABLE DECORATION,Merchandise
23102,SILVER HEARTS TABLE DECORATION,23102 | SILVER HEARTS TABLE DECORATION,Merchandise
23103,JINGLE BELL HEART DECORATION,23103 | JINGLE BELL HEART DECORATION,Merchandise
23104,IVORY CAFE HANGING LAMP,23104 | IVORY CAFE HANGING LAMP,Merchandise
23106,ZINC HEARTS PLANT POT HOLDER,23106 | ZINC HEARTS PLANT POT HOLDER,Merchandise
23107,WHITE HEARTS WIRE PLANT POT HOLDER,23107 | WHITE HEARTS WIRE PLANT POT HOLDER,Merchandise
23108,SET OF 10 LED DOLLY LIGHTS,23108 | SET OF 10 LED DOLLY LIGHTS,Merchandise
23109,PACK OF SIX LED TEA LIGHTS,23109 | PACK OF SIX LED TEA LIGHTS,Merchandise
23110,PARISIENNE KEY CABINET,23110 | PARISIENNE KEY CABINET,Merchandise
23111,PARISIENNE SEWING BOX,23111 | PARISIENNE SEWING BOX,Merchandise
23112,PARISIENNE CURIO CABINET,23112 | PARISIENNE CURIO CABINET,Merchandise
23113,PANTRY CHOPPING BOARD,23113 | PANTRY CHOPPING BOARD,Merchandise
23114,VINTAGE LEAF CHOPPING BOARD,23114 | VINTAGE LEAF CHOPPING BOARD,Merchandise
23115,RED APPLES CHOPPING BOARD,23115 | RED APPLES CHOPPING BOARD,Merchandise
23116,VEGETABLE GARDEN CHOPPING BOARD,23116 | VEGETABLE GARDEN CHOPPING BOARD,Merchandise
23117,POPPY FIELDS CHOPPING BOARD,23117 | POPPY FIELDS CHOPPING BOARD,Merchandise
23118,PARISIENNE JEWELLERY DRAWER,23118 | PARISIENNE JEWELLERY DRAWER,Merchandise
23119,PACK OF 6 LARGE FRUIT STRAWS,23119 | PACK OF 6 LARGE FRUIT STRAWS,Merchandise
23120,PACK OF 6 SMALL FRUIT STRAWS,23120 | PACK OF 6 SMALL FRUIT STRAWS,Merchandise
23121,PACK OF 6 COCKTAIL PARASOL STRAWS,23121 | PACK OF 6 COCKTAIL PARASOL STRAWS,Merchandise
23122,PARTY CHARMS 50 PIECES,23122 | PARTY CHARMS 50 PIECES,Merchandise
23123,COCKTAIL SWORDS 50 PIECES,23123 | COCKTAIL SWORDS 50 PIECES,Merchandise
23124,18PC WOODEN CUTLERY SET DISPOSABLE,23124 | 18PC WOODEN CUTLERY SET DISPOSABLE,Merchandise
23125,6PC WOOD PLATE SET DISPOSABLE,23125 | 6PC WOOD PLATE SET DISPOSABLE,Merchandise
23126,FELTCRAFT GIRL AMELIE KIT,23126 | FELTCRAFT GIRL AMELIE KIT,Merchandise
23127,FELTCRAFT GIRL NICOLE KIT,23127 | FELTCRAFT GIRL NICOLE KIT,Merchandise
23128,FELTCRAFT BOY JEAN-PAUL KIT,23128 | FELTCRAFT BOY JEAN-PAUL KIT,Merchandise
23129,HEART SHAPED HOLLY WREATH,23129 | HEART SHAPED HOLLY WREATH,Merchandise
23130,MISTLETOE HEART WREATH GREEN,23130 | MISTLETOE HEART WREATH GREEN,Merchandise
23131,MISTLETOE HEART WREATH CREAM,23131 | MISTLETOE HEART WREATH CREAM,Merchandise
23132,SMALL IVORY HEART WALL ORGANISER,23132 | SMALL IVORY HEART WALL ORGANISER,Merchandise
23133,LARGE IVORY HEART WALL ORGANISER,23133 | LARGE IVORY HEART WALL ORGANISER,Merchandise
23134,LARGE ZINC HEART WALL ORGANISER,23134 | LARGE ZINC HEART WALL ORGANISER,Merchandise
23135,SMALL ZINC HEART WALL ORGANISER,23135 | SMALL ZINC HEART WALL ORGANISER,Merchandise
23136,IVORY WIRE SWEETHEART LETTER TRAY,23136 | IVORY WIRE SWEETHEART LETTER TRAY,Merchandise
23137,ZINC WIRE SWEETHEART LETTER TRAY,23137 | ZINC WIRE SWEETHEART LETTER TRAY,Merchandise
23138,SINGLE WIRE HOOK IVORY HEART,23138 | SINGLE WIRE HOOK IVORY HEART,Merchandise
23139,SINGLE WIRE HOOK PINK HEART,23139 | SINGLE WIRE HOOK PINK HEART,Merchandise
23140,TRIPLE WIRE HOOK IVORY HEART,23140 | TRIPLE WIRE HOOK IVORY HEART,Merchandise
23141,TRIPLE WIRE HOOK PINK HEART,23141 | TRIPLE WIRE HOOK PINK HEART,Merchandise
23142,IVORY WIRE KITCHEN ORGANISER,23142 | IVORY WIRE KITCHEN ORGANISER,Merchandise
23143,ZINC WIRE KITCHEN ORGANISER,23143 | ZINC WIRE KITCHEN ORGANISER,Merchandise
23144,ZINC T-LIGHT HOLDER STARS SMALL,23144 | ZINC T-LIGHT HOLDER STARS SMALL,Merchandise
23145,ZINC T-LIGHT HOLDER STAR LARGE,23145 | ZINC T-LIGHT HOLDER STAR LARGE,Merchandise
23146,TRIPLE HOOK ANTIQUE IVORY ROSE,23146 | TRIPLE HOOK ANTIQUE IVORY ROSE,Merchandise
23147,SINGLE ANTIQUE ROSE HOOK IVORY,23147 | SINGLE ANTIQUE ROSE HOOK IVORY,Merchandise
23148,MINIATURE ANTIQUE ROSE HOOK IVORY,23148 | MINIATURE ANTIQUE ROSE HOOK IVORY,Merchandise
23149,ANTIQUE IVORY WIRE BOWL SMALL,23149 | ANTIQUE IVORY WIRE BOWL SMALL,Merchandise
23150,IVORY SWEETHEART SOAP DISH,23150 | IVORY SWEETHEART SOAP DISH,Merchandise
23151,ZINC SWEETHEART SOAP DISH,23151 | ZINC SWEETHEART SOAP DISH,Merchandise
23152,IVORY SWEETHEART WIRE LETTER RACK,23152 | IVORY SWEETHEART WIRE LETTER RACK,Merchandise
23153,ZINC SWEETHEART WIRE LETTER RACK,23153 | ZINC SWEETHEART WIRE LETTER RACK,Merchandise
23154,SET OF 4 JAM JAR MAGNETS,23154 | SET OF 4 JAM JAR MAGNETS,Merchandise
23155,KNICKERBOCKERGLORY MAGNET ASSORTED,23155 | KNICKERBOCKERGLORY MAGNET ASSORTED,Merchandise
23156,SET OF 5 MINI GROCERY MAGNETS,23156 | SET OF 5 MINI GROCERY MAGNETS,Merchandise
23157,SET OF 6 NATIVITY MAGNETS,23157 | SET OF 6 NATIVITY MAGNETS,Merchandise
23158,SET OF 5 LUCKY CAT MAGNETS,23158 | SET OF 5 LUCKY CAT MAGNETS,Merchandise
23159,SET OF 5 PANCAKE DAY MAGNETS,23159 | SET OF 5 PANCAKE DAY MAGNETS,Merchandise
23160,REGENCY TEA SPOON,23160 | REGENCY TEA SPOON,Merchandise
23161,REGENCY CAKE FORK,23161 | REGENCY CAKE FORK,Merchandise
23162,REGENCY TEA STRAINER,23162 | REGENCY TEA STRAINER,Merchandise
23163,REGENCY SUGAR TONGS,23163 | REGENCY SUGAR TONGS,Merchandise
23164,REGENCY CAKE SLICE,23164 | REGENCY CAKE SLICE,Merchandise
23165,LARGE CERAMIC TOP STORAGE JAR,23165 | LARGE CERAMIC TOP STORAGE JAR,Merchandise
23166,MEDIUM CERAMIC TOP STORAGE JAR,23166 | MEDIUM CERAMIC TOP STORAGE JAR,Merchandise
23167,SMALL CERAMIC TOP STORAGE JAR,23167 | SMALL CERAMIC TOP STORAGE JAR,Merchandise
23168,CLASSIC CAFE SUGAR DISPENSER,23168 | CLASSIC CAFE SUGAR DISPENSER,Merchandise
23169,CLASSIC GLASS COOKIE JAR,23169 | CLASSIC GLASS COOKIE JAR,Merchandise
23170,REGENCY TEA PLATE ROSES,23170 | REGENCY TEA PLATE ROSES,Merchandise
23171,REGENCY TEA PLATE GREEN,23171 | REGENCY TEA PLATE GREEN,Merchandise
23172,REGENCY TEA PLATE PINK,23172 | REGENCY TEA PLATE PINK,Merchandise
23173,REGENCY TEAPOT ROSES,23173 | REGENCY TEAPOT ROSES,Merchandise
23174,REGENCY SUGAR BOWL GREEN,23174 | REGENCY SUGAR BOWL GREEN,Merchandise
23175,REGENCY MILK JUG PINK,23175 | REGENCY MILK JUG PINK,Merchandise
23176,ABC TREASURE BOOK BOX,23176 | ABC TREASURE BOOK BOX,Merchandise
23177,TREASURE ISLAND BOOK BOX,23177 | TREASURE ISLAND BOOK BOX,Merchandise
23178,JAM CLOCK MAGNET,23178 | JAM CLOCK MAGNET,Merchandise
23179,CLOCK MAGNET MUM'S KITCHEN,23179 | CLOCK MAGNET MUM'S KITCHEN,Merchandise
23180,MUM'S KITCHEN CLOCK,23180 | MUM'S KITCHEN CLOCK,Merchandise
23181,BULL DOG BOTTLE TOP WALL CLOCK,23181 | BULL DOG BOTTLE TOP WALL CLOCK,Merchandise
23182,TOILET SIGN OCCUPIED OR VACANT,23182 | TOILET SIGN OCCUPIED OR VACANT,Merchandise
23183,MOTHER'S KITCHEN SPOON REST,23183 | MOTHER'S KITCHEN SPOON REST,Merchandise
23184,BULL DOG BOTTLE OPENER,23184 | BULL DOG BOTTLE OPENER,Merchandise
23185,FRENCH STYLE STORAGE JAR JAM,23185 | FRENCH STYLE STORAGE JAR JAM,Merchandise
23186,FRENCH STYLE STORAGE JAR CAFE,23186 | FRENCH STYLE STORAGE JAR CAFE,Merchandise
23187,FRENCH STYLE STORAGE JAR BONBONS,23187 | FRENCH STYLE STORAGE JAR BONBONS,Merchandise
23188,VINTAGE  2 METER FOLDING RULER,23188 | VINTAGE  2 METER FOLDING RULER,Merchandise
23189,SET OF 12 FORK CANDLES,23189 | SET OF 12 FORK CANDLES,Merchandise
23190,BUNDLE OF 3 SCHOOL EXERCISE BOOKS,23190 | BUNDLE OF 3 SCHOOL EXERCISE BOOKS,Merchandise
23191,BUNDLE OF 3 RETRO NOTE BOOKS,23191 | BUNDLE OF 3 RETRO NOTE BOOKS,Merchandise
23192,BUNDLE OF 3 ALPHABET EXERCISE BOOKS,23192 | BUNDLE OF 3 ALPHABET EXERCISE BOOKS,Merchandise
23193,BUFFALO BILL TREASURE BOOK BOX,23193 | BUFFALO BILL TREASURE BOOK BOX,Merchandise
23194,GYMKHANA TREASURE BOOK BOX,23194 | GYMKHANA TREASURE BOOK BOX,Merchandise
23196,VINTAGE LEAF MAGNETIC NOTEPAD,23196 | VINTAGE LEAF MAGNETIC NOTEPAD,Merchandise
23197,SKETCHBOOK MAGNETIC SHOPPING LIST,23197 | SKETCHBOOK MAGNETIC SHOPPING LIST,Merchandise
23198,PANTRY MAGNETIC  SHOPPING LIST,23198 | PANTRY MAGNETIC  SHOPPING LIST,Merchandise
23199,JUMBO BAG APPLES,23199 | JUMBO BAG APPLES,Merchandise
23200,JUMBO BAG PEARS,23200 | JUMBO BAG PEARS,Merchandise
23201,JUMBO BAG ALPHABET,23201 | JUMBO BAG ALPHABET,Merchandise
23202,JUMBO BAG VINTAGE LEAF,23202 | JUMBO BAG VINTAGE LEAF,Merchandise
23203,JUMBO BAG VINTAGE DOILY,23203 | JUMBO BAG VINTAGE DOILY,Merchandise
23204,CHARLOTTE BAG APPLES DESIGN,23204 | CHARLOTTE BAG APPLES DESIGN,Merchandise
23205,CHARLOTTE BAG VINTAGE ALPHABET,23205 | CHARLOTTE BAG VINTAGE ALPHABET,Merchandise
23206,LUNCH BAG APPLE DESIGN,23206 | LUNCH BAG APPLE DESIGN,Merchandise
23207,LUNCH BAG ALPHABET DESIGN,23207 | LUNCH BAG ALPHABET DESIGN,Merchandise
23208,LUNCH BAG VINTAGE LEAF DESIGN,23208 | LUNCH BAG VINTAGE LEAF DESIGN,Merchandise
23209,LUNCH BAG VINTAGE DOILY,23209 | LUNCH BAG VINTAGE DOILY,Merchandise
23210,WHITE ROCKING HORSE HAND PAINTED,23210 | WHITE ROCKING HORSE HAND PAINTED,Merchandise
23211,RED ROCKING HORSE HAND PAINTED,23211 | RED ROCKING HORSE HAND PAINTED,Merchandise
23212,HEART WREATH DECORATION WITH BELL,23212 | HEART WREATH DECORATION WITH BELL,Merchandise
23213,STAR WREATH DECORATION WITH BELL,23213 | STAR WREATH DECORATION WITH BELL,Merchandise
23214,JINGLE BELL HEART ANTIQUE GOLD,23214 | JINGLE BELL HEART ANTIQUE GOLD,Merchandise
23215,JINGLE BELL HEART ANTIQUE SILVER,23215 | JINGLE BELL HEART ANTIQUE SILVER,Merchandise
23216,LAUREL HEART ANTIQUE GOLD,23216 | LAUREL HEART ANTIQUE GOLD,Merchandise
23217,LAUREL HEART ANTIQUE SILVER,23217 | LAUREL HEART ANTIQUE SILVER,Merchandise
23218,LAUREL STAR ANTIQUE GOLD,23218 | LAUREL STAR ANTIQUE GOLD,Merchandise
23219,LAUREL STAR ANTIQUE SILVER,23219 | LAUREL STAR ANTIQUE SILVER,Merchandise
23220,REINDEER HEART DECORATION GOLD,23220 | REINDEER HEART DECORATION GOLD,Merchandise
23221,REINDEER HEART DECORATION SILVER,23221 | REINDEER HEART DECORATION SILVER,Merchandise
23222,CHRISTMAS TREE HANGING GOLD,23222 | CHRISTMAS TREE HANGING GOLD,Merchandise
23223,CHRISTMAS TREE HANGING SILVER,23223 | CHRISTMAS TREE HANGING SILVER,Merchandise
23224,CHERUB HEART DECORATION GOLD,23224 | CHERUB HEART DECORATION GOLD,Merchandise
23225,CHERUB HEART DECORATION SILVER,23225 | CHERUB HEART DECORATION SILVER,Merchandise
23226,FILIGREE HEART DAISY WHITE,23226 | FILIGREE HEART DAISY WHITE,Merchandise
23227,FILIGREE HEART BUTTERFLY WHITE,23227 | FILIGREE HEART BUTTERFLY WHITE,Merchandise
23228,FILIGREE HEART BIRD WHITE,23228 | FILIGREE HEART BIRD WHITE,Merchandise
23229,VINTAGE DONKEY TAIL GAME,23229 | VINTAGE DONKEY TAIL GAME,Merchandise
23230,WRAP ALPHABET DESIGN,23230 | WRAP ALPHABET DESIGN,Merchandise
23231,WRAP DOILEY DESIGN,23231 | WRAP DOILEY DESIGN,Merchandise
23232,WRAP VINTAGE LEAF DESIGN,23232 | WRAP VINTAGE LEAF DESIGN,Merchandise
23233,WRAP POPPIES  DESIGN,23233 | WRAP POPPIES  DESIGN,Merchandise
23234,BISCUIT TIN VINTAGE CHRISTMAS,23234 | BISCUIT TIN VINTAGE CHRISTMAS,Merchandise
23235,STORAGE TIN VINTAGE LEAF,23235 | STORAGE TIN VINTAGE LEAF,Merchandise
23236,STORAGE TIN VINTAGE DOILY,23236 | STORAGE TIN VINTAGE DOILY,Merchandise
23237,SET OF 4 KNICK KNACK TINS LEAF,23237 | SET OF 4 KNICK KNACK TINS LEAF,Merchandise
23238,SET OF 4 KNICK KNACK TINS LONDON,23238 | SET OF 4 KNICK KNACK TINS LONDON,Merchandise
23239,SET OF 4 KNICK KNACK TINS POPPIES,23239 | SET OF 4 KNICK KNACK TINS POPPIES,Merchandise
23240,SET OF 4 KNICK KNACK TINS DOILY,23240 | SET OF 4 KNICK KNACK TINS DOILY,Merchandise
23241,TREASURE TIN GYMKHANA DESIGN,23241 | TREASURE TIN GYMKHANA DESIGN,Merchandise
23242,TREASURE TIN BUFFALO BILL,23242 | TREASURE TIN BUFFALO BILL,Merchandise
23243,SET OF TEA COFFEE SUGAR TINS PANTRY,23243 | SET OF TEA COFFEE SUGAR TINS PANTRY,Merchandise
23244,ROUND STORAGE TIN VINTAGE LEAF,23244 | ROUND STORAGE TIN VINTAGE LEAF,Merchandise
23245,SET OF 3 REGENCY CAKE TINS,23245 | SET OF 3 REGENCY CAKE TINS,Merchandise
23247,BISCUIT TIN 50'S CHRISTMAS,23247 | BISCUIT TIN 50'S CHRISTMAS,Merchandise
23249,VINTAGE RED ENAMEL TRIM PLATE,23249 | VINTAGE RED ENAMEL TRIM PLATE,Merchandise
23250,VINTAGE RED TRIM ENAMEL BOWL,23250 | VINTAGE RED TRIM ENAMEL BOWL,Merchandise
23251,VINTAGE RED ENAMEL TRIM MUG,23251 | VINTAGE RED ENAMEL TRIM MUG,Merchandise
23252,VINTAGE RED ENAMEL TRIM JUG,23252 | VINTAGE RED ENAMEL TRIM JUG,Merchandise
23253,16 PIECE CUTLERY SET PANTRY DESIGN,23253 | 16 PIECE CUTLERY SET PANTRY DESIGN,Merchandise
23254,CHILDRENS CUTLERY DOLLY GIRL,23254 | CHILDRENS CUTLERY DOLLY GIRL,Merchandise
23255,CHILDRENS CUTLERY CIRCUS PARADE,23255 | CHILDRENS CUTLERY CIRCUS PARADE,Merchandise
23256,CHILDRENS CUTLERY SPACEBOY,23256 | CHILDRENS CUTLERY SPACEBOY,Merchandise
23263,SET OF 3 WOODEN HEART DECORATIONS,23263 | SET OF 3 WOODEN HEART DECORATIONS,Merchandise
23264,SET OF 3 WOODEN SLEIGH DECORATIONS,23264 | SET OF 3 WOODEN SLEIGH DECORATIONS,Merchandise
23265,SET OF 3 WOODEN TREE DECORATIONS,23265 | SET OF 3 WOODEN TREE DECORATIONS,Merchandise
23266,SET OF 3 WOODEN STOCKING DECORATION,23266 | SET OF 3 WOODEN STOCKING DECORATION,Merchandise
23267,SET OF 4 SANTA PLACE SETTINGS,23267 | SET OF 4 SANTA PLACE SETTINGS,Merchandise
23268,SET OF 2 CERAMIC CHRISTMAS REINDEER,23268 | SET OF 2 CERAMIC CHRISTMAS REINDEER,Merchandise
23269,SET OF 2 CERAMIC CHRISTMAS TREES,23269 | SET OF 2 CERAMIC CHRISTMAS TREES,Merchandise
23270,SET OF 2 CERAMIC PAINTED HEARTS,23270 | SET OF 2 CERAMIC PAINTED HEARTS,Merchandise
23271,CHRISTMAS TABLE SILVER CANDLE SPIKE,23271 | CHRISTMAS TABLE SILVER CANDLE SPIKE,Merchandise
23272,TREE T-LIGHT HOLDER WILLIE WINKIE,23272 | TREE T-LIGHT HOLDER WILLIE WINKIE,Merchandise
23273,HEART T-LIGHT HOLDER WILLIE WINKIE,23273 | HEART T-LIGHT HOLDER WILLIE WINKIE,Merchandise
23274,STAR T-LIGHT HOLDER WILLIE WINKIE,23274 | STAR T-LIGHT HOLDER WILLIE WINKIE,Merchandise
23275,SET OF 3 HANGING OWLS OLLIE BEAK,23275 | SET OF 3 HANGING OWLS OLLIE BEAK,Merchandise
23280,FOLDING BUTTERFLY MIRROR HOT PINK,23280 | FOLDING BUTTERFLY MIRROR HOT PINK,Merchandise
23281,FOLDING BUTTERFLY MIRROR RED,23281 | FOLDING BUTTERFLY MIRROR RED,Merchandise
23282,FOLDING BUTTERFLY MIRROR IVORY,23282 | FOLDING BUTTERFLY MIRROR IVORY,Merchandise
23283,DOORMAT VINTAGE LEAF,23283 | DOORMAT VINTAGE LEAF,Merchandise
23284,DOORMAT KEEP CALM AND COME IN,23284 | DOORMAT KEEP CALM AND COME IN,Merchandise
23285,PINK VINTAGE SPOT BEAKER,23285 | PINK VINTAGE SPOT BEAKER,Merchandise
23286,BLUE VINTAGE SPOT BEAKER,23286 | BLUE VINTAGE SPOT BEAKER,Merchandise
23287,RED VINTAGE SPOT BEAKER,23287 | RED VINTAGE SPOT BEAKER,Merchandise
23288,GREEN VINTAGE SPOT BEAKER,23288 | GREEN VINTAGE SPOT BEAKER,Merchandise
23289,DOLLY GIRL CHILDRENS BOWL,23289 | DOLLY GIRL CHILDRENS BOWL,Merchandise
23290,SPACEBOY CHILDRENS BOWL,23290 | SPACEBOY CHILDRENS BOWL,Merchandise
23291,DOLLY GIRL CHILDRENS CUP,23291 | DOLLY GIRL CHILDRENS CUP,Merchandise
23292,SPACEBOY CHILDRENS CUP,23292 | SPACEBOY CHILDRENS CUP,Merchandise
23293,SET OF 12 FAIRY CAKE BAKING CASES,23293 | SET OF 12 FAIRY CAKE BAKING CASES,Merchandise
23294,SET OF 6 SNACK LOAF BAKING CASES,23294 | SET OF 6 SNACK LOAF BAKING CASES,Merchandise
23295,SET OF 12 MINI LOAF BAKING CASES,23295 | SET OF 12 MINI LOAF BAKING CASES,Merchandise
23296,SET OF 6 TEA TIME BAKING CASES,23296 | SET OF 6 TEA TIME BAKING CASES,Merchandise
23297,SET 40 HEART SHAPE PETIT FOUR CASES,23297 | SET 40 HEART SHAPE PETIT FOUR CASES,Merchandise
23298,SPOTTY BUNTING,23298 | SPOTTY BUNTING,Merchandise
23299,FOOD COVER WITH BEADS SET 2,23299 | FOOD COVER WITH BEADS SET 2,Merchandise
23300,GARDENERS KNEELING PAD CUP OF TEA,23300 | GARDENERS KNEELING PAD CUP OF TEA,Merchandise
23301,GARDENERS KNEELING PAD KEEP CALM,23301 | GARDENERS KNEELING PAD KEEP CALM,Merchandise
23302,KNEELING MAT HOUSEWORK  DESIGN,23302 | KNEELING MAT HOUSEWORK  DESIGN,Merchandise
23303,SET 4 PICNIC CUTLERY FONDANT,23303 | SET 4 PICNIC CUTLERY FONDANT,Merchandise
23304,SET 4 PICNIC CUTLERY CHERRY,23304 | SET 4 PICNIC CUTLERY CHERRY,Merchandise
23305,SET 4 PICNIC CUTLERY BLUEBERRY,23305 | SET 4 PICNIC CUTLERY BLUEBERRY,Merchandise
23306,SET OF 36 DOILIES PANTRY DESIGN,23306 | SET OF 36 DOILIES PANTRY DESIGN,Merchandise
23307,SET OF 60 PANTRY DESIGN CAKE CASES,23307 | SET OF 60 PANTRY DESIGN CAKE CASES,Merchandise
23308,SET OF 60 VINTAGE LEAF CAKE CASES,23308 | SET OF 60 VINTAGE LEAF CAKE CASES,Merchandise
23309,SET OF 60 I LOVE LONDON CAKE CASES,23309 | SET OF 60 I LOVE LONDON CAKE CASES,Merchandise
23310,BUBBLEGUM RING ASSORTED,23310 | BUBBLEGUM RING ASSORTED,Merchandise
23311,VINTAGE CHRISTMAS STOCKING,23311 | VINTAGE CHRISTMAS STOCKING,Merchandise
23312,VINTAGE CHRISTMAS GIFT SACK,23312 | VINTAGE CHRISTMAS GIFT SACK,Merchandise
23313,VINTAGE CHRISTMAS BUNTING,23313 | VINTAGE CHRISTMAS BUNTING,Merchandise
23314,VINTAGE CHRISTMAS TABLECLOTH,23314 | VINTAGE CHRISTMAS TABLECLOTH,Merchandise
23315,IVORY REFECTORY CLOCK,23315 | IVORY REFECTORY CLOCK,Merchandise
23316,RED REFECTORY CLOCK,23316 | RED REFECTORY CLOCK,Merchandise
23317,BLUE REFECTORY CLOCK,23317 | BLUE REFECTORY CLOCK,Merchandise
23318,BOX OF 6 MINI VINTAGE CRACKERS,23318 | BOX OF 6 MINI VINTAGE CRACKERS,Merchandise
23319,BOX OF 6 MINI 50'S CRACKERS,23319 | BOX OF 6 MINI 50'S CRACKERS,Merchandise
23320,GIANT 50'S CHRISTMAS CRACKER,23320 | GIANT 50'S CHRISTMAS CRACKER,Merchandise
23321,SMALL WHITE HEART OF WICKER,23321 | SMALL WHITE HEART OF WICKER,Merchandise
23322,LARGE WHITE HEART OF WICKER,23322 | LARGE WHITE HEART OF WICKER,Merchandise
23323,WHITE WICKER STAR,23323 | WHITE WICKER STAR,Merchandise
23324,RUSTIC STRAWBERRY JAM POT LARGE,23324 | RUSTIC STRAWBERRY JAM POT LARGE,Merchandise
23325,RUSTIC STRAWBERRY JAM POT SMALL,23325 | RUSTIC STRAWBERRY JAM POT SMALL,Merchandise
23326,HANGING MINI COLOURED BOTTLES,23326 | HANGING MINI COLOURED BOTTLES,Merchandise
23327,HANGING CLEAR MINI BOTTLE,23327 | HANGING CLEAR MINI BOTTLE,Merchandise
23328,SET 6 SCHOOL MILK BOTTLES IN CRATE,23328 | SET 6 SCHOOL MILK BOTTLES IN CRATE,Merchandise
23329,DECORATIVE WICKER HEART LARGE,23329 | DECORATIVE WICKER HEART LARGE,Merchandise
23330,DECORATIVE WICKER HEART MEDIUM,23330 | DECORATIVE WICKER HEART MEDIUM,Merchandise
23331,DECORATIVE WICKER HEART SMALL,23331 | DECORATIVE WICKER HEART SMALL,Merchandise
23332,IVORY WICKER HEART LARGE,23332 | IVORY WICKER HEART LARGE,Merchandise
23333,IVORY WICKER HEART MEDIUM,23333 | IVORY WICKER HEART MEDIUM,Merchandise
23334,IVORY WICKER HEART SMALL,23334 | IVORY WICKER HEART SMALL,Merchandise
23335,EGG FRYING PAN IVORY,23335 | EGG FRYING PAN IVORY,Merchandise
23336,EGG FRYING PAN PINK,23336 | EGG FRYING PAN PINK,Merchandise
23337,EGG FRYING PAN MINT,23337 | EGG FRYING PAN MINT,Merchandise
23338,EGG FRYING PAN RED,23338 | EGG FRYING PAN RED,Merchandise
23339,EGG FRYING PAN BLUE,23339 | EGG FRYING PAN BLUE,Merchandise
23340,VINTAGE CHRISTMAS CAKE FRILL,23340 | VINTAGE CHRISTMAS CAKE FRILL,Merchandise
23341,PINK DINER WALL CLOCK,23341 | PINK DINER WALL CLOCK,Merchandise
23342,MINT DINER WALL CLOCK,23342 | MINT DINER WALL CLOCK,Merchandise
23343,JUMBO BAG VINTAGE CHRISTMAS,23343 | JUMBO BAG VINTAGE CHRISTMAS,Merchandise
23344,JUMBO BAG 50'S CHRISTMAS,23344 | JUMBO BAG 50'S CHRISTMAS,Merchandise
23345,DOLLY GIRL BEAKER,23345 | DOLLY GIRL BEAKER,Merchandise
23346,SPACEBOY BEAKER,23346 | SPACEBOY BEAKER,Merchandise
23347,I LOVE LONDON BEAKER,23347 | I LOVE LONDON BEAKER,Merchandise
23348,CHILDRENS TOY COOKING UTENSIL SET,23348 | CHILDRENS TOY COOKING UTENSIL SET,Merchandise
23349,ROLL WRAP VINTAGE CHRISTMAS,23349 | ROLL WRAP VINTAGE CHRISTMAS,Merchandise
23350,ROLL WRAP VINTAGE SPOT,23350 | ROLL WRAP VINTAGE SPOT,Merchandise
23351,ROLL WRAP 50'S CHRISTMAS,23351 | ROLL WRAP 50'S CHRISTMAS,Merchandise
23352,ROLL WRAP 50'S RED CHRISTMAS,23352 | ROLL WRAP 50'S RED CHRISTMAS,Merchandise
23353,6 GIFT TAGS VINTAGE CHRISTMAS,23353 | 6 GIFT TAGS VINTAGE CHRISTMAS,Merchandise
23354,6 GIFT TAGS 50'S CHRISTMAS,23354 | 6 GIFT TAGS 50'S CHRISTMAS,Merchandise
23355,HOT WATER BOTTLE KEEP CALM,23355 | HOT WATER BOTTLE KEEP CALM,Merchandise
23356,LOVE HOT WATER BOTTLE,23356 | LOVE HOT WATER BOTTLE,Merchandise
23357,HOT WATER BOTTLE SEX BOMB,23357 | HOT WATER BOTTLE SEX BOMB,Merchandise
23358,HOT STUFF HOT WATER BOTTLE,23358 | HOT STUFF HOT WATER BOTTLE,Merchandise
23359,SET OF 12 T-LIGHTS VINTAGE DOILY,23359 | SET OF 12 T-LIGHTS VINTAGE DOILY,Merchandise
23360,SET 8 CANDLES VINTAGE DOILY,23360 | SET 8 CANDLES VINTAGE DOILY,Merchandise
23365,SET 12 COLOUR PENCILS LOVE LONDON,23365 | SET 12 COLOUR PENCILS LOVE LONDON,Merchandise
23366,SET 12 COLOURING PENCILS DOILY,23366 | SET 12 COLOURING PENCILS DOILY,Merchandise
23367,SET 12 COLOUR PENCILS SPACEBOY,23367 | SET 12 COLOUR PENCILS SPACEBOY,Merchandise
23368,SET 12 COLOUR PENCILS DOLLY GIRL,23368 | SET 12 COLOUR PENCILS DOLLY GIRL,Merchandise
23369,SET 36 COLOUR PENCILS LOVE LONDON,23369 | SET 36 COLOUR PENCILS LOVE LONDON,Merchandise
23370,SET 36 COLOURING PENCILS DOILY,23370 | SET 36 COLOURING PENCILS DOILY,Merchandise
23371,SET 36 COLOUR PENCILS SPACEBOY,23371 | SET 36 COLOUR PENCILS SPACEBOY,Merchandise
23372,SET 36 COLOUR PENCILS DOLLY GIRL,23372 | SET 36 COLOUR PENCILS DOLLY GIRL,Merchandise
23373,VINTAGE CHRISTMAS PAPER GIFT BAG,23373 | VINTAGE CHRISTMAS PAPER GIFT BAG,Merchandise
23374,RED SPOT PAPER GIFT BAG,23374 | RED SPOT PAPER GIFT BAG,Merchandise
23375,50'S CHRISTMAS PAPER GIFT BAG,23375 | 50'S CHRISTMAS PAPER GIFT BAG,Merchandise
23376,PACK OF 12 VINTAGE CHRISTMAS TISSUE,23376 | PACK OF 12 VINTAGE CHRISTMAS TISSUE,Merchandise
23377,PACK OF 12 DOLLY GIRL TISSUES,23377 | PACK OF 12 DOLLY GIRL TISSUES,Merchandise
23378,PACK OF 12 50'S CHRISTMAS TISSUES,23378 | PACK OF 12 50'S CHRISTMAS TISSUES,Merchandise
23379,PACK OF 12 RED APPLE TISSUES,23379 | PACK OF 12 RED APPLE TISSUES,Merchandise
23380,PACK OF 12 VINTAGE DOILY TISSUES,23380 | PACK OF 12 VINTAGE DOILY TISSUES,Merchandise
23381,PACK OF 12 VINTAGE LEAF TISSUES,23381 | PACK OF 12 VINTAGE LEAF TISSUES,Merchandise
23382,BOX OF 6 CHRISTMAS CAKE DECORATIONS,23382 | BOX OF 6 CHRISTMAS CAKE DECORATIONS,Merchandise
23388,WOODLAND MINI BACKPACK,23388 | WOODLAND MINI BACKPACK,Merchandise
23389,SPACEBOY MINI BACKPACK,23389 | SPACEBOY MINI BACKPACK,Merchandise
23390,DOLLY GIRL MINI BACKPACK,23390 | DOLLY GIRL MINI BACKPACK,Merchandise
23391,I LOVE LONDON MINI BACKPACK,23391 | I LOVE LONDON MINI BACKPACK,Merchandise
23392,SPACEBOY ROCKET LOLLY MAKERS,23392 | SPACEBOY ROCKET LOLLY MAKERS,Merchandise
23393,HOME SWEET HOME CUSHION COVER,23393 | HOME SWEET HOME CUSHION COVER,Merchandise
23394,POSTE FRANCE CUSHION COVER,23394 | POSTE FRANCE CUSHION COVER,Merchandise
23395,BELLE JARDINIERE CUSHION COVER,23395 | BELLE JARDINIERE CUSHION COVER,Merchandise
23396,LE JARDIN BOTANIQUE CUSHION COVER,23396 | LE JARDIN BOTANIQUE CUSHION COVER,Merchandise
23397,FOOT STOOL HOME SWEET HOME,23397 | FOOT STOOL HOME SWEET HOME,Merchandise
23398,HANGING HEART BONHEUR,23398 | HANGING HEART BONHEUR,Merchandise
23399,HOME SWEET HOME HANGING HEART,23399 | HOME SWEET HOME HANGING HEART,Merchandise
23400,SHELF WITH 4 HOOKS HOME SWEET HOME,23400 | SHELF WITH 4 HOOKS HOME SWEET HOME,Merchandise
23401,RUSTIC MIRROR WITH LACE HEART,23401 | RUSTIC MIRROR WITH LACE HEART,Merchandise
23402,HOME SWEET HOME 3 PEG HANGER,23402 | HOME SWEET HOME 3 PEG HANGER,Merchandise
23403,LETTER HOLDER HOME SWEET HOME,23403 | LETTER HOLDER HOME SWEET HOME,Merchandise
23404,HOME SWEET HOME BLACKBOARD,23404 | HOME SWEET HOME BLACKBOARD,Merchandise
23405,HOME SWEET HOME 2 DRAWER CABINET,23405 | HOME SWEET HOME 2 DRAWER CABINET,Merchandise
23406,HOME SWEET HOME KEY HOLDER,23406 | HOME SWEET HOME KEY HOLDER,Merchandise
23407,SET OF 2 TRAYS HOME SWEET HOME,23407 | SET OF 2 TRAYS HOME SWEET HOME,Merchandise
23408,PHOTO FRAME LINEN AND LACE SMALL,23408 | PHOTO FRAME LINEN AND LACE SMALL,Merchandise
23409,PHOTO FRAME LINEN AND LACE LARGE,23409 | PHOTO FRAME LINEN AND LACE LARGE,Merchandise
23410,CURIO CABINET LINEN AND LACE,23410 | CURIO CABINET LINEN AND LACE,Merchandise
23411,TRELLIS COAT RACK,23411 | TRELLIS COAT RACK,Merchandise
23412,HEART MIRROR ANTIQUE WHITE,23412 | HEART MIRROR ANTIQUE WHITE,Merchandise
23413,VINTAGE COFFEE GRINDER BOX,23413 | VINTAGE COFFEE GRINDER BOX,Merchandise
23414,ZINC BOX SIGN HOME,23414 | ZINC BOX SIGN HOME,Merchandise
23415,HOME SWEET HOME HOOK,23415 | HOME SWEET HOME HOOK,Merchandise
23416,CHAMBRE HOOK,23416 | CHAMBRE HOOK,Merchandise
23417,BATHROOM HOOK,23417 | BATHROOM HOOK,Merchandise
23418,LAVENDER TOILETTE BOTTLE,23418 | LAVENDER TOILETTE BOTTLE,Merchandise
23419,HOME SWEET HOME BOTTLE,23419 | HOME SWEET HOME BOTTLE,Merchandise
23420,PANTRY HOOK TEA STRAINER,23420 | PANTRY HOOK TEA STRAINER,Merchandise
23421,PANTRY HOOK SPATULA,23421 | PANTRY HOOK SPATULA,Merchandise
23422,PANTRY HOOK BALLOON WHISK,23422 | PANTRY HOOK BALLOON WHISK,Merchandise
23423,PANTRY 3 HOOK ROLLING PIN HANGER,23423 | PANTRY 3 HOOK ROLLING PIN HANGER,Merchandise
23424,GINGHAM RECIPE BOOK BOX,23424 | GINGHAM RECIPE BOOK BOX,Merchandise
23425,STORAGE TIN HOME SWEET HOME,23425 | STORAGE TIN HOME SWEET HOME,Merchandise
23426,METAL SIGN DROP YOUR PANTS,23426 | METAL SIGN DROP YOUR PANTS,Merchandise
23427,STOOL HOME SWEET HOME,23427 | STOOL HOME SWEET HOME,Merchandise
23428,IVORY RETRO KITCHEN WALL CLOCK,23428 | IVORY RETRO KITCHEN WALL CLOCK,Merchandise
23429,RED RETRO KITCHEN WALL CLOCK,23429 | RED RETRO KITCHEN WALL CLOCK,Merchandise
23430,BLUE RETRO KITCHEN WALL CLOCK,23430 | BLUE RETRO KITCHEN WALL CLOCK,Merchandise
23431,NATURAL HANGING QUILTED HEARTS,23431 | NATURAL HANGING QUILTED HEARTS,Merchandise
23432,PRETTY HANGING QUILTED HEARTS,23432 | PRETTY HANGING QUILTED HEARTS,Merchandise
23433,HANGING QUILTED PATCHWORK APPLES,23433 | HANGING QUILTED PATCHWORK APPLES,Merchandise
23434,3 RAFFIA RIBBONS 50'S CHRISTMAS,23434 | 3 RAFFIA RIBBONS 50'S CHRISTMAS,Merchandise
23435,3 RAFFIA RIBBONS VINTAGE CHRISTMAS,23435 | 3 RAFFIA RIBBONS VINTAGE CHRISTMAS,Merchandise
23436,VINTAGE CHRISTMAS GIFT BAG LARGE,23436 | VINTAGE CHRISTMAS GIFT BAG LARGE,Merchandise
23437,50'S CHRISTMAS GIFT BAG LARGE,23437 | 50'S CHRISTMAS GIFT BAG LARGE,Merchandise
23438,RED SPOT GIFT BAG LARGE,23438 | RED SPOT GIFT BAG LARGE,Merchandise
23439,HAND WARMER RED LOVE HEART,23439 | HAND WARMER RED LOVE HEART,Merchandise
23440,PAINT YOUR OWN EGGS IN CRATE,23440 | PAINT YOUR OWN EGGS IN CRATE,Merchandise
23441,HAND PAINTED HANGING EASTER EGG,23441 | HAND PAINTED HANGING EASTER EGG,Merchandise
23442,12 HANGING EGGS HAND PAINTED,23442 | 12 HANGING EGGS HAND PAINTED,Merchandise
23444,Next Day Carriage,23444 | Next Day Carriage,Merchandise
23445,ICE CREAM BUBBLES,23445 | ICE CREAM BUBBLES,Merchandise
23446,BLUE BUNNY EASTER EGG BASKET,23446 | BLUE BUNNY EASTER EGG BASKET,Merchandise
23447,PINK BUNNY EASTER EGG BASKET,23447 | PINK BUNNY EASTER EGG BASKET,Merchandise
23448,CREAM BUNNY EASTER EGG BASKET,23448 | CREAM BUNNY EASTER EGG BASKET,Merchandise
23449,SET OF 6 EASTER RAINBOW CHICKS,23449 | SET OF 6 EASTER RAINBOW CHICKS,Merchandise
23451,SQUARE MINI PORTRAIT FRAME,23451 | SQUARE MINI PORTRAIT FRAME,Merchandise
23452,HEART MINI PORTRAIT FRAME,23452 | HEART MINI PORTRAIT FRAME,Merchandise
23453,OVAL  MINI PORTRAIT FRAME,23453 | OVAL  MINI PORTRAIT FRAME,Merchandise
23454,THREE MINI HANGING FRAMES,23454 | THREE MINI HANGING FRAMES,Merchandise
23455,SMALL PARLOUR PICTURE FRAME,23455 | SMALL PARLOUR PICTURE FRAME,Merchandise
23456,MEDIUM PARLOUR PICTURE FRAME,23456 | MEDIUM PARLOUR PICTURE FRAME,Merchandise
23457,LARGE PARLOUR PICTURE FRAME,23457 | LARGE PARLOUR PICTURE FRAME,Merchandise
23458,DOLLY CABINET 3 DRAWERS,23458 | DOLLY CABINET 3 DRAWERS,Merchandise
23459,DOLLY CABINET 2 DRAWERS,23459 | DOLLY CABINET 2 DRAWERS,Merchandise
23460,SWEETHEART WALL TIDY,23460 | SWEETHEART WALL TIDY,Merchandise
23461,SWEETHEART BIRD HOUSE,23461 | SWEETHEART BIRD HOUSE,Merchandise
23462,ROCOCO WALL MIRROR WHITE,23462 | ROCOCO WALL MIRROR WHITE,Merchandise
23463,VINTAGE ZINC WATERING CAN,23463 | VINTAGE ZINC WATERING CAN,Merchandise
23464,VINTAGE ZINC WATERING CAN SMALL,23464 | VINTAGE ZINC WATERING CAN SMALL,Merchandise
23465,TUSCAN VILLA BIRD FEEDER,23465 | TUSCAN VILLA BIRD FEEDER,Merchandise
23466,TUSCAN VILLA DOVECOTE BIRD FEEDER,23466 | TUSCAN VILLA DOVECOTE BIRD FEEDER,Merchandise
23467,VINTAGE ZINC PLANTER,23467 | VINTAGE ZINC PLANTER,Merchandise
23468,TUSCAN VILLA BIRD TABLE,23468 | TUSCAN VILLA BIRD TABLE,Merchandise
23469,CARD HOLDER LOVE BIRD SMALL,23469 | CARD HOLDER LOVE BIRD SMALL,Merchandise
23470,CARD HOLDER LOVE BIRD LARGE,23470 | CARD HOLDER LOVE BIRD LARGE,Merchandise
23471,SIX DRAWER OFFICE TIDY,23471 | SIX DRAWER OFFICE TIDY,Merchandise
23472,NINE DRAWER OFFICE TIDY,23472 | NINE DRAWER OFFICE TIDY,Merchandise
23473,WOODLAND SMALL RED FELT HEART,23473 | WOODLAND SMALL RED FELT HEART,Merchandise
23474,WOODLAND SMALL BLUE FELT HEART,23474 | WOODLAND SMALL BLUE FELT HEART,Merchandise
23475,WOODLAND SMALL PINK FELT HEART,23475 | WOODLAND SMALL PINK FELT HEART,Merchandise
23476,WOODLAND LARGE RED FELT HEART,23476 | WOODLAND LARGE RED FELT HEART,Merchandise
23477,WOODLAND LARGE BLUE FELT HEART,23477 | WOODLAND LARGE BLUE FELT HEART,Merchandise
23478,WOODLAND LARGE PINK FELT HEART,23478 | WOODLAND LARGE PINK FELT HEART,Merchandise
23479,WIRE EGG BASKET,23479 | WIRE EGG BASKET,Merchandise
23480,MINI LIGHTS WOODLAND MUSHROOMS,23480 | MINI LIGHTS WOODLAND MUSHROOMS,Merchandise
23481,PEARLISED IVORY HEART SMALL,23481 | PEARLISED IVORY HEART SMALL,Merchandise
23482,PEARLISED IVORY HEART LARGE,23482 | PEARLISED IVORY HEART LARGE,Merchandise
23483,HANGING  BUTTERFLY T-LIGHT HOLDER,23483 | HANGING  BUTTERFLY T-LIGHT HOLDER,Merchandise
23484,HEART TRELLIS TRIPLE T-LIGHT HOLDER,23484 | HEART TRELLIS TRIPLE T-LIGHT HOLDER,Merchandise
23485,BOTANICAL GARDENS WALL CLOCK,23485 | BOTANICAL GARDENS WALL CLOCK,Merchandise
23486,ANTIQUE HEART SHELF UNIT,23486 | ANTIQUE HEART SHELF UNIT,Merchandise
23487,SWEET HEART CAKE CARRIER,23487 | SWEET HEART CAKE CARRIER,Merchandise
23489,VINTAGE BELLS GARLAND,23489 | VINTAGE BELLS GARLAND,Merchandise
23490,T-LIGHT HOLDER HANGING LOVE BIRD,23490 | T-LIGHT HOLDER HANGING LOVE BIRD,Merchandise
23491,VINTAGE JINGLE BELLS HEART,23491 | VINTAGE JINGLE BELLS HEART,Merchandise
23492,VINTAGE JINGLE BELLS WREATH,23492 | VINTAGE JINGLE BELLS WREATH,Merchandise
23493,VINTAGE DOILY TRAVEL SEWING KIT,23493 | VINTAGE DOILY TRAVEL SEWING KIT,Merchandise
23494,VINTAGE DOILY DELUXE SEWING KIT,23494 | VINTAGE DOILY DELUXE SEWING KIT,Merchandise
23495,SET OF 3 PANTRY WOODEN SPOONS,23495 | SET OF 3 PANTRY WOODEN SPOONS,Merchandise
23496,PANTRY KITCHEN THERMOMETER,23496 | PANTRY KITCHEN THERMOMETER,Merchandise
23497,CLASSIC CHROME BICYCLE BELL,23497 | CLASSIC CHROME BICYCLE BELL,Merchandise
23498,CLASSIC BICYCLE CLIPS,23498 | CLASSIC BICYCLE CLIPS,Merchandise
23499,SET 12 VINTAGE DOILY CHALK,23499 | SET 12 VINTAGE DOILY CHALK,Merchandise
23500,KEY RING BASEBALL BOOT ASSORTED,23500 | KEY RING BASEBALL BOOT ASSORTED,Merchandise
23501,KEY RING BASEBALL BOOT UNION JACK,23501 | KEY RING BASEBALL BOOT UNION JACK,Merchandise
23502,PLAYING CARDS VINTAGE DOILY,23502 | PLAYING CARDS VINTAGE DOILY,Merchandise
23503,PLAYING CARDS KEEP CALM & CARRY ON,23503 | PLAYING CARDS KEEP CALM & CARRY ON,Merchandise
23504,PLAYING CARDS JUBILEE UNION JACK,23504 | PLAYING CARDS JUBILEE UNION JACK,Merchandise
23505,PLAYING CARDS I LOVE LONDON,23505 | PLAYING CARDS I LOVE LONDON,Merchandise
23506,MINI PLAYING CARDS SPACEBOY,23506 | MINI PLAYING CARDS SPACEBOY,Merchandise
23507,MINI PLAYING CARDS BUFFALO BILL,23507 | MINI PLAYING CARDS BUFFALO BILL,Merchandise
23508,MINI PLAYING CARDS DOLLY GIRL,23508 | MINI PLAYING CARDS DOLLY GIRL,Merchandise
23509,MINI PLAYING CARDS FUN FAIR,23509 | MINI PLAYING CARDS FUN FAIR,Merchandise
23510,MINI PLAYING CARDS GYMKHANA,23510 | MINI PLAYING CARDS GYMKHANA,Merchandise
23511,EMBROIDERED RIBBON REEL EMILY,23511 | EMBROIDERED RIBBON REEL EMILY,Merchandise
23512,EMBROIDERED RIBBON REEL ROSIE,23512 | EMBROIDERED RIBBON REEL ROSIE,Merchandise
23513,EMBROIDERED RIBBON REEL SUSIE,23513 | EMBROIDERED RIBBON REEL SUSIE,Merchandise
23514,EMBROIDERED RIBBON REEL SALLY,23514 | EMBROIDERED RIBBON REEL SALLY,Merchandise
23515,EMBROIDERED RIBBON REEL DAISY,23515 | EMBROIDERED RIBBON REEL DAISY,Merchandise
23516,EMBROIDERED RIBBON REEL SOPHIE,23516 | EMBROIDERED RIBBON REEL SOPHIE,Merchandise
23517,EMBROIDERED RIBBON REEL REBECCA,23517 | EMBROIDERED RIBBON REEL REBECCA,Merchandise
23518,EMBROIDERED RIBBON REEL RACHEL,23518 | EMBROIDERED RIBBON REEL RACHEL,Merchandise
23519,EMBROIDERED RIBBON REEL CLAIRE,23519 | EMBROIDERED RIBBON REEL CLAIRE,Merchandise
23520,EMBROIDERED RIBBON REEL RUBY,23520 | EMBROIDERED RIBBON REEL RUBY,Merchandise
23521,WALL ART CAT AND BIRD,23521 | WALL ART CAT AND BIRD,Merchandise
23522,WALL ART DOG AND BALL,23522 | WALL ART DOG AND BALL,Merchandise
23523,WALL ART TREASURE AHOY,23523 | WALL ART TREASURE AHOY,Merchandise
23524,WALL ART HORSE & PONY,23524 | WALL ART HORSE & PONY,Merchandise
23525,WALL ART BUFFALO BILL,23525 | WALL ART BUFFALO BILL,Merchandise
23526,WALL ART DOG LICENCE,23526 | WALL ART DOG LICENCE,Merchandise
23527,WALL ART ANIMALS AND NATURE,23527 | WALL ART ANIMALS AND NATURE,Merchandise
23528,WALL ART SPACEBOY,23528 | WALL ART SPACEBOY,Merchandise
23529,WALL ART DOLLY GIRL,23529 | WALL ART DOLLY GIRL,Merchandise
23530,WALL ART ONLY ONE PERSON,23530 | WALL ART ONLY ONE PERSON,Merchandise
23531,WALL ART BIG LOVE,23531 | WALL ART BIG LOVE,Merchandise
23532,WALL ART WORK REST AND PLAY,23532 | WALL ART WORK REST AND PLAY,Merchandise
23533,WALL ART GARDEN HAVEN,23533 | WALL ART GARDEN HAVEN,Merchandise
23534,WALL ART STOP FOR TEA,23534 | WALL ART STOP FOR TEA,Merchandise
23535,WALL ART BICYCLE SAFETY,23535 | WALL ART BICYCLE SAFETY,Merchandise
23536,WALL ART VILLAGE SHOW,23536 | WALL ART VILLAGE SHOW,Merchandise
23537,WALL ART I LOVE LONDON,23537 | WALL ART I LOVE LONDON,Merchandise
23538,WALL ART VINTAGE HEART,23538 | WALL ART VINTAGE HEART,Merchandise
23539,WALL ART LOVES' SECRET,23539 | WALL ART LOVES' SECRET,Merchandise
23540,WALL ART THE MAGIC FOREST,23540 | WALL ART THE MAGIC FOREST,Merchandise
23541,WALL ART CLASSIC PUDDINGS,23541 | WALL ART CLASSIC PUDDINGS,Merchandise
23542,WALL ART 70'S ALPHABET,23542 | WALL ART 70'S ALPHABET,Merchandise
23543,WALL ART KEEP CALM,23543 | WALL ART KEEP CALM,Merchandise
23544,WALL ART MID CENTURY MODERN,23544 | WALL ART MID CENTURY MODERN,Merchandise
23545,WRAP RED VINTAGE DOILY,23545 | WRAP RED VINTAGE DOILY,Merchandise
23546,WRAP PAISLEY PARK,23546 | WRAP PAISLEY PARK,Merchandise
23547,WRAP FLOWER SHOP,23547 | WRAP FLOWER SHOP,Merchandise
23548,WRAP MAGIC FOREST,23548 | WRAP MAGIC FOREST,Merchandise
23549,WRAP BIRD GARDEN,23549 | WRAP BIRD GARDEN,Merchandise
23550,WRAP ALPHABET POSTER,23550 | WRAP ALPHABET POSTER,Merchandise
23551,PACK OF 12 PAISLEY PARK TISSUES,23551 | PACK OF 12 PAISLEY PARK TISSUES,Merchandise
23552,BICYCLE PUNCTURE REPAIR KIT,23552 | BICYCLE PUNCTURE REPAIR KIT,Merchandise
23553,LANDMARK FRAME CAMDEN TOWN,23553 | LANDMARK FRAME CAMDEN TOWN,Merchandise
23554,LANDMARK FRAME OXFORD STREET,23554 | LANDMARK FRAME OXFORD STREET,Merchandise
23555,LANDMARK FRAME NOTTING HILL,23555 | LANDMARK FRAME NOTTING HILL,Merchandise
23556,LANDMARK FRAME COVENT GARDEN,23556 | LANDMARK FRAME COVENT GARDEN,Merchandise
23557,LANDMARK FRAME BAKER STREET,23557 | LANDMARK FRAME BAKER STREET,Merchandise
23558,LANDMARK FRAME LONDON BRIDGE,23558 | LANDMARK FRAME LONDON BRIDGE,Merchandise
23559,WOODLAND BUNNIES LOLLY MAKERS,23559 | WOODLAND BUNNIES LOLLY MAKERS,Merchandise
23560,SET OF 6 RIBBONS COUNTRY STYLE,23560 | SET OF 6 RIBBONS COUNTRY STYLE,Merchandise
23561,SET OF 6 RIBBONS PARTY,23561 | SET OF 6 RIBBONS PARTY,Merchandise
23562,SET OF 6 RIBBONS PERFECTLY PRETTY,23562 | SET OF 6 RIBBONS PERFECTLY PRETTY,Merchandise
23564,EGG CUP MILKMAID INGRID,23564 | EGG CUP MILKMAID INGRID,Merchandise
23565,EGG CUP MILKMAID HELGA,23565 | EGG CUP MILKMAID HELGA,Merchandise
23566,EGG CUP MILKMAID HEIDI,23566 | EGG CUP MILKMAID HEIDI,Merchandise
23567,EGG CUP HENRIETTA HEN PINK,23567 | EGG CUP HENRIETTA HEN PINK,Merchandise
23568,EGG CUP HENRIETTA HEN CREAM,23568 | EGG CUP HENRIETTA HEN CREAM,Merchandise
23569,TRADTIONAL ALPHABET STAMP SET,23569 | TRADTIONAL ALPHABET STAMP SET,Merchandise
23570,TRADITIONAL PICK UP STICKS GAME,23570 | TRADITIONAL PICK UP STICKS GAME,Merchandise
23571,TRADITIONAL NAUGHTS & CROSSES,23571 | TRADITIONAL NAUGHTS & CROSSES,Merchandise
23574,PACKING CHARGE,23574 | PACKING CHARGE,Merchandise
23575,SNACK TRAY PAISLEY PARK,23575 | SNACK TRAY PAISLEY PARK,Merchandise
23576,SNACK TRAY RED VINTAGE DOILY,23576 | SNACK TRAY RED VINTAGE DOILY,Merchandise
23578,SNACK TRAY RED GINGHAM,23578 | SNACK TRAY RED GINGHAM,Merchandise
23579,SNACK TRAY I LOVE LONDON,23579 | SNACK TRAY I LOVE LONDON,Merchandise
23580,SNACK TRAY HAPPY FOREST,23580 | SNACK TRAY HAPPY FOREST,Merchandise
23581,JUMBO BAG PAISLEY PARK,23581 | JUMBO BAG PAISLEY PARK,Merchandise
23582,VINTAGE DOILY JUMBO BAG RED,23582 | VINTAGE DOILY JUMBO BAG RED,Merchandise
23583,LUNCH BAG PAISLEY PARK,23583 | LUNCH BAG PAISLEY PARK,Merchandise
23597,PAPER BUNTING PAISLEY PARK,23597 | PAPER BUNTING PAISLEY PARK,Merchandise
23598,PAPER BUNTING VINTAGE PARTY,23598 | PAPER BUNTING VINTAGE PARTY,Merchandise
23601,SET 10 CARDS SNOWY SNOWDROPS  17100,23601 | SET 10 CARDS SNOWY SNOWDROPS  17100,Merchandise
23602,SET 10 CARDS 3 WISE MEN 17107,23602 | SET 10 CARDS 3 WISE MEN 17107,Merchandise
23603,SET 10 CARD KRAFT REINDEER 17084,23603 | SET 10 CARD KRAFT REINDEER 17084,Merchandise
23604,SET 10 MINI SANTA & SNOWMAN  17087,23604 | SET 10 MINI SANTA & SNOWMAN  17087,Merchandise
23605,SET 10 CARDS 12 DAYS OF XMAS 17059,23605 | SET 10 CARDS 12 DAYS OF XMAS 17059,Merchandise
23607,SET 10 CARDS HATS & STOCKINGS 17081,23607 | SET 10 CARDS HATS & STOCKINGS 17081,Merchandise
23608,SET 10 CARDS RUDOLPHS NOSE 17097,23608 | SET 10 CARDS RUDOLPHS NOSE 17097,Merchandise
23609,SET 10 CARDS SNOWY ROBIN 17099,23609 | SET 10 CARDS SNOWY ROBIN 17099,Merchandise
23610,SET 10 CARDS CHRISTMAS ROBIN 17095,23610 | SET 10 CARDS CHRISTMAS ROBIN 17095,Merchandise
23611,SET 10 CARDS RED RIDING HOOD 17214,23611 | SET 10 CARDS RED RIDING HOOD 17214,Merchandise
23612,SET 10 MINICARDS CUTE SNOWMAN 17071,23612 | SET 10 MINICARDS CUTE SNOWMAN 17071,Merchandise
23613,SET 10 XMAS CARDS & BADGES 17070,23613 | SET 10 XMAS CARDS & BADGES 17070,Merchandise
23614,SET 10 CARDS 12 DAYS WRAP  17058,23614 | SET 10 CARDS 12 DAYS WRAP  17058,Merchandise
23615,SET 10 CARDS PRINTED GRAPHIC 17219,23615 | SET 10 CARDS PRINTED GRAPHIC 17219,Merchandise
23616,SET 10 CARDS JINGLE BELLS 17217,23616 | SET 10 CARDS JINGLE BELLS 17217,Merchandise
23617,SET 10 CARDS SWIRLY XMAS TREE 17104,23617 | SET 10 CARDS SWIRLY XMAS TREE 17104,Merchandise
23619,SET 10 CARDS POINSETTIA 17093,23619 | SET 10 CARDS POINSETTIA 17093,Merchandise
23620,SET 10 CARDS PERFECT POST 17090,23620 | SET 10 CARDS PERFECT POST 17090,Merchandise
23621,SET 10 CARDS DAVID'S MADONNA 17074,23621 | SET 10 CARDS DAVID'S MADONNA 17074,Merchandise
23623,SET 10 CARD CHRISTMAS WELCOME 17112,23623 | SET 10 CARD CHRISTMAS WELCOME 17112,Merchandise
23624,SET 10 CARD PERFECT NATIVITY 17089,23624 | SET 10 CARD PERFECT NATIVITY 17089,Merchandise
23625,SET 6 CARDS SPARKLY REINDEER 17262,23625 | SET 6 CARDS SPARKLY REINDEER 17262,Merchandise
23626,SET 10 CARDS DINKY TREE 17076,23626 | SET 10 CARDS DINKY TREE 17076,Merchandise
23627,SET 10 CARDS XMAS GRAPHIC  17218,23627 | SET 10 CARDS XMAS GRAPHIC  17218,Merchandise
23628,SET 10 CARDS TRIANGLE ICONS  17220,23628 | SET 10 CARDS TRIANGLE ICONS  17220,Merchandise
23629,SET 10 CARDS DRESSING UP 17077,23629 | SET 10 CARDS DRESSING UP 17077,Merchandise
23630,SET 10 CARDS HANGING BAUBLES 17080,23630 | SET 10 CARDS HANGING BAUBLES 17080,Merchandise
23632,SET 10 CARDS CHEERFUL ROBIN 17065,23632 | SET 10 CARDS CHEERFUL ROBIN 17065,Merchandise
23633,SET 10 CARDS WORLD CHILDREN 17067,23633 | SET 10 CARDS WORLD CHILDREN 17067,Merchandise
23634,SET 10 CARDS XMAS CHOIR 17068,23634 | SET 10 CARDS XMAS CHOIR 17068,Merchandise
23635,SET 10 CARDS CHRISTMAS HOLLY  17259,23635 | SET 10 CARDS CHRISTMAS HOLLY  17259,Merchandise
23636,SET 10 CARDS WISHING TREE 17116,23636 | SET 10 CARDS WISHING TREE 17116,Merchandise
23637,SET 10 CARDS OUT OF ORDER 17216,23637 | SET 10 CARDS OUT OF ORDER 17216,Merchandise
23638,SET 10 CARDS ROBIN WATERPUMP  17096,23638 | SET 10 CARDS ROBIN WATERPUMP  17096,Merchandise
23639,SET 10 CARDS MAGICAL TREE 17086,23639 | SET 10 CARDS MAGICAL TREE 17086,Merchandise
23640,SET 10 CARDS SCOTTIE DOG 17211,23640 | SET 10 CARDS SCOTTIE DOG 17211,Merchandise
23643,SET 10 CARDS CHRISTMAS BAUBLE 16954,23643 | SET 10 CARDS CHRISTMAS BAUBLE 16954,Merchandise
23644,SET 10 CARDS CHRISTMAS TREE 16955,23644 | SET 10 CARDS CHRISTMAS TREE 16955,Merchandise
23645,SET 10 CHRISTMAS CARDS HOHOHO 16956,23645 | SET 10 CHRISTMAS CARDS HOHOHO 16956,Merchandise
23646,SET 10 CARDS JINGLE BELLS 16957,23646 | SET 10 CARDS JINGLE BELLS 16957,Merchandise
23649,SET 10 CARDS DECK THE HALLS 16960,23649 | SET 10 CARDS DECK THE HALLS 16960,Merchandise
23650,SET 10 CARDS FILIGREE BAUBLE 16961,23650 | SET 10 CARDS FILIGREE BAUBLE 16961,Merchandise
23652,SET 10 CARD CHRISTMAS STAMPS 16963,23652 | SET 10 CARD CHRISTMAS STAMPS 16963,Merchandise
23654,SET 10 CARD SNOWMAN 16965,23654 | SET 10 CARD SNOWMAN 16965,Merchandise
23660,HENRIETTA HEN MUG,23660 | HENRIETTA HEN MUG,Merchandise
23661,MILK MAIDS MUG,23661 | MILK MAIDS MUG,Merchandise
23664,FLOWER SHOP DESIGN MUG,23664 | FLOWER SHOP DESIGN MUG,Merchandise
23681,LUNCH BAG RED VINTAGE DOILY,23681 | LUNCH BAG RED VINTAGE DOILY,Merchandise
23691,WRAP KEEP CALM BIRTHDAY,23691 | WRAP KEEP CALM BIRTHDAY,Merchandise
23692,WRAP A PRETTY THANK YOU,23692 | WRAP A PRETTY THANK YOU,Merchandise
23694,PAISLEY PARK CARD,23694 | PAISLEY PARK CARD,Merchandise
23695,DOILY THANK YOU CARD,23695 | DOILY THANK YOU CARD,Merchandise
23697,A PRETTY THANK YOU CARD,23697 | A PRETTY THANK YOU CARD,Merchandise
23702,High Resolution Image,23702 | High Resolution Image,Merchandise
23843,"PAPER CRAFT , LITTLE BIRDIE","23843 | PAPER CRAFT , LITTLE BIRDIE",Merchandise
35001G,HAND OPEN SHAPE GOLD,35001G | HAND OPEN SHAPE GOLD,Merchandise
35001W,HAND OPEN SHAPE DECO.WHITE,35001W | HAND OPEN SHAPE DECO.WHITE,Merchandise
35004B,SET OF 3 BLACK FLYING DUCKS,35004B | SET OF 3 BLACK FLYING DUCKS,Merchandise
35004C,SET OF 3 COLOURED  FLYING DUCKS,35004C | SET OF 3 COLOURED  FLYING DUCKS,Merchandise
35004G,SET OF 3 GOLD FLYING DUCKS,35004G | SET OF 3 GOLD FLYING DUCKS,Merchandise
35004P,SET OF 3 PINK FLYING DUCKS,35004P | SET OF 3 PINK FLYING DUCKS,Merchandise
35095A,BLUE VICTORIAN FABRIC OVAL BOX,35095A | BLUE VICTORIAN FABRIC OVAL BOX,Merchandise
35095B,RED VICTORIAN FABRIC OVAL BOX,35095B | RED VICTORIAN FABRIC OVAL BOX,Merchandise
35241,ENAMEL BLUE RIM BISCUIT BIN,35241 | ENAMEL BLUE RIM BISCUIT BIN,Merchandise
35265,COLOURFUL FLOWER FRUIT BOWL,35265 | COLOURFUL FLOWER FRUIT BOWL,Merchandise
35271S,GOLD PRINT PAPER BAG,35271S | GOLD PRINT PAPER BAG,Merchandise
35400,WOODEN BOX ADVENT CALENDAR,35400 | WOODEN BOX ADVENT CALENDAR,Merchandise
35443,RASTA IN BATH W SPLIFF ASHTRAY,35443 | RASTA IN BATH W SPLIFF ASHTRAY,Merchandise
35471D,SET OF 3 BIRD LIGHT PINK FEATHER,35471D | SET OF 3 BIRD LIGHT PINK FEATHER,Merchandise
35591T,TURQUOISE CHRISTMAS TREE,35591T | TURQUOISE CHRISTMAS TREE,Merchandise
35597A,DUSTY PINK CHRISTMAS TREE 30CM,35597A | DUSTY PINK CHRISTMAS TREE 30CM,Merchandise
35597B,BLACKCHRISTMAS TREE 30CM,35597B | BLACKCHRISTMAS TREE 30CM,Merchandise
35597D,PINK/WHITE CHRISTMAS TREE 30CM,35597D | PINK/WHITE CHRISTMAS TREE 30CM,Merchandise
35598A,DUSTY PINK CHRISTMAS TREE 60CM,35598A | DUSTY PINK CHRISTMAS TREE 60CM,Merchandise
35598B,BLACK CHRISTMAS TREE 60CM,35598B | BLACK CHRISTMAS TREE 60CM,Merchandise
35598C,WHITE CHRISTMAS TREE 60CM,35598C | WHITE CHRISTMAS TREE 60CM,Merchandise
35598D,PINK/WHITE CHRISTMAS TREE 60CM,35598D | PINK/WHITE CHRISTMAS TREE 60CM,Merchandise
35599B,BLACK CHRISTMAS TREE 120CM,35599B | BLACK CHRISTMAS TREE 120CM,Merchandise
35599D,PINK AND WHITE CHRISTMAS TREE 120CM,35599D | PINK AND WHITE CHRISTMAS TREE 120CM,Merchandise
35607A,PINK FLUFFY CHRISTMAS DECORATION,35607A | PINK FLUFFY CHRISTMAS DECORATION,Merchandise
35607B,BLACK FEATHER CHRISTMAS DECORATION,35607B | BLACK FEATHER CHRISTMAS DECORATION,Merchandise
35609A,PINK FEATHER CHRISTMAS DECORATION,35609A | PINK FEATHER CHRISTMAS DECORATION,Merchandise
35610A,PINK CHRISTMAS FLOCK DROPLET,35610A | PINK CHRISTMAS FLOCK DROPLET,Merchandise
35610B,BLACK CHRISTMAS FLOCK DROPLET,35610B | BLACK CHRISTMAS FLOCK DROPLET,Merchandise
35610C,WHITE CHRISTMAS FLOCK DROPLET,35610C | WHITE CHRISTMAS FLOCK DROPLET,Merchandise
35637A,IVORY STRING CURTAIN WITH POLE,35637A | IVORY STRING CURTAIN WITH POLE,Merchandise
35637C,PINK STRING CURTAIN WITH POLE,35637C | PINK STRING CURTAIN WITH POLE,Merchandise
35638A,PINK AND BLACK STRING CURTAIN,35638A | PINK AND BLACK STRING CURTAIN,Merchandise
35638B,PINK/BLUE STRING CURTAIN,35638B | PINK/BLUE STRING CURTAIN,Merchandise
35645,VINTAGE BEAD PINK JEWEL BOX,35645 | VINTAGE BEAD PINK JEWEL BOX,Merchandise
35646,VINTAGE BEAD PINK EVENING BAG,35646 | VINTAGE BEAD PINK EVENING BAG,Merchandise
35647,VINTAGE BEAD PINK SHADE,35647 | VINTAGE BEAD PINK SHADE,Merchandise
35648,VINTAGE BEAD PINK PURSE,35648 | VINTAGE BEAD PINK PURSE,Merchandise
35649,VINTAGE BEAD COSMETIC BAG,35649 | VINTAGE BEAD COSMETIC BAG,Merchandise
35650,VINTAGE BEAD PINK JEWEL STAND,35650 | VINTAGE BEAD PINK JEWEL STAND,Merchandise
35651,VINTAGE BEAD PINK SCARF,35651 | VINTAGE BEAD PINK SCARF,Merchandise
35653,VINTAGE BEAD NOTEBOOK,35653 | VINTAGE BEAD NOTEBOOK,Merchandise
35809A,ENAMEL PINK TEA CONTAINER,35809A | ENAMEL PINK TEA CONTAINER,Merchandise
35809B,ENAMEL BLUE RIM TEA CONTAINER,35809B | ENAMEL BLUE RIM TEA CONTAINER,Merchandise
35810A,ENAMEL PINK COFFEE CONTAINER,35810A | ENAMEL PINK COFFEE CONTAINER,Merchandise
35810B,ENAMEL BLUE RIM COFFEE CONTAINER,35810B | ENAMEL BLUE RIM COFFEE CONTAINER,Merchandise
35815P,"ACRYLIC JEWEL SNOWFLAKE, PINK","35815P | ACRYLIC JEWEL SNOWFLAKE, PINK",Merchandise
35816P,"ACRYLIC JEWEL ANGEL,PINK","35816P | ACRYLIC JEWEL ANGEL,PINK",Merchandise
35817P,"ACRYLIC JEWEL SNOWFLAKE,PINK","35817P | ACRYLIC JEWEL SNOWFLAKE,PINK",Merchandise
35818B,"ACRYLIC JEWEL ICICLE, BLUE","35818B | ACRYLIC JEWEL ICICLE, BLUE",Merchandise
35818P,"ACRYLIC JEWEL ICICLE, PINK","35818P | ACRYLIC JEWEL ICICLE, PINK",Merchandise
35819B,"ACRYLIC HANGING JEWEL,BLUE","35819B | ACRYLIC HANGING JEWEL,BLUE",Merchandise
35819P,"ACRYLIC HANGING JEWEL,PINK","35819P | ACRYLIC HANGING JEWEL,PINK",Merchandise
35832,WOOLLY HAT SOCK GLOVE ADVENT STRING,35832 | WOOLLY HAT SOCK GLOVE ADVENT STRING,Merchandise
35833G,4 GOLD FLOCK CHRISTMAS BALLS,35833G | 4 GOLD FLOCK CHRISTMAS BALLS,Merchandise
35833P,4 PINK FLOCK CHRISTMAS BALLS,35833P | 4 PINK FLOCK CHRISTMAS BALLS,Merchandise
35909A,RABBIT EASTER DECORATION,35909A | RABBIT EASTER DECORATION,Merchandise
35909B,PINK FLOWERS RABBIT EASTER,35909B | PINK FLOWERS RABBIT EASTER,Merchandise
35910A,MULTICOLOUR EASTER RABBIT,35910A | MULTICOLOUR EASTER RABBIT,Merchandise
35910B,PINK FLOWERS RABBIT EASTER,35910B | PINK FLOWERS RABBIT EASTER,Merchandise
35911A,MULTICOLOUR RABBIT EGG WARMER,35911A | MULTICOLOUR RABBIT EGG WARMER,Merchandise
35911B,PINK/FLOWER RABBIT EGG WARMER,35911B | PINK/FLOWER RABBIT EGG WARMER,Merchandise
35912B,WHITE/PINK CHICK DECORATION,35912B | WHITE/PINK CHICK DECORATION,Merchandise
35913B,WHITE/PINK CHICK EASTER DECORATION,35913B | WHITE/PINK CHICK EASTER DECORATION,Merchandise
35914,PINK CHICK EGG WARMER + EGG CUP,35914 | PINK CHICK EGG WARMER + EGG CUP,Merchandise
35915B,BLUE KNITTED HEN,35915B | BLUE KNITTED HEN,Merchandise
35915C,PEACH KNITTED HEN,35915C | PEACH KNITTED HEN,Merchandise
35916A,YELLOW FELT HANGING HEART W FLOWER,35916A | YELLOW FELT HANGING HEART W FLOWER,Merchandise
35916B,BLUE FELT HANGING HEART WITH FLOWER,35916B | BLUE FELT HANGING HEART WITH FLOWER,Merchandise
35916C,PINK FELT HANGING HEART W FLOWER,35916C | PINK FELT HANGING HEART W FLOWER,Merchandise
35920,FOUR RABBIT EASTER DECORATIONS,35920 | FOUR RABBIT EASTER DECORATIONS,Merchandise
35921,EASTER BUNNY HANGING GARLAND,35921 | EASTER BUNNY HANGING GARLAND,Merchandise
35922,EASTER BUNNY WREATH,35922 | EASTER BUNNY WREATH,Merchandise
35923,CANDY HEART HANGING DECORATION,35923 | CANDY HEART HANGING DECORATION,Merchandise
35924,HANGING FAIRY CAKE DECORATION,35924 | HANGING FAIRY CAKE DECORATION,Merchandise
35933,PINK STOCKING CHRISTMAS DECORATION,35933 | PINK STOCKING CHRISTMAS DECORATION,Merchandise
35953,FOLKART STAR CHRISTMAS DECORATIONS,35953 | FOLKART STAR CHRISTMAS DECORATIONS,Merchandise
35954,SMALL FOLKART STAR CHRISTMAS DEC,35954 | SMALL FOLKART STAR CHRISTMAS DEC,Merchandise
35957,SMALLFOLKART BAUBLE CHRISTMAS DEC,35957 | SMALLFOLKART BAUBLE CHRISTMAS DEC,Merchandise
35958,FOLKART ZINC STAR CHRISTMAS DEC,35958 | FOLKART ZINC STAR CHRISTMAS DEC,Merchandise
35961,FOLKART ZINC HEART CHRISTMAS DEC,35961 | FOLKART ZINC HEART CHRISTMAS DEC,Merchandise
35964,FOLKART CLIP ON STARS,35964 | FOLKART CLIP ON STARS,Merchandise
35965,FOLKART HEART NAPKIN RINGS,35965 | FOLKART HEART NAPKIN RINGS,Merchandise
35966,FOLKART CHRISTMAS TREE T-LIGHT HOLD,35966 | FOLKART CHRISTMAS TREE T-LIGHT HOLD,Merchandise
35967,FOLK ART METAL STAR T-LIGHT HOLDER,35967 | FOLK ART METAL STAR T-LIGHT HOLDER,Merchandise
35968,FOLK ART METAL HEART T-LIGHT HOLDER,35968 | FOLK ART METAL HEART T-LIGHT HOLDER,Merchandise
35970,ZINC FOLKART SLEIGH BELLS,35970 | ZINC FOLKART SLEIGH BELLS,Merchandise
35971,ROSE FOLKART HEART DECORATIONS,35971 | ROSE FOLKART HEART DECORATIONS,Merchandise
35972,DAISY FOLKART HEART DECORATION,35972 | DAISY FOLKART HEART DECORATION,Merchandise
37327,ASSTD MULTICOLOUR CIRCLES MUG,37327 | ASSTD MULTICOLOUR CIRCLES MUG,Merchandise
37330,BIG POLKADOT MUG,37330 | BIG POLKADOT MUG,Merchandise
37333,"RETRO ""TEA FOR ONE""","37333 | RETRO ""TEA FOR ONE""",Merchandise
37340,MULTICOLOUR SPRING FLOWER MUG,37340 | MULTICOLOUR SPRING FLOWER MUG,Merchandise
37342,POLKADOT COFFEE CUP & SAUCER PINK,37342 | POLKADOT COFFEE CUP & SAUCER PINK,Merchandise
37343,POLKADOT MUG PINK,37343 | POLKADOT MUG PINK,Merchandise
37351,ORANGE FLOWER MUG,37351 | ORANGE FLOWER MUG,Merchandise
37370,RETRO COFFEE MUGS ASSORTED,37370 | RETRO COFFEE MUGS ASSORTED,Merchandise
37379A,PINK CHERRY BLOSSOM CUP & SAUCER,37379A | PINK CHERRY BLOSSOM CUP & SAUCER,Merchandise
37413,ICON MUG REVOLUTIONARY,37413 | ICON MUG REVOLUTIONARY,Merchandise
37423,WHITE WITH BLACK CATS PLATE,37423 | WHITE WITH BLACK CATS PLATE,Merchandise
37444A,YELLOW BREAKFAST CUP AND SAUCER,37444A | YELLOW BREAKFAST CUP AND SAUCER,Merchandise
37444B,BLUE BREAKFAST CUP AND SAUCER,37444B | BLUE BREAKFAST CUP AND SAUCER,Merchandise
37444C,PINK BREAKFAST CUP AND SAUCER,37444C | PINK BREAKFAST CUP AND SAUCER,Merchandise
37446,MINI CAKE STAND WITH HANGING CAKES,37446 | MINI CAKE STAND WITH HANGING CAKES,Merchandise
37447,CERAMIC CAKE DESIGN SPOTTED PLATE,37447 | CERAMIC CAKE DESIGN SPOTTED PLATE,Merchandise
37448,CERAMIC CAKE DESIGN SPOTTED MUG,37448 | CERAMIC CAKE DESIGN SPOTTED MUG,Merchandise
37449,CERAMIC CAKE STAND + HANGING CAKES,37449 | CERAMIC CAKE STAND + HANGING CAKES,Merchandise
37450,CERAMIC CAKE BOWL + HANGING CAKES,37450 | CERAMIC CAKE BOWL + HANGING CAKES,Merchandise
37461,FUNKY MONKEY MUG,37461 | FUNKY MONKEY MUG,Merchandise
37462E,"PET MUG, GOLDFISH","37462E | PET MUG, GOLDFISH",Merchandise
37464,ROBOT MUG IN DISPLAY BOX,37464 | ROBOT MUG IN DISPLAY BOX,Merchandise
37467,PIG MUG IN TWO COLOUR DESIGNS,37467 | PIG MUG IN TWO COLOUR DESIGNS,Merchandise
37468,HARDMAN MUG 3 ASSORTED,37468 | HARDMAN MUG 3 ASSORTED,Merchandise
37471,MULTICOLOUR POLKADOT PLATE,37471 | MULTICOLOUR POLKADOT PLATE,Merchandise
37474,SET/4 2 TONE EGG SHAPE MIXING BOWLS,37474 | SET/4 2 TONE EGG SHAPE MIXING BOWLS,Merchandise
37475,SET/4 COLOURFUL MIXING BOWLS,37475 | SET/4 COLOURFUL MIXING BOWLS,Merchandise
37476,CONDIMENT TRAY 4 BOWLS AND 4 SPOONS,37476 | CONDIMENT TRAY 4 BOWLS AND 4 SPOONS,Merchandise
37479B,CUBIC MUG FLOCK BLUE ON BROWN,37479B | CUBIC MUG FLOCK BLUE ON BROWN,Merchandise
37479P,CUBIC MUG FLOCK PINK ON BROWN,37479P | CUBIC MUG FLOCK PINK ON BROWN,Merchandise
37482P,CUBIC MUG PINK POLKADOT,37482P | CUBIC MUG PINK POLKADOT,Merchandise
37487B,YELLOW/ORANGE FLOWER DESIGN PLATE,37487B | YELLOW/ORANGE FLOWER DESIGN PLATE,Merchandise
37488A,YELLOW PINK FLOWER DESIGN BIG BOWL,37488A | YELLOW PINK FLOWER DESIGN BIG BOWL,Merchandise
37489A,YELLOW/PINK FLOWER DESIGN BIG MUG,37489A | YELLOW/PINK FLOWER DESIGN BIG MUG,Merchandise
37489B,BLUE/YELLOW FLOWER DESIGN BIG MUG,37489B | BLUE/YELLOW FLOWER DESIGN BIG MUG,Merchandise
37489C,GREEN/BLUE FLOWER DESIGN BIG MUG,37489C | GREEN/BLUE FLOWER DESIGN BIG MUG,Merchandise
37489D,PINK/GREEN FLOWER DESIGN BIG MUG,37489D | PINK/GREEN FLOWER DESIGN BIG MUG,Merchandise
37491A,YELLOW/PINK CERAMIC CANDLE HOLDER,37491A | YELLOW/PINK CERAMIC CANDLE HOLDER,Merchandise
37491B,BLUE/YELLOW CERAMIC CANDLE HOLDER,37491B | BLUE/YELLOW CERAMIC CANDLE HOLDER,Merchandise
37491C,GREEN/BLUE CERAMIC CANDLE HOLDER,37491C | GREEN/BLUE CERAMIC CANDLE HOLDER,Merchandise
37491D,PURPLE/BLUE CERAMIC CANDLE HOLDER,37491D | PURPLE/BLUE CERAMIC CANDLE HOLDER,Merchandise
37495,FAIRY CAKE BIRTHDAY CANDLE SET,37495 | FAIRY CAKE BIRTHDAY CANDLE SET,Merchandise
37500,TEA TIME TEAPOT IN GIFT BOX,37500 | TEA TIME TEAPOT IN GIFT BOX,Merchandise
37501,TEA TIME TEA SET IN GIFT BOX,37501 | TEA TIME TEA SET IN GIFT BOX,Merchandise
37503,TEA TIME CAKE STAND IN GIFT BOX,37503 | TEA TIME CAKE STAND IN GIFT BOX,Merchandise
37509,NEW ENGLAND MUG W GIFT BOX,37509 | NEW ENGLAND MUG W GIFT BOX,Merchandise
40001,WHITE BAMBOO RIBS LAMPSHADE,40001 | WHITE BAMBOO RIBS LAMPSHADE,Merchandise
40003,WHITE BAMBOO RIBS LAMPSHADE,40003 | WHITE BAMBOO RIBS LAMPSHADE,Merchandise
40005B,BLUE ORGANDY ROUND LAMPSHADE W BEA,40005B | BLUE ORGANDY ROUND LAMPSHADE W BEA,Merchandise
40016,CHINESE DRAGON PAPER LANTERNS,40016 | CHINESE DRAGON PAPER LANTERNS,Merchandise
40046A,RED DAISY PAPER LAMPSHADE,40046A | RED DAISY PAPER LAMPSHADE,Merchandise
44089A,PINK GAUZE BUTTERFLY LAMPSHADE,44089A | PINK GAUZE BUTTERFLY LAMPSHADE,Merchandise
44089C,LILAC GAUZE BUTTERFLY LAMPSHADE,44089C | LILAC GAUZE BUTTERFLY LAMPSHADE,Merchandise
44091A,BLUE CRUSOE CHECK LAMPSHADE,44091A | BLUE CRUSOE CHECK LAMPSHADE,Merchandise
44092B,BLUE WHITE PLASTIC RINGS LAMPSHADE,44092B | BLUE WHITE PLASTIC RINGS LAMPSHADE,Merchandise
44092C,PURPLE/COPPER HANGING LAMPSHADE,44092C | PURPLE/COPPER HANGING LAMPSHADE,Merchandise
44228,CANNABIS LEAF BEAD CURTAIN,44228 | CANNABIS LEAF BEAD CURTAIN,Merchandise
44234,ASSORTED CIRCULAR MOBILE,44234 | ASSORTED CIRCULAR MOBILE,Merchandise
44235,ASSORTED COLOURED CIRCLE MOBILE,44235 | ASSORTED COLOURED CIRCLE MOBILE,Merchandise
44236,PINK/PURPLE CIRCLE CURTAIN,44236 | PINK/PURPLE CIRCLE CURTAIN,Merchandise
44242A,LILAC FEATHERS CURTAIN,44242A | LILAC FEATHERS CURTAIN,Merchandise
44242B,PINK FEATHERS CURTAIN,44242B | PINK FEATHERS CURTAIN,Merchandise
44265,M/COLOUR POM-POM CURTAIN,44265 | M/COLOUR POM-POM CURTAIN,Merchandise
45013,FOLDING SHOE TIDY,45013 | FOLDING SHOE TIDY,Merchandise
46000M,POLYESTER FILLER PAD 45x45cm,46000M | POLYESTER FILLER PAD 45x45cm,Merchandise
46000P,POLYESTER FILLER PAD 65CMx65CM,46000P | POLYESTER FILLER PAD 65CMx65CM,Merchandise
46000R,POLYESTER FILLER PAD 45x30cm,46000R | POLYESTER FILLER PAD 45x30cm,Merchandise
46000S,POLYESTER FILLER PAD 40x40cm,46000S | POLYESTER FILLER PAD 40x40cm,Merchandise
46000U,POLYESTER FILLER PAD 30CMx30CM,46000U | POLYESTER FILLER PAD 30CMx30CM,Merchandise
46115B,GREEN POP ART MAO CUSHION COVER,46115B | GREEN POP ART MAO CUSHION COVER,Merchandise
46118,FUNKY MONKEY CUSHION COVER,46118 | FUNKY MONKEY CUSHION COVER,Merchandise
46126A,ELVIS WALLHANGING / CURTAIN,46126A | ELVIS WALLHANGING / CURTAIN,Merchandise
46138B,BLUE CHENILLE SHAGGY CUSHION COVER,46138B | BLUE CHENILLE SHAGGY CUSHION COVER,Merchandise
46775D,SUNSET COLOUR CHUNKY KNITTED THROW,46775D | SUNSET COLOUR CHUNKY KNITTED THROW,Merchandise
46776A,WOVEN BUBBLE GUM CUSHION COVER,46776A | WOVEN BUBBLE GUM CUSHION COVER,Merchandise
46776B,WOVEN BERRIES CUSHION COVER,46776B | WOVEN BERRIES CUSHION COVER,Merchandise
46776C,WOVEN FROST CUSHION COVER,46776C | WOVEN FROST CUSHION COVER,Merchandise
46776D,WOVEN SUNSET CUSHION COVER,46776D | WOVEN SUNSET CUSHION COVER,Merchandise
46776E,WOVEN CANDY CUSHION COVER,46776E | WOVEN CANDY CUSHION COVER,Merchandise
46776F,WOVEN ROSE GARDEN CUSHION COVER,46776F | WOVEN ROSE GARDEN CUSHION COVER,Merchandise
47013A,WINE BOTTLE DRESSING LT.BLUE,47013A | WINE BOTTLE DRESSING LT.BLUE,Merchandise
47013C,WINE BOTTLE DRESSING DARK BLUE,47013C | WINE BOTTLE DRESSING DARK BLUE,Merchandise
47016,LIGHT DECORATION BATTERY OPERATED,47016 | LIGHT DECORATION BATTERY OPERATED,Merchandise
47021G,SET/6 BEAD COASTERS GAUZE BAG GOLD,47021G | SET/6 BEAD COASTERS GAUZE BAG GOLD,Merchandise
47310M,SMALL POP BOX FUNKY MONKEY,47310M | SMALL POP BOX FUNKY MONKEY,Merchandise
47341A,FUSCHIA TABLE RUN FLOWER,47341A | FUSCHIA TABLE RUN FLOWER,Merchandise
47341B,BLUE TABLE RUN FLOWER,47341B | BLUE TABLE RUN FLOWER,Merchandise
47343A,FUSCHIA FLOWER PURSE WITH BEADS,47343A | FUSCHIA FLOWER PURSE WITH BEADS,Merchandise
47344B,BLUE FLOWER DES PURSE,47344B | BLUE FLOWER DES PURSE,Merchandise
47348A,FUSCHIA VOILE POINTY SHOE DEC,47348A | FUSCHIA VOILE POINTY SHOE DEC,Merchandise
47351B,BLUE  VOILE LAMPSHADE,47351B | BLUE  VOILE LAMPSHADE,Merchandise
47367B,PAIR PADDED HANGERS PINK CHECK,47367B | PAIR PADDED HANGERS PINK CHECK,Merchandise
47369A,PINK GREEN EMBROIDERY COSMETIC BAG,47369A | PINK GREEN EMBROIDERY COSMETIC BAG,Merchandise
47369B,BLUE GREEN EMBROIDERY COSMETIC BAG,47369B | BLUE GREEN EMBROIDERY COSMETIC BAG,Merchandise
47420,ASSORTED COLOUR SUCTION CUP HOOK,47420 | ASSORTED COLOUR SUCTION CUP HOOK,Merchandise
47421,ASSORTED COLOUR LIZARD SUCTION HOOK,47421 | ASSORTED COLOUR LIZARD SUCTION HOOK,Merchandise
47422,ASSORTED MONKEY SUCTION CUP HOOK,47422 | ASSORTED MONKEY SUCTION CUP HOOK,Merchandise
47469,ASSORTED SHAPES PHOTO CLIP SILVER,47469 | ASSORTED SHAPES PHOTO CLIP SILVER,Merchandise
47471,RAINBOW PEGS PHOTO CLIP STRING,47471 | RAINBOW PEGS PHOTO CLIP STRING,Merchandise
47480,HANGING PHOTO CLIP ROPE LADDER,47480 | HANGING PHOTO CLIP ROPE LADDER,Merchandise
47481,50CM METAL STRING WITH  7 CLIPS,47481 | 50CM METAL STRING WITH  7 CLIPS,Merchandise
47503A,ASS FLORAL PRINT MULTI SCREWDRIVER,47503A | ASS FLORAL PRINT MULTI SCREWDRIVER,Merchandise
47503H,ASS FLORAL PRINT SPIRIT LEVEL,47503H | ASS FLORAL PRINT SPIRIT LEVEL,Merchandise
47503J,SET/3 FLORAL GARDEN TOOLS IN BAG,47503J | SET/3 FLORAL GARDEN TOOLS IN BAG,Merchandise
47504H,ENGLISH ROSE SPIRIT LEVEL,47504H | ENGLISH ROSE SPIRIT LEVEL,Merchandise
47504K,ENGLISH ROSE GARDEN SECATEURS,47504K | ENGLISH ROSE GARDEN SECATEURS,Merchandise
47518F,ICON PLACEMAT POP ART ELVIS,47518F | ICON PLACEMAT POP ART ELVIS,Merchandise
47556B,TEA TIME TEA TOWELS,47556B | TEA TIME TEA TOWELS,Merchandise
47559B,TEA TIME OVEN GLOVE,47559B | TEA TIME OVEN GLOVE,Merchandise
47563A,RETRO LONGBOARD IRONING BOARD COVER,47563A | RETRO LONGBOARD IRONING BOARD COVER,Merchandise
47566,PARTY BUNTING,47566 | PARTY BUNTING,Merchandise
47566B,TEA TIME PARTY BUNTING,47566B | TEA TIME PARTY BUNTING,Merchandise
47567B,TEA TIME KITCHEN APRON,47567B | TEA TIME KITCHEN APRON,Merchandise
47570B,TEA TIME TABLE CLOTH,47570B | TEA TIME TABLE CLOTH,Merchandise
47574A,ENGLISH ROSE SCENTED HANGING FLOWER,47574A | ENGLISH ROSE SCENTED HANGING FLOWER,Merchandise
47574B,ENGLISH ROSE SCENTED HANGING HEART,47574B | ENGLISH ROSE SCENTED HANGING HEART,Merchandise
47578A,ENGLISH ROSE SMALL SCENTED FLOWER,47578A | ENGLISH ROSE SMALL SCENTED FLOWER,Merchandise
47579,TEA TIME BREAKFAST BASKET,47579 | TEA TIME BREAKFAST BASKET,Merchandise
47580,TEA TIME DES TEA COSY,47580 | TEA TIME DES TEA COSY,Merchandise
47585A,PINK FAIRY CAKE CUSHION COVER,47585A | PINK FAIRY CAKE CUSHION COVER,Merchandise
47586A,PINK FAIRY CAKE CUSHION COVER,47586A | PINK FAIRY CAKE CUSHION COVER,Merchandise
47589,CONGRATULATIONS BUNTING,47589 | CONGRATULATIONS BUNTING,Merchandise
47590A,BLUE HAPPY BIRTHDAY BUNTING,47590A | BLUE HAPPY BIRTHDAY BUNTING,Merchandise
47590B,PINK HAPPY BIRTHDAY BUNTING,47590B | PINK HAPPY BIRTHDAY BUNTING,Merchandise
47591B,SCOTTIES CHILDRENS APRON,47591B | SCOTTIES CHILDRENS APRON,Merchandise
47591D,PINK FAIRY CAKE CHILDRENS APRON,47591D | PINK FAIRY CAKE CHILDRENS APRON,Merchandise
47593A,CAROUSEL PONIES BABY BIB,47593A | CAROUSEL PONIES BABY BIB,Merchandise
47593B,SCOTTIE DOGS BABY BIB,47593B | SCOTTIE DOGS BABY BIB,Merchandise
47594A,CAROUSEL DESIGN WASHBAG,47594A | CAROUSEL DESIGN WASHBAG,Merchandise
47594B,SCOTTIES DESIGN WASHBAG,47594B | SCOTTIES DESIGN WASHBAG,Merchandise
47599A,PINK PARTY BAGS,47599A | PINK PARTY BAGS,Merchandise
47599B,BLUE PARTY BAGS,47599B | BLUE PARTY BAGS,Merchandise
48111,DOORMAT 3 SMILEY CATS,48111 | DOORMAT 3 SMILEY CATS,Merchandise
48116,DOORMAT MULTICOLOUR STRIPE,48116 | DOORMAT MULTICOLOUR STRIPE,Merchandise
48129,DOORMAT TOPIARY,48129 | DOORMAT TOPIARY,Merchandise
48138,DOORMAT UNION FLAG,48138 | DOORMAT UNION FLAG,Merchandise
48173C,DOORMAT BLACK FLOCK,48173C | DOORMAT BLACK FLOCK,Merchandise
48184,DOORMAT ENGLISH ROSE,48184 | DOORMAT ENGLISH ROSE,Merchandise
48185,DOORMAT FAIRY CAKE,48185 | DOORMAT FAIRY CAKE,Merchandise
48187,DOORMAT NEW ENGLAND,48187 | DOORMAT NEW ENGLAND,Merchandise
48188,DOORMAT WELCOME PUPPIES,48188 | DOORMAT WELCOME PUPPIES,Merchandise
48189,DOORMAT FRIENDSHIP,48189 | DOORMAT FRIENDSHIP,Merchandise
48194,DOORMAT HEARTS,48194 | DOORMAT HEARTS,Merchandise
51008,AFGHAN SLIPPER SOCK PAIR,51008 | AFGHAN SLIPPER SOCK PAIR,Merchandise
51014A,"FEATHER PEN,HOT PINK","51014A | FEATHER PEN,HOT PINK",Merchandise
51014C,"FEATHER PEN,COAL BLACK","51014C | FEATHER PEN,COAL BLACK",Merchandise
51014L,"FEATHER PEN,LIGHT PINK","51014L | FEATHER PEN,LIGHT PINK",Merchandise
51020A,SUMMER FUN DESIGN SHOWER CAP,51020A | SUMMER FUN DESIGN SHOWER CAP,Merchandise
51020B,STRIPY DESIGN SHOWER CAP,51020B | STRIPY DESIGN SHOWER CAP,Merchandise
62018,SOMBRERO,62018 | SOMBRERO,Merchandise
62043B,BLUE CHECK BAG W HANDLE 34X20CM,62043B | BLUE CHECK BAG W HANDLE 34X20CM,Merchandise
62074B,ELEPHANT CLIP W SUCTION CUP,62074B | ELEPHANT CLIP W SUCTION CUP,Merchandise
62086A,PINK RETRO BIG FLOWER BAG,62086A | PINK RETRO BIG FLOWER BAG,Merchandise
62094B,TURQ ICE CREAM BUM BAG,62094B | TURQ ICE CREAM BUM BAG,Merchandise
62096A,PINK/YELLOW FLOWERS HANDBAG,62096A | PINK/YELLOW FLOWERS HANDBAG,Merchandise
62096B,PURPLE/TURQ FLOWERS HANDBAG,62096B | PURPLE/TURQ FLOWERS HANDBAG,Merchandise
62097B,BLUE STRIPES SHOULDER BAG,62097B | BLUE STRIPES SHOULDER BAG,Merchandise
70006,LOVE HEART POCKET WARMER,70006 | LOVE HEART POCKET WARMER,Merchandise
70007,HI TEC ALPINE HAND WARMER,70007 | HI TEC ALPINE HAND WARMER,Merchandise
71038,WHITE HANGING BEADS CANDLE HOLDER,71038 | WHITE HANGING BEADS CANDLE HOLDER,Merchandise
71050,SMALL SINGLE FLAME CANDLE HOLDER,71050 | SMALL SINGLE FLAME CANDLE HOLDER,Merchandise
71053,WHITE METAL LANTERN,71053 | WHITE METAL LANTERN,Merchandise
71101E,STANDING FAIRY POLE SUPPORT,71101E | STANDING FAIRY POLE SUPPORT,Merchandise
71143,SILVER BOOK MARK WITH BEADS,71143 | SILVER BOOK MARK WITH BEADS,Merchandise
71215,METAL BASE FOR CANDLES,71215 | METAL BASE FOR CANDLES,Merchandise
71270,PHOTO CLIP LINE,71270 | PHOTO CLIP LINE,Merchandise
71279,PINK GLASS CANDLEHOLDER,71279 | PINK GLASS CANDLEHOLDER,Merchandise
71403,"PINK/WHITE ""KEEP CLEAN"" BULLET BIN","71403 | PINK/WHITE ""KEEP CLEAN"" BULLET BIN",Merchandise
71406C,BLACK ORANGE SQUEEZER,71406C | BLACK ORANGE SQUEEZER,Merchandise
71459,HANGING JAM JAR T-LIGHT HOLDER,71459 | HANGING JAM JAR T-LIGHT HOLDER,Merchandise
71477,COLOUR GLASS. STAR T-LIGHT HOLDER,71477 | COLOUR GLASS. STAR T-LIGHT HOLDER,Merchandise
71495A,CD WALL TIDY BLUE OFFICE,71495A | CD WALL TIDY BLUE OFFICE,Merchandise
71495B,CD WALL TIDY RED FLOWERS,71495B | CD WALL TIDY RED FLOWERS,Merchandise
71496A,A4 WALL TIDY BLUE OFFICE,71496A | A4 WALL TIDY BLUE OFFICE,Merchandise
71496B,A4 WALL TIDY RED FLOWERS,71496B | A4 WALL TIDY RED FLOWERS,Merchandise
71510,SQUARE METAL CANDLEHOLDER BASE,71510 | SQUARE METAL CANDLEHOLDER BASE,Merchandise
72024U,LILAC VOTIVE CANDLE,72024U | LILAC VOTIVE CANDLE,Merchandise
72051S,BAG OF SILVER STONES,72051S | BAG OF SILVER STONES,Merchandise
72122,COFFEE SCENT PILLAR CANDLE,72122 | COFFEE SCENT PILLAR CANDLE,Merchandise
72127,COLUMBIAN CANDLE ROUND,72127 | COLUMBIAN CANDLE ROUND,Merchandise
72128,COLUMBIAN CANDLE ROUND,72128 | COLUMBIAN CANDLE ROUND,Merchandise
72130,COLUMBIAN CANDLE ROUND,72130 | COLUMBIAN CANDLE ROUND,Merchandise
72131,COLUMBIAN CANDLE RECTANGLE,72131 | COLUMBIAN CANDLE RECTANGLE,Merchandise
72132,COLUMBIAN CUBE CANDLE,72132 | COLUMBIAN CUBE CANDLE,Merchandise
72133,COLUMBIAN CANDLE RECTANGLE,72133 | COLUMBIAN CANDLE RECTANGLE,Merchandise
72134,COLUMBIAN  CUBE CANDLE,72134 | COLUMBIAN  CUBE CANDLE,Merchandise
72140E,BEST DAD CANDLE LETTERS,72140E | BEST DAD CANDLE LETTERS,Merchandise
72225C,LAVENDER SCENT CAKE CANDLE,72225C | LAVENDER SCENT CAKE CANDLE,Merchandise
72232,FENG SHUI PILLAR CANDLE,72232 | FENG SHUI PILLAR CANDLE,Merchandise
72349B,SET/6 PURPLE BUTTERFLY T-LIGHTS,72349B | SET/6 PURPLE BUTTERFLY T-LIGHTS,Merchandise
72351A,SET/6 TURQUOISE BUTTERFLY T-LIGHTS,72351A | SET/6 TURQUOISE BUTTERFLY T-LIGHTS,Merchandise
72351B,SET/6 PINK  BUTTERFLY T-LIGHTS,72351B | SET/6 PINK  BUTTERFLY T-LIGHTS,Merchandise
72369A,PINK CLEAR GLASS CANDLE PLATE,72369A | PINK CLEAR GLASS CANDLE PLATE,Merchandise
72586,SET OF 6 HALLOWEEN GHOST T-LIGHTS,72586 | SET OF 6 HALLOWEEN GHOST T-LIGHTS,Merchandise
72598,SET/12 TAPER CANDLES,72598 | SET/12 TAPER CANDLES,Merchandise
72709,IVORY SCULPTED RND CANDLE,72709 | IVORY SCULPTED RND CANDLE,Merchandise
72741,GRAND CHOCOLATECANDLE,72741 | GRAND CHOCOLATECANDLE,Merchandise
72760B,VINTAGE CREAM 3 BASKET CAKE STAND,72760B | VINTAGE CREAM 3 BASKET CAKE STAND,Merchandise
72780,BLACK SILOUETTE CANDLE PLATE,72780 | BLACK SILOUETTE CANDLE PLATE,Merchandise
72783,BLACK SIL'T SQU CANDLE PLATE,72783 | BLACK SIL'T SQU CANDLE PLATE,Merchandise
72798C,SET/4 GARDEN ROSE DINNER CANDLE,72798C | SET/4 GARDEN ROSE DINNER CANDLE,Merchandise
72799C,PINK PILLAR CANDLE SILVER FLOCK,72799C | PINK PILLAR CANDLE SILVER FLOCK,Merchandise
72799E,IVORY PILLAR CANDLE SILVER FLOCK,72799E | IVORY PILLAR CANDLE SILVER FLOCK,Merchandise
72799F,IVORY PILLAR CANDLE GOLD FLOCK,72799F | IVORY PILLAR CANDLE GOLD FLOCK,Merchandise
72800B,4 PURPLE FLOCK DINNER CANDLES,72800B | 4 PURPLE FLOCK DINNER CANDLES,Merchandise
72800C,4 PINK DINNER CANDLE SILVER FLOCK,72800C | 4 PINK DINNER CANDLE SILVER FLOCK,Merchandise
72800D,4 BLUE DINNER CANDLES SILVER FLOCK,72800D | 4 BLUE DINNER CANDLES SILVER FLOCK,Merchandise
72800E,4 IVORY DINNER CANDLES SILVER FLOCK,72800E | 4 IVORY DINNER CANDLES SILVER FLOCK,Merchandise
72801C,4 ROSE PINK DINNER CANDLES,72801C | 4 ROSE PINK DINNER CANDLES,Merchandise
72801D,4 SKY BLUE DINNER CANDLES,72801D | 4 SKY BLUE DINNER CANDLES,Merchandise
72801G,4 BURGUNDY WINE DINNER CANDLES,72801G | 4 BURGUNDY WINE DINNER CANDLES,Merchandise
72802A,ROSE SCENT CANDLE IN JEWELLED BOX,72802A | ROSE SCENT CANDLE IN JEWELLED BOX,Merchandise
72802B,OCEAN SCENT CANDLE IN JEWELLED BOX,72802B | OCEAN SCENT CANDLE IN JEWELLED BOX,Merchandise
72802C,VANILLA SCENT CANDLE JEWELLED BOX,72802C | VANILLA SCENT CANDLE JEWELLED BOX,Merchandise
72803A,ROSE SCENT CANDLE JEWELLED DRAWER,72803A | ROSE SCENT CANDLE JEWELLED DRAWER,Merchandise
72803B,OCEAN SCENT CANDLE JEWELLED DRAWER,72803B | OCEAN SCENT CANDLE JEWELLED DRAWER,Merchandise
72807A,SET/3 ROSE CANDLE IN JEWELLED BOX,72807A | SET/3 ROSE CANDLE IN JEWELLED BOX,Merchandise
72807B,SET/3 OCEAN SCENT CANDLE JEWEL BOX,72807B | SET/3 OCEAN SCENT CANDLE JEWEL BOX,Merchandise
72807C,SET/3 VANILLA SCENTED CANDLE IN BOX,72807C | SET/3 VANILLA SCENTED CANDLE IN BOX,Merchandise
72811,SMALL ZINC/GLASS CANDLEHOLDER,72811 | SMALL ZINC/GLASS CANDLEHOLDER,Merchandise
72812,LARGE ZINC GLASS CANDLEHOLDER,72812 | LARGE ZINC GLASS CANDLEHOLDER,Merchandise
72815,3 WICK CHRISTMAS BRIAR CANDLE,72815 | 3 WICK CHRISTMAS BRIAR CANDLE,Merchandise
72816,SET/3 CHRISTMAS DECOUPAGE CANDLES,72816 | SET/3 CHRISTMAS DECOUPAGE CANDLES,Merchandise
72817,SET OF 2 CHRISTMAS DECOUPAGE CANDLE,72817 | SET OF 2 CHRISTMAS DECOUPAGE CANDLE,Merchandise
72818,CHRISTMAS DECOUPAGE CANDLE,72818 | CHRISTMAS DECOUPAGE CANDLE,Merchandise
72819,CUPID DESIGN SCENTED CANDLES,72819 | CUPID DESIGN SCENTED CANDLES,Merchandise
72821,CUPID SCENTED CANDLE IN GLASS,72821 | CUPID SCENTED CANDLE IN GLASS,Merchandise
75011,BLUE DAISY MOBILE,75011 | BLUE DAISY MOBILE,Merchandise
75013B,"STRING OF 8 BUTTERFLIES,PINK","75013B | STRING OF 8 BUTTERFLIES,PINK",Merchandise
75049L,LARGE CIRCULAR MIRROR MOBILE,75049L | LARGE CIRCULAR MIRROR MOBILE,Merchandise
75131,METAL TUBE CHIME ON BAMBOO,75131 | METAL TUBE CHIME ON BAMBOO,Merchandise
75172,PAINTED SEA SHELL METAL WINDCHIME,75172 | PAINTED SEA SHELL METAL WINDCHIME,Merchandise
75178,ASSTD COL BUTTERFLY/CRYSTAL W/CHIME,75178 | ASSTD COL BUTTERFLY/CRYSTAL W/CHIME,Merchandise
77079,DOLPHIN WINDMILL,77079 | DOLPHIN WINDMILL,Merchandise
77101A,UNION FLAG WINDSOCK,77101A | UNION FLAG WINDSOCK,Merchandise
78033,FLAG OF ST GEORGE CHAIR,78033 | FLAG OF ST GEORGE CHAIR,Merchandise
78034B,BLUE NETTING STORAGE HANGER,78034B | BLUE NETTING STORAGE HANGER,Merchandise
78124,MAGAZINE RACK GEBRA ASSORTED,78124 | MAGAZINE RACK GEBRA ASSORTED,Merchandise
79000,MOROCCAN TEA GLASS,79000 | MOROCCAN TEA GLASS,Merchandise
79026B,"S/4 ICON COASTER,ELVIS LIVES","79026B | S/4 ICON COASTER,ELVIS LIVES",Merchandise
79030D,TUMBLER BAROQUE,79030D | TUMBLER BAROQUE,Merchandise
79030G,TUMBLER NEW ENGLAND,79030G | TUMBLER NEW ENGLAND,Merchandise
79051A,SMOKEY GREY COLOUR D.O.F. GLASS,79051A | SMOKEY GREY COLOUR D.O.F. GLASS,Merchandise
79062D,"RETRO TIN ASHTRAY,REVOLUTIONARY","79062D | RETRO TIN ASHTRAY,REVOLUTIONARY",Merchandise
79063C,"RETRO PILL BOX KEY CHAIN,THE KING","79063C | RETRO PILL BOX KEY CHAIN,THE KING",Merchandise
79063D,"RETRO PILL BOX , REVOLUTIONARY","79063D | RETRO PILL BOX , REVOLUTIONARY",Merchandise
79066K,RETRO MOD TRAY,79066K | RETRO MOD TRAY,Merchandise
79067,CORONA MEXICAN TRAY,79067 | CORONA MEXICAN TRAY,Merchandise
79071B,ENGLISH ROSE METAL WASTE BIN,79071B | ENGLISH ROSE METAL WASTE BIN,Merchandise
79144B,PAINTED LIGHTBULB STAR+ MOON,79144B | PAINTED LIGHTBULB STAR+ MOON,Merchandise
79144C,PAINTED LIGHTBULB RAINBOW DESIGN,79144C | PAINTED LIGHTBULB RAINBOW DESIGN,Merchandise
79149B,SILICON STAR BULB  BLUE,79149B | SILICON STAR BULB  BLUE,Merchandise
79151B,"SILICON CUBE 25W, BLUE","79151B | SILICON CUBE 25W, BLUE",Merchandise
79157B,UBO-LIGHT TRIOBASE BLUE,79157B | UBO-LIGHT TRIOBASE BLUE,Merchandise
79157V,UBO-LIGHT TRIOBASE PURPLE,79157V | UBO-LIGHT TRIOBASE PURPLE,Merchandise
79160,HEART SHAPE WIRELESS DOORBELL,79160 | HEART SHAPE WIRELESS DOORBELL,Merchandise
79161A,ST GEORGE SET OF 10 PARTY LIGHTS,79161A | ST GEORGE SET OF 10 PARTY LIGHTS,Merchandise
79163,BLACK CHAMPAGNE GLASS,79163 | BLACK CHAMPAGNE GLASS,Merchandise
79164,BLACK WINE GLASS,79164 | BLACK WINE GLASS,Merchandise
79190A,RETRO PLASTIC 70'S TRAY,79190A | RETRO PLASTIC 70'S TRAY,Merchandise
79190B,RETRO PLASTIC POLKA TRAY,79190B | RETRO PLASTIC POLKA TRAY,Merchandise
79190D,RETRO PLASTIC DAISY TRAY,79190D | RETRO PLASTIC DAISY TRAY,Merchandise
79191B,RETRO PLASTIC POLKA TRAY,79191B | RETRO PLASTIC POLKA TRAY,Merchandise
79191C,RETRO PLASTIC ELEPHANT TRAY,79191C | RETRO PLASTIC ELEPHANT TRAY,Merchandise
79191D,RETRO PLASTIC DAISY TRAY,79191D | RETRO PLASTIC DAISY TRAY,Merchandise
79192A,RETRO PLASTIC 70'S TRAY,79192A | RETRO PLASTIC 70'S TRAY,Merchandise
79302M,"ART LIGHTS,FUNK MONKEY","79302M | ART LIGHTS,FUNK MONKEY",Merchandise
79320,FLAMINGO LIGHTS,79320 | FLAMINGO LIGHTS,Merchandise
79321,CHILLI LIGHTS,79321 | CHILLI LIGHTS,Merchandise
79323B,BLACK CHERRY LIGHTS,79323B | BLACK CHERRY LIGHTS,Merchandise
79323P,PINK CHERRY LIGHTS,79323P | PINK CHERRY LIGHTS,Merchandise
79323W,"Unsaleable, destroyed.","79323W | Unsaleable, destroyed.",Merchandise
79329,PINK FLOCK GLASS CANDLEHOLDER,79329 | PINK FLOCK GLASS CANDLEHOLDER,Merchandise
79331,PINK FLOCK GLASS CANDLEHOLDER,79331 | PINK FLOCK GLASS CANDLEHOLDER,Merchandise
79336,LIGHT PINK FLOCK GLASS CANDLEHOLDER,79336 | LIGHT PINK FLOCK GLASS CANDLEHOLDER,Merchandise
79337,BLUE FLOCK GLASS CANDLEHOLDER,79337 | BLUE FLOCK GLASS CANDLEHOLDER,Merchandise
79403,FROSTED WHITE BASE,79403 | FROSTED WHITE BASE,Merchandise
79406,FROSTED WHITE BASE,79406 | FROSTED WHITE BASE,Merchandise
81950B,FLOWER BLUE CLOCK WITH SUCKER,81950B | FLOWER BLUE CLOCK WITH SUCKER,Merchandise
81950V,FLOWER PURPLE CLOCK WITH SUCKER,81950V | FLOWER PURPLE CLOCK WITH SUCKER,Merchandise
81952B,ROUND BLUE CLOCK WITH SUCKER,81952B | ROUND BLUE CLOCK WITH SUCKER,Merchandise
81952V,ROUND PURPLE CLOCK WITH SUCKER,81952V | ROUND PURPLE CLOCK WITH SUCKER,Merchandise
81953B,ROUND BLUE CLOCK WITH SUCKER,81953B | ROUND BLUE CLOCK WITH SUCKER,Merchandise
81953P,ROUND ARTICULATED PINK CLOCK W/SUCK,81953P | ROUND ARTICULATED PINK CLOCK W/SUCK,Merchandise
82001S,VINYL RECORD FRAME SILVER,82001S | VINYL RECORD FRAME SILVER,Merchandise
82011A,"BATHROOM SCALES, TROPICAL BEACH","82011A | BATHROOM SCALES, TROPICAL BEACH",Merchandise
82011B,BATHROOM SCALES RUBBER DUCKS,82011B | BATHROOM SCALES RUBBER DUCKS,Merchandise
82011C,BATHROOM SCALES FOOTPRINTS IN SAND,82011C | BATHROOM SCALES FOOTPRINTS IN SAND,Merchandise
82095,HEART BUTTONS JEWELLERY BOX,82095 | HEART BUTTONS JEWELLERY BOX,Merchandise
82482,WOODEN PICTURE FRAME WHITE FINISH,82482 | WOODEN PICTURE FRAME WHITE FINISH,Merchandise
82483,WOOD 2 DRAWER CABINET WHITE FINISH,82483 | WOOD 2 DRAWER CABINET WHITE FINISH,Merchandise
82484,WOOD BLACK BOARD ANT WHITE FINISH,82484 | WOOD BLACK BOARD ANT WHITE FINISH,Merchandise
82486,WOOD S/3 CABINET ANT WHITE FINISH,82486 | WOOD S/3 CABINET ANT WHITE FINISH,Merchandise
82494L,WOODEN FRAME ANTIQUE WHITE,82494L | WOODEN FRAME ANTIQUE WHITE,Merchandise
82551,LAUNDRY 15C METAL SIGN,82551 | LAUNDRY 15C METAL SIGN,Merchandise
82552,WASHROOM METAL SIGN,82552 | WASHROOM METAL SIGN,Merchandise
82567,"AIRLINE LOUNGE,METAL SIGN","82567 | AIRLINE LOUNGE,METAL SIGN",Merchandise
82578,KITCHEN METAL SIGN,82578 | KITCHEN METAL SIGN,Merchandise
82580,BATHROOM METAL SIGN,82580 | BATHROOM METAL SIGN,Merchandise
82581,TOILET METAL SIGN,82581 | TOILET METAL SIGN,Merchandise
82582,AREA PATROLLED METAL SIGN,82582 | AREA PATROLLED METAL SIGN,Merchandise
82583,HOT BATHS METAL SIGN,82583 | HOT BATHS METAL SIGN,Merchandise
82599,FANNY'S REST STOPMETAL SIGN,82599 | FANNY'S REST STOPMETAL SIGN,Merchandise
82600,NO SINGING METAL SIGN,82600 | NO SINGING METAL SIGN,Merchandise
82605,OLD DOC RUSSEL METAL SIGN,82605 | OLD DOC RUSSEL METAL SIGN,Merchandise
82613A,"METAL SIGN,CUPCAKE SINGLE HOOK","82613A | METAL SIGN,CUPCAKE SINGLE HOOK",Merchandise
82613B,"METAL SIGN,CUPCAKE SINGLE HOOK","82613B | METAL SIGN,CUPCAKE SINGLE HOOK",Merchandise
82613C,"METAL SIGN,CUPCAKE SINGLE HOOK","82613C | METAL SIGN,CUPCAKE SINGLE HOOK",Merchandise
82613D,METAL SIGN CUPCAKE SINGLE HOOK,82613D | METAL SIGN CUPCAKE SINGLE HOOK,Merchandise
82615,PINK MARSHMALLOW SCARF KNITTING KIT,82615 | PINK MARSHMALLOW SCARF KNITTING KIT,Merchandise
82616B,FRAPPUCINO SCARF KNITTING KIT,82616B | FRAPPUCINO SCARF KNITTING KIT,Merchandise
82616C,MIDNIGHT GLAMOUR SCARF KNITTING KIT,82616C | MIDNIGHT GLAMOUR SCARF KNITTING KIT,Merchandise
84006,MAGIC TREE -PAPER FLOWERS,84006 | MAGIC TREE -PAPER FLOWERS,Merchandise
84012,MAGIC SHEEP WOOL GROWING FROM PAPER,84012 | MAGIC SHEEP WOOL GROWING FROM PAPER,Merchandise
84016,FLAG OF ST GEORGE CAR FLAG,84016 | FLAG OF ST GEORGE CAR FLAG,Merchandise
84029E,RED WOOLLY HOTTIE WHITE HEART.,84029E | RED WOOLLY HOTTIE WHITE HEART.,Merchandise
84029G,KNITTED UNION FLAG HOT WATER BOTTLE,84029G | KNITTED UNION FLAG HOT WATER BOTTLE,Merchandise
84030E,ENGLISH ROSE HOT WATER BOTTLE,84030E | ENGLISH ROSE HOT WATER BOTTLE,Merchandise
84031A,CHARLIE+LOLA RED HOT WATER BOTTLE,84031A | CHARLIE+LOLA RED HOT WATER BOTTLE,Merchandise
84031B,CHARLIE LOLA BLUE HOT WATER BOTTLE,84031B | CHARLIE LOLA BLUE HOT WATER BOTTLE,Merchandise
84032A,CHARLIE+LOLA PINK HOT WATER BOTTLE,84032A | CHARLIE+LOLA PINK HOT WATER BOTTLE,Merchandise
84032B,CHARLIE + LOLA RED HOT WATER BOTTLE,84032B | CHARLIE + LOLA RED HOT WATER BOTTLE,Merchandise
84033,FLAG OF ST GEORGE,84033 | FLAG OF ST GEORGE,Merchandise
84050,PINK HEART SHAPE EGG FRYING PAN,84050 | PINK HEART SHAPE EGG FRYING PAN,Merchandise
84051,ASS COLOUR GLOWING TIARAS,84051 | ASS COLOUR GLOWING TIARAS,Merchandise
84077,WORLD WAR 2 GLIDERS ASSTD DESIGNS,84077 | WORLD WAR 2 GLIDERS ASSTD DESIGNS,Merchandise
84078A,SET/4 WHITE RETRO STORAGE CUBES,84078A | SET/4 WHITE RETRO STORAGE CUBES,Merchandise
84086B,YELLOW/BLUE RETRO RADIO,84086B | YELLOW/BLUE RETRO RADIO,Merchandise
84086C,PINK/PURPLE RETRO RADIO,84086C | PINK/PURPLE RETRO RADIO,Merchandise
84192,ASSORTED COLOUR METAL CAT,84192 | ASSORTED COLOUR METAL CAT,Merchandise
84199,GLOW IN DARK DOLPHINS,84199 | GLOW IN DARK DOLPHINS,Merchandise
84201B,HAPPY BIRTHDAY CARD STRIPEY TEDDY,84201B | HAPPY BIRTHDAY CARD STRIPEY TEDDY,Merchandise
84201C,HAPPY BIRTHDAY CARD TEDDY/CAKE,84201C | HAPPY BIRTHDAY CARD TEDDY/CAKE,Merchandise
84206A,3 BLACK CATS W HEARTS BLANK CARD,84206A | 3 BLACK CATS W HEARTS BLANK CARD,Merchandise
84206B,CAT WITH SUNGLASSES BLANK CARD,84206B | CAT WITH SUNGLASSES BLANK CARD,Merchandise
84206C,CHAMPAGNE TRAY BLANK CARD,84206C | CHAMPAGNE TRAY BLANK CARD,Merchandise
84212,"ASSORTED FLOWER COLOUR ""LEIS""","84212 | ASSORTED FLOWER COLOUR ""LEIS""",Merchandise
84218,BOX/12 CHICK & EGG IN BASKET,84218 | BOX/12 CHICK & EGG IN BASKET,Merchandise
84226,HEN HOUSE W FAMILY IN BARN & NEST,84226 | HEN HOUSE W FAMILY IN BARN & NEST,Merchandise
84227,HEN HOUSE W CHICK IN NEST,84227 | HEN HOUSE W CHICK IN NEST,Merchandise
84228,HEN HOUSE W CHICK STANDING,84228 | HEN HOUSE W CHICK STANDING,Merchandise
84231,EASTER BUNNY WITH BASKET ON BACK,84231 | EASTER BUNNY WITH BASKET ON BACK,Merchandise
84247E,PACK OF 12 CHRISTMAS FUN CARDS,84247E | PACK OF 12 CHRISTMAS FUN CARDS,Merchandise
84247G,"DECOUPAGE,GREETING CARD,","84247G | DECOUPAGE,GREETING CARD,",Merchandise
84247K,"FOLK ART GREETING CARD,pack/12","84247K | FOLK ART GREETING CARD,pack/12",Merchandise
84247L,FAWN AND MUSHROOM GREETING CARD,84247L | FAWN AND MUSHROOM GREETING CARD,Merchandise
84247N,PACK/12 BLUE FOLKART CARDS,84247N | PACK/12 BLUE FOLKART CARDS,Merchandise
84249A,"GREETING CARD,SQUARE, DOUGHNUTS","84249A | GREETING CARD,SQUARE, DOUGHNUTS",Merchandise
84251B,"GREETING CARD, STICKY GORDON","84251B | GREETING CARD, STICKY GORDON",Merchandise
84251C,"GREETING CARD, TWO SISTERS.","84251C | GREETING CARD, TWO SISTERS.",Merchandise
84251G,"GREETING CARD, OVERCROWDED POOL.","84251G | GREETING CARD, OVERCROWDED POOL.",Merchandise
84270,ASSTD DESIGN BUBBLE GUM RING,84270 | ASSTD DESIGN BUBBLE GUM RING,Merchandise
84279B,CHERRY BLOSSOM DECORATIVE FLASK,84279B | CHERRY BLOSSOM DECORATIVE FLASK,Merchandise
84279P,CHERRY BLOSSOM  DECORATIVE FLASK,84279P | CHERRY BLOSSOM  DECORATIVE FLASK,Merchandise
84306,S/3 PINK SQUARE PLANTERS ROSES,84306 | S/3 PINK SQUARE PLANTERS ROSES,Merchandise
84313B,BLUE TV TRAY TABLE,84313B | BLUE TV TRAY TABLE,Merchandise
84313C,ORANGE TV TRAY TABLE,84313C | ORANGE TV TRAY TABLE,Merchandise
84341B,SMALL PINK MAGIC CHRISTMAS TREE,84341B | SMALL PINK MAGIC CHRISTMAS TREE,Merchandise
84347,ROTATING SILVER ANGELS T-LIGHT HLDR,84347 | ROTATING SILVER ANGELS T-LIGHT HLDR,Merchandise
84352,SILVER CHRISTMAS TREE BAUBLE STAND,84352 | SILVER CHRISTMAS TREE BAUBLE STAND,Merchandise
84356,POMPOM CURTAIN,84356 | POMPOM CURTAIN,Merchandise
84358,FLOOR LAMP SHADE WOOD BASE,84358 | FLOOR LAMP SHADE WOOD BASE,Merchandise
84360,TABLE LAMP WHITE SHADE WOOD BASE,84360 | TABLE LAMP WHITE SHADE WOOD BASE,Merchandise
84375,SET OF 20 KIDS COOKIE CUTTERS,84375 | SET OF 20 KIDS COOKIE CUTTERS,Merchandise
84378,SET OF 3 HEART COOKIE CUTTERS,84378 | SET OF 3 HEART COOKIE CUTTERS,Merchandise
84380,SET OF 3 BUTTERFLY COOKIE CUTTERS,84380 | SET OF 3 BUTTERFLY COOKIE CUTTERS,Merchandise
84387A,BIRD ON BRANCH CANVAS SCREEN,84387A | BIRD ON BRANCH CANVAS SCREEN,Merchandise
84388,WISE MAN STAR SHAPE EGG PAN,84388 | WISE MAN STAR SHAPE EGG PAN,Merchandise
84402B,PURPLE DRESS JEWELLERY STAND,84402B | PURPLE DRESS JEWELLERY STAND,Merchandise
84406B,CREAM CUPID HEARTS COAT HANGER,84406B | CREAM CUPID HEARTS COAT HANGER,Merchandise
84415A,PINK FLOCK SUEDE CUSHION COVER,84415A | PINK FLOCK SUEDE CUSHION COVER,Merchandise
84415B,BLUE FLOCK CUSHION COVER,84415B | BLUE FLOCK CUSHION COVER,Merchandise
84422,PINK/BLUE DISC/MIRROR STRING,84422 | PINK/BLUE DISC/MIRROR STRING,Merchandise
84429A,MEDIUM PINK BUDDHA HEAD,84429A | MEDIUM PINK BUDDHA HEAD,Merchandise
84452,METAL RABBIT LADDER EASTER,84452 | METAL RABBIT LADDER EASTER,Merchandise
84457,SET/3 RABBITS FLOWER SKIPPPING ROPE,84457 | SET/3 RABBITS FLOWER SKIPPPING ROPE,Merchandise
84459A,PINK METAL CHICKEN HEART,84459A | PINK METAL CHICKEN HEART,Merchandise
84459B,YELLOW METAL CHICKEN HEART,84459B | YELLOW METAL CHICKEN HEART,Merchandise
84461,12 PINK HEN+CHICKS IN BASKET,84461 | 12 PINK HEN+CHICKS IN BASKET,Merchandise
84462,3 PINK HEN+CHICKS IN BASKET,84462 | 3 PINK HEN+CHICKS IN BASKET,Merchandise
84465,15 PINK FLUFFY CHICKS IN BOX,84465 | 15 PINK FLUFFY CHICKS IN BOX,Merchandise
84466,TOP SECRET PEN SET,84466 | TOP SECRET PEN SET,Merchandise
84497,BUTTONS AND STRIPES NOTEBOOK,84497 | BUTTONS AND STRIPES NOTEBOOK,Merchandise
84499,BLACK FLOWER CANDLE PLATE,84499 | BLACK FLOWER CANDLE PLATE,Merchandise
84507B,STRIPES DESIGN MONKEY DOLL,84507B | STRIPES DESIGN MONKEY DOLL,Merchandise
84507C,BLUE CIRCLES DESIGN MONKEY DOLL,84507C | BLUE CIRCLES DESIGN MONKEY DOLL,Merchandise
84508A,CAMOUFLAGE DESIGN TEDDY,84508A | CAMOUFLAGE DESIGN TEDDY,Merchandise
84508B,STRIPES DESIGN TEDDY,84508B | STRIPES DESIGN TEDDY,Merchandise
84508C,BLUE CIRCLES DESIGN TEDDY,84508C | BLUE CIRCLES DESIGN TEDDY,Merchandise
84509A,SET OF 4 ENGLISH ROSE PLACEMATS,84509A | SET OF 4 ENGLISH ROSE PLACEMATS,Merchandise
84509B,SET OF 4 FAIRY CAKE PLACEMATS,84509B | SET OF 4 FAIRY CAKE PLACEMATS,Merchandise
84509C,SET OF 4 POLKADOT PLACEMATS,84509C | SET OF 4 POLKADOT PLACEMATS,Merchandise
84509E,SET OF 4 CAROUSEL PLACEMATS,84509E | SET OF 4 CAROUSEL PLACEMATS,Merchandise
84509G,SET OF 4 FAIRY CAKE PLACEMATS,84509G | SET OF 4 FAIRY CAKE PLACEMATS,Merchandise
84510A,SET OF 4 ENGLISH ROSE COASTERS,84510A | SET OF 4 ENGLISH ROSE COASTERS,Merchandise
84510C,SET OF 4 POLKADOT COASTERS,84510C | SET OF 4 POLKADOT COASTERS,Merchandise
84510E,SET OF 4 GREEN CAROUSEL COASTERS,84510E | SET OF 4 GREEN CAROUSEL COASTERS,Merchandise
84519A,TOMATO CHARLIE+LOLA COASTER SET,84519A | TOMATO CHARLIE+LOLA COASTER SET,Merchandise
84519B,CARROT CHARLIE+LOLA COASTER SET,84519B | CARROT CHARLIE+LOLA COASTER SET,Merchandise
84520B,PACK 20 ENGLISH ROSE PAPER NAPKINS,84520B | PACK 20 ENGLISH ROSE PAPER NAPKINS,Merchandise
84522,PINK PARTY SUNGLASSES,84522 | PINK PARTY SUNGLASSES,Merchandise
84527,FLAMES SUNGLASSES PINK LENSES,84527 | FLAMES SUNGLASSES PINK LENSES,Merchandise
84531A,PINK KNITTED EGG COSY,84531A | PINK KNITTED EGG COSY,Merchandise
84531B,BLUE KNITTED EGG COSY,84531B | BLUE KNITTED EGG COSY,Merchandise
84534B,FAIRY CAKE NOTEBOOK A5 SIZE,84534B | FAIRY CAKE NOTEBOOK A5 SIZE,Merchandise
84535A,ENGLISH ROSE NOTEBOOK A6 SIZE,84535A | ENGLISH ROSE NOTEBOOK A6 SIZE,Merchandise
84535B,FAIRY CAKES NOTEBOOK A6 SIZE,84535B | FAIRY CAKES NOTEBOOK A6 SIZE,Merchandise
84536A,ENGLISH ROSE NOTEBOOK A7 SIZE,84536A | ENGLISH ROSE NOTEBOOK A7 SIZE,Merchandise
84536B,FAIRY CAKES NOTEBOOK A7 SIZE,84536B | FAIRY CAKES NOTEBOOK A7 SIZE,Merchandise
84539,KNITTED RABBIT DOLL,84539 | KNITTED RABBIT DOLL,Merchandise
84548,CROCHET BEAR RED/BLUE  KEYRING,84548 | CROCHET BEAR RED/BLUE  KEYRING,Merchandise
84549,CROCHET WHITE RABBIT KEYRING,84549 | CROCHET WHITE RABBIT KEYRING,Merchandise
84550,CROCHET LILAC/RED BEAR KEYRING,84550 | CROCHET LILAC/RED BEAR KEYRING,Merchandise
84551,CROCHET DOG KEYRING,84551 | CROCHET DOG KEYRING,Merchandise
84558A,3D DOG PICTURE PLAYING CARDS,84558A | 3D DOG PICTURE PLAYING CARDS,Merchandise
84559A,3D SHEET OF DOG STICKERS,84559A | 3D SHEET OF DOG STICKERS,Merchandise
84559B,3D SHEET OF CAT STICKERS,84559B | 3D SHEET OF CAT STICKERS,Merchandise
84562A,PINK/WHITE RIBBED MELAMINE JUG,84562A | PINK/WHITE RIBBED MELAMINE JUG,Merchandise
84563A,PINK & WHITE BREAKFAST TRAY,84563A | PINK & WHITE BREAKFAST TRAY,Merchandise
84563B,BLUE & WHITE BREAKFAST TRAY,84563B | BLUE & WHITE BREAKFAST TRAY,Merchandise
84568,GIRLS ALPHABET IRON ON PATCHES,84568 | GIRLS ALPHABET IRON ON PATCHES,Merchandise
84569A,PACK 3 IRON ON DOG PATCHES,84569A | PACK 3 IRON ON DOG PATCHES,Merchandise
84569B,PACK 3 FIRE ENGINE/CAR PATCHES,84569B | PACK 3 FIRE ENGINE/CAR PATCHES,Merchandise
84569C,PACK 4 FLOWER/BUTTERFLY PATCHES,84569C | PACK 4 FLOWER/BUTTERFLY PATCHES,Merchandise
84569D,PACK 6 HEART/ICE-CREAM PATCHES,84569D | PACK 6 HEART/ICE-CREAM PATCHES,Merchandise
84575A,PINK DOG CANNISTER,84575A | PINK DOG CANNISTER,Merchandise
84576,BLUE CAT BISCUIT BARREL PINK HEART,84576 | BLUE CAT BISCUIT BARREL PINK HEART,Merchandise
84580,MOUSE TOY WITH PINK T-SHIRT,84580 | MOUSE TOY WITH PINK T-SHIRT,Merchandise
84581,DOG TOY WITH PINK CROCHET SKIRT,84581 | DOG TOY WITH PINK CROCHET SKIRT,Merchandise
84584,PINK GINGHAM CAT WITH SCARF,84584 | PINK GINGHAM CAT WITH SCARF,Merchandise
84592,CROCHET ROSE PURSE WITH SUEDE BACK,84592 | CROCHET ROSE PURSE WITH SUEDE BACK,Merchandise
84593,CROCHET ROSE DES CLOTHES HANGER,84593 | CROCHET ROSE DES CLOTHES HANGER,Merchandise
84595E,LARGE TORTILLA DESIGN RED BOWL,84595E | LARGE TORTILLA DESIGN RED BOWL,Merchandise
84596B,SMALL DOLLY MIX DESIGN ORANGE BOWL,84596B | SMALL DOLLY MIX DESIGN ORANGE BOWL,Merchandise
84596E,SMALL LICORICE DES PINK BOWL,84596E | SMALL LICORICE DES PINK BOWL,Merchandise
84596F,SMALL MARSHMALLOWS PINK BOWL,84596F | SMALL MARSHMALLOWS PINK BOWL,Merchandise
84596G,SMALL CHOCOLATES PINK BOWL,84596G | SMALL CHOCOLATES PINK BOWL,Merchandise
84596J,MIXED NUTS LIGHT GREEN BOWL,84596J | MIXED NUTS LIGHT GREEN BOWL,Merchandise
84596L,BISCUITS SMALL BOWL LIGHT BLUE,84596L | BISCUITS SMALL BOWL LIGHT BLUE,Merchandise
84597B,RETRO BROWN BALL ASHTRAY,84597B | RETRO BROWN BALL ASHTRAY,Merchandise
84597C,RETRO PINK BALL ASHTRAY,84597C | RETRO PINK BALL ASHTRAY,Merchandise
84598,BOYS ALPHABET IRON ON PATCHES,84598 | BOYS ALPHABET IRON ON PATCHES,Merchandise
84600,NEW BAROQUE JEWELLERY BOX,84600 | NEW BAROQUE JEWELLERY BOX,Merchandise
84609,TALL ROCOCO CANDLE HOLDER,84609 | TALL ROCOCO CANDLE HOLDER,Merchandise
84613A,PINK NEW BAROQUE FLOCK CANDLESTICK,84613A | PINK NEW BAROQUE FLOCK CANDLESTICK,Merchandise
84613C,BLUE NEW BAROQUE FLOCK CANDLESTICK,84613C | BLUE NEW BAROQUE FLOCK CANDLESTICK,Merchandise
84614A,PINK BAROQUE FLOCK CANDLE HOLDER,84614A | PINK BAROQUE FLOCK CANDLE HOLDER,Merchandise
84616,SILVER ROCCOCO CHANDELIER,84616 | SILVER ROCCOCO CHANDELIER,Merchandise
84617,NEW BAROQUE BLACK BOXES,84617 | NEW BAROQUE BLACK BOXES,Merchandise
84620,BLUE GINGHAM ROSE CUSHION COVER,84620 | BLUE GINGHAM ROSE CUSHION COVER,Merchandise
84625A,PINK NEW BAROQUECANDLESTICK CANDLE,84625A | PINK NEW BAROQUECANDLESTICK CANDLE,Merchandise
84625C,BLUE NEW BAROQUE CANDLESTICK CANDLE,84625C | BLUE NEW BAROQUE CANDLESTICK CANDLE,Merchandise
84629,WHITE 3 FRAME BIRDS AND TREE,84629 | WHITE 3 FRAME BIRDS AND TREE,Merchandise
84631,FRUIT TREE AND BIRDS WALL PLAQUE,84631 | FRUIT TREE AND BIRDS WALL PLAQUE,Merchandise
84632,DECORATIVE HANGING SHELVING UNIT,84632 | DECORATIVE HANGING SHELVING UNIT,Merchandise
84637,KITCHEN FLOWER POTS WALL PLAQUE,84637 | KITCHEN FLOWER POTS WALL PLAQUE,Merchandise
84638,SMALL KITCHEN FLOWER POTS PLAQUE,84638 | SMALL KITCHEN FLOWER POTS PLAQUE,Merchandise
84658,WHITE STITCHED CUSHION COVER,84658 | WHITE STITCHED CUSHION COVER,Merchandise
84659A,WHITE TRAVEL ALARM CLOCK,84659A | WHITE TRAVEL ALARM CLOCK,Merchandise
84660A,WHITE STITCHED WALL CLOCK,84660A | WHITE STITCHED WALL CLOCK,Merchandise
84660B,BLACK STITCHED WALL CLOCK,84660B | BLACK STITCHED WALL CLOCK,Merchandise
84660C,PINK STITCHED WALL CLOCK,84660C | PINK STITCHED WALL CLOCK,Merchandise
84661A,WHITE SQUARE TABLE CLOCK,84661A | WHITE SQUARE TABLE CLOCK,Merchandise
84661B,BLACK SQUARE TABLE CLOCK,84661B | BLACK SQUARE TABLE CLOCK,Merchandise
84661C,PINK SQUARE TABLE CLOCK,84661C | PINK SQUARE TABLE CLOCK,Merchandise
84663A,GRASS HOPPER WOODEN WALL CLOCK,84663A | GRASS HOPPER WOODEN WALL CLOCK,Merchandise
84665,SQUARE CHERRY BLOSSOM CABINET,84665 | SQUARE CHERRY BLOSSOM CABINET,Merchandise
84666,SQUARE CHERRY BLOSSOM CABINET,84666 | SQUARE CHERRY BLOSSOM CABINET,Merchandise
84673A,PINK FLY SWAT,84673A | PINK FLY SWAT,Merchandise
84673B,BLUE FLY SWAT,84673B | BLUE FLY SWAT,Merchandise
84674,FLYING PIG WATERING CAN,84674 | FLYING PIG WATERING CAN,Merchandise
84675,FROG KING WATERING CAN,84675 | FROG KING WATERING CAN,Merchandise
84678,CLASSICAL ROSE SMALL VASE,84678 | CLASSICAL ROSE SMALL VASE,Merchandise
84679,CLASSICAL ROSE TABLE LAMP,84679 | CLASSICAL ROSE TABLE LAMP,Merchandise
84683,CLASSICAL ROSE CANDLESTAND,84683 | CLASSICAL ROSE CANDLESTAND,Merchandise
84685,BEACH HUT KEY CABINET,84685 | BEACH HUT KEY CABINET,Merchandise
84686,BEACH HUT MIRROR,84686 | BEACH HUT MIRROR,Merchandise
84687,BEACH HUT SHELF W 3 DRAWERS,84687 | BEACH HUT SHELF W 3 DRAWERS,Merchandise
84688,BEACH HUT DESIGN BLACKBOARD,84688 | BEACH HUT DESIGN BLACKBOARD,Merchandise
84689,S/2 BEACH HUT TREASURE CHESTS,84689 | S/2 BEACH HUT TREASURE CHESTS,Merchandise
84691,PACK 20 DOLLY PEGS,84691 | PACK 20 DOLLY PEGS,Merchandise
84692,BOX OF 24 COCKTAIL PARASOLS,84692 | BOX OF 24 COCKTAIL PARASOLS,Merchandise
84705C,PINK FLOCK PHOTO FRAME,84705C | PINK FLOCK PHOTO FRAME,Merchandise
84706D,CHERRY BLOSSOM TABLE CLOCK,84706D | CHERRY BLOSSOM TABLE CLOCK,Merchandise
84706F,RED PEONY TABLE CLOCK,84706F | RED PEONY TABLE CLOCK,Merchandise
84707A,SILVER JEWELLED MIRROR TRINKET TRAY,84707A | SILVER JEWELLED MIRROR TRINKET TRAY,Merchandise
84707B,PINK JEWELLED MIRROR TRINKET TRAY,84707B | PINK JEWELLED MIRROR TRINKET TRAY,Merchandise
84708B,PINK JEWELLED PHOTO FRAME,84708B | PINK JEWELLED PHOTO FRAME,Merchandise
84709B,PINK OVAL JEWELLED MIRROR,84709B | PINK OVAL JEWELLED MIRROR,Merchandise
84711A,SILVER OVAL SHAPE TRINKET BOX,84711A | SILVER OVAL SHAPE TRINKET BOX,Merchandise
84711B,PINK OVAL SHAPE TRINKET BOX,84711B | PINK OVAL SHAPE TRINKET BOX,Merchandise
84712B,PINK JEWELLED PHOTO FRAME,84712B | PINK JEWELLED PHOTO FRAME,Merchandise
84715,SET OF 6 ICE CREAM SKITTLES,84715 | SET OF 6 ICE CREAM SKITTLES,Merchandise
84723,CHERRY BLOSSOM CANVAS ART PICTURE,84723 | CHERRY BLOSSOM CANVAS ART PICTURE,Merchandise
84725,FREESTYLE CANVAS ART PICTURE,84725 | FREESTYLE CANVAS ART PICTURE,Merchandise
84731,3 BIRDS CANVAS SCREEN,84731 | 3 BIRDS CANVAS SCREEN,Merchandise
84732B,CUTE BIRD CEATURE SCREEN,84732B | CUTE BIRD CEATURE SCREEN,Merchandise
84732D,CUTE RABBIT CEATURE SCREEN,84732D | CUTE RABBIT CEATURE SCREEN,Merchandise
84741C,CITRUS GARLAND FELT FLOWERS,84741C | CITRUS GARLAND FELT FLOWERS,Merchandise
84743C,ORANGE FELT VASE + FLOWERS,84743C | ORANGE FELT VASE + FLOWERS,Merchandise
84744,S/6 SEW ON CROCHET FLOWERS,84744 | S/6 SEW ON CROCHET FLOWERS,Merchandise
84745A,PINK HANGING GINGHAM EASTER HEN,84745A | PINK HANGING GINGHAM EASTER HEN,Merchandise
84745B,BLUE HANGING GINGHAM EASTER HEN,84745B | BLUE HANGING GINGHAM EASTER HEN,Merchandise
84746,PINK EASTER HENS+FLOWER,84746 | PINK EASTER HENS+FLOWER,Merchandise
84748,FOLK FELT HANGING MULTICOL GARLAND,84748 | FOLK FELT HANGING MULTICOL GARLAND,Merchandise
84750A,PINK SMALL GLASS CAKE STAND,84750A | PINK SMALL GLASS CAKE STAND,Merchandise
84750B,BLACK SMALL GLASS CAKE STAND,84750B | BLACK SMALL GLASS CAKE STAND,Merchandise
84751B,BLACK MEDIUM GLASS CAKE STAND,84751B | BLACK MEDIUM GLASS CAKE STAND,Merchandise
84754,S/15 SILVER GLASS BAUBLES IN BAG,84754 | S/15 SILVER GLASS BAUBLES IN BAG,Merchandise
84755,COLOUR GLASS T-LIGHT HOLDER HANGING,84755 | COLOUR GLASS T-LIGHT HOLDER HANGING,Merchandise
84760S,SMALL HANGING GLASS+ZINC LANTERN,84760S | SMALL HANGING GLASS+ZINC LANTERN,Merchandise
84763,ZINC FINISH 15CM PLANTER POTS,84763 | ZINC FINISH 15CM PLANTER POTS,Merchandise
84766,SILVER ROCOCO CANDLE STICK,84766 | SILVER ROCOCO CANDLE STICK,Merchandise
84773,RED ROSE AND LACE C/COVER,84773 | RED ROSE AND LACE C/COVER,Merchandise
84789,ENCHANTED BIRD PLANT CAGE,84789 | ENCHANTED BIRD PLANT CAGE,Merchandise
84792,ENCHANTED BIRD COATHANGER 5 HOOK,84792 | ENCHANTED BIRD COATHANGER 5 HOOK,Merchandise
84795B,SUNSET CHECK HAMMOCK,84795B | SUNSET CHECK HAMMOCK,Merchandise
84795C,OCEAN STRIPE HAMMOCK,84795C | OCEAN STRIPE HAMMOCK,Merchandise
84796A,PINK HAWAIIAN PICNIC HAMPER FOR 2,84796A | PINK HAWAIIAN PICNIC HAMPER FOR 2,Merchandise
84796B,BLUE SAVANNAH PICNIC HAMPER FOR 2,84796B | BLUE SAVANNAH PICNIC HAMPER FOR 2,Merchandise
84798A,PINK FOXGLOVE ARTIIFCIAL FLOWER,84798A | PINK FOXGLOVE ARTIIFCIAL FLOWER,Merchandise
84798B,PURPLE FOXGLOVE ARTIIFCIAL FLOWER,84798B | PURPLE FOXGLOVE ARTIIFCIAL FLOWER,Merchandise
84799,SPRIG LAVENDER ARTIFICIAL FLOWER,84799 | SPRIG LAVENDER ARTIFICIAL FLOWER,Merchandise
84800L,LARGE WHITE/PINK ROSE ART FLOWER,84800L | LARGE WHITE/PINK ROSE ART FLOWER,Merchandise
84800M,MEDIUM WHITE/PINK ROSE ART FLOWER,84800M | MEDIUM WHITE/PINK ROSE ART FLOWER,Merchandise
84800S,SMALL WHITE/PINK ROSE ART FLOWER,84800S | SMALL WHITE/PINK ROSE ART FLOWER,Merchandise
84801A,PINK HYDRANGEA ART FLOWER,84801A | PINK HYDRANGEA ART FLOWER,Merchandise
84801B,WHITE HYDRANGEA ART FLOWER,84801B | WHITE HYDRANGEA ART FLOWER,Merchandise
84802A,WHITE ANEMONE ARTIFICIAL FLOWER,84802A | WHITE ANEMONE ARTIFICIAL FLOWER,Merchandise
84802B,PURPLE ANEMONE ARTIFICIAL FLOWER,84802B | PURPLE ANEMONE ARTIFICIAL FLOWER,Merchandise
84803A,PINK ALLIUM  ARTIFICIAL FLOWER,84803A | PINK ALLIUM  ARTIFICIAL FLOWER,Merchandise
84803B,WHITE ALLIUM  ARTIFICIAL FLOWER,84803B | WHITE ALLIUM  ARTIFICIAL FLOWER,Merchandise
84804A,CREAM DELPHINIUM ARTIFICIAL FLOWER,84804A | CREAM DELPHINIUM ARTIFICIAL FLOWER,Merchandise
84804B,BLUE DELPHINIUM ARTIFICIAL FLOWER,84804B | BLUE DELPHINIUM ARTIFICIAL FLOWER,Merchandise
84805A,CREAM CLIMBING HYDRANGA ART FLOWER,84805A | CREAM CLIMBING HYDRANGA ART FLOWER,Merchandise
84805B,BLUE CLIMBING HYDRANGA ART FLOWER,84805B | BLUE CLIMBING HYDRANGA ART FLOWER,Merchandise
84806A,PINK CANDYSTUFT ARTIFICIAL FLOWER,84806A | PINK CANDYSTUFT ARTIFICIAL FLOWER,Merchandise
84806B,WHITE CANDYSTUFT ARTIFICIAL FLOWER,84806B | WHITE CANDYSTUFT ARTIFICIAL FLOWER,Merchandise
84809A,WHITE CHRYSANTHEMUMS ART FLOWER,84809A | WHITE CHRYSANTHEMUMS ART FLOWER,Merchandise
84809B,PINK CHRYSANTHEMUMS ART FLOWER,84809B | PINK CHRYSANTHEMUMS ART FLOWER,Merchandise
84813,SET OF 4 DIAMOND NAPKIN RINGS,84813 | SET OF 4 DIAMOND NAPKIN RINGS,Merchandise
84816,DANISH ROSE BEDSIDE CABINET,84816 | DANISH ROSE BEDSIDE CABINET,Merchandise
84817,DANISH ROSE DECORATIVE PLATE,84817 | DANISH ROSE DECORATIVE PLATE,Merchandise
84818,DANISH ROSE PHOTO FRAME,84818 | DANISH ROSE PHOTO FRAME,Merchandise
84819,DANISH ROSE ROUND SEWING BOX,84819 | DANISH ROSE ROUND SEWING BOX,Merchandise
84820,DANISH ROSE TRINKET TRAYS,84820 | DANISH ROSE TRINKET TRAYS,Merchandise
84821,DANISH ROSE DELUXE COASTER,84821 | DANISH ROSE DELUXE COASTER,Merchandise
84823,DANISH ROSE FOLDING CHAIR,84823 | DANISH ROSE FOLDING CHAIR,Merchandise
84824,DANISH ROSE UMBRELLA STAND,84824 | DANISH ROSE UMBRELLA STAND,Merchandise
84826,ASSTD DESIGN 3D PAPER STICKERS,84826 | ASSTD DESIGN 3D PAPER STICKERS,Merchandise
84827,ASS DES PHONE SPONGE CRAFT STICKER,84827 | ASS DES PHONE SPONGE CRAFT STICKER,Merchandise
84828,JUNGLE POPSICLES ICE LOLLY MOULDS,84828 | JUNGLE POPSICLES ICE LOLLY MOULDS,Merchandise
84832,ZINC WILLIE WINKIE  CANDLE STICK,84832 | ZINC WILLIE WINKIE  CANDLE STICK,Merchandise
84836,ZINC METAL HEART DECORATION,84836 | ZINC METAL HEART DECORATION,Merchandise
84839,SWEETHEART KEY CABINET,84839 | SWEETHEART KEY CABINET,Merchandise
84840,SWEETHEART CARRY-ALL BASKET,84840 | SWEETHEART CARRY-ALL BASKET,Merchandise
84842,HELLO SAILOR BATHROOM SET,84842 | HELLO SAILOR BATHROOM SET,Merchandise
84843,WHITE SOAP RACK WITH 2 BOTTLES,84843 | WHITE SOAP RACK WITH 2 BOTTLES,Merchandise
84846A,SCENTED CANDLE IN DIGITALIS TIN,84846A | SCENTED CANDLE IN DIGITALIS TIN,Merchandise
84847,FLORAL BATHROOM SET,84847 | FLORAL BATHROOM SET,Merchandise
84849A,HELLO SAILOR BLUE SOAP HOLDER,84849A | HELLO SAILOR BLUE SOAP HOLDER,Merchandise
84849B,FAIRY SOAP SOAP HOLDER,84849B | FAIRY SOAP SOAP HOLDER,Merchandise
84849D,HOT BATHS SOAP HOLDER,84849D | HOT BATHS SOAP HOLDER,Merchandise
84854,GIRLY PINK TOOL SET,84854 | GIRLY PINK TOOL SET,Merchandise
84856L,LARGE TAHITI BEACH BAG,84856L | LARGE TAHITI BEACH BAG,Merchandise
84856S,SMALL TAHITI BEACH BAG,84856S | SMALL TAHITI BEACH BAG,Merchandise
84857B,BLUE MONTE CARLO HANDBAG,84857B | BLUE MONTE CARLO HANDBAG,Merchandise
84857C,PINK MONTE CARLO HANDBAG,84857C | PINK MONTE CARLO HANDBAG,Merchandise
84858C,PINK RIVIERA HANDBAG,84858C | PINK RIVIERA HANDBAG,Merchandise
84859A,SILVER DISCO HANDBAG,84859A | SILVER DISCO HANDBAG,Merchandise
84859B,BLUE DISCO HANDBAG,84859B | BLUE DISCO HANDBAG,Merchandise
84859C,PINK DISCO HANDBAG,84859C | PINK DISCO HANDBAG,Merchandise
84865,NEW BAROQUE BLACK PHOTO ALBUM,84865 | NEW BAROQUE BLACK PHOTO ALBUM,Merchandise
84870B,BLUE GEISHA GIRL,84870B | BLUE GEISHA GIRL,Merchandise
84870C,GREEN GEISHA GIRL,84870C | GREEN GEISHA GIRL,Merchandise
84872A,TEATIME FUNKY FLOWER BACKPACK FOR 2,84872A | TEATIME FUNKY FLOWER BACKPACK FOR 2,Merchandise
84873A,FUNKY FLOWER PICNIC BAG FOR 4,84873A | FUNKY FLOWER PICNIC BAG FOR 4,Merchandise
84874B,BLUE TRAVEL FIRST AID KIT,84874B | BLUE TRAVEL FIRST AID KIT,Merchandise
84875B,GREEN SQUARE COMPACT MIRROR,84875B | GREEN SQUARE COMPACT MIRROR,Merchandise
84875D,BLUE SQUARE COMPACT MIRROR,84875D | BLUE SQUARE COMPACT MIRROR,Merchandise
84876B,GREEN HEART COMPACT MIRROR,84876B | GREEN HEART COMPACT MIRROR,Merchandise
84876D,BLUE HEART COMPACT MIRROR,84876D | BLUE HEART COMPACT MIRROR,Merchandise
84877A,PINK ROUND COMPACT MIRROR,84877A | PINK ROUND COMPACT MIRROR,Merchandise
84877B,GREEN ROUND COMPACT MIRROR,84877B | GREEN ROUND COMPACT MIRROR,Merchandise
84877D,BLUE ROUND COMPACT MIRROR,84877D | BLUE ROUND COMPACT MIRROR,Merchandise
84879,ASSORTED COLOUR BIRD ORNAMENT,84879 | ASSORTED COLOUR BIRD ORNAMENT,Merchandise
84880,WHITE WIRE EGG HOLDER,84880 | WHITE WIRE EGG HOLDER,Merchandise
84881,BLUE WIRE SPIRAL CANDLE HOLDER,84881 | BLUE WIRE SPIRAL CANDLE HOLDER,Merchandise
84882,GREEN WIRE STANDING CANDLE HOLDER,84882 | GREEN WIRE STANDING CANDLE HOLDER,Merchandise
84884A,ANT WHITE WIRE HEART SPIRAL,84884A | ANT WHITE WIRE HEART SPIRAL,Merchandise
84898F,YELLOW FLOWERS FELT HANDBAG KIT,84898F | YELLOW FLOWERS FELT HANDBAG KIT,Merchandise
84905,PINK BUTTERFLY CUSHION COVER,84905 | PINK BUTTERFLY CUSHION COVER,Merchandise
84906,PINK B'FLY C/COVER W BOBBLES,84906 | PINK B'FLY C/COVER W BOBBLES,Merchandise
84907,PINK YELLOW PATCH CUSHION COVER,84907 | PINK YELLOW PATCH CUSHION COVER,Merchandise
84910A,PINK PAISLEY CUSHION COVER,84910A | PINK PAISLEY CUSHION COVER,Merchandise
84912A,PINK ROSE WASHBAG,84912A | PINK ROSE WASHBAG,Merchandise
84912B,GREEN ROSE WASHBAG,84912B | GREEN ROSE WASHBAG,Merchandise
84913A,SOFT PINK ROSE TOWEL,84913A | SOFT PINK ROSE TOWEL,Merchandise
84913B,MINT GREEN ROSE TOWEL,84913B | MINT GREEN ROSE TOWEL,Merchandise
84915,HAND TOWEL PINK FLOWER AND DAISY,84915 | HAND TOWEL PINK FLOWER AND DAISY,Merchandise
84916,HAND TOWEL PALE BLUE W FLOWERS,84916 | HAND TOWEL PALE BLUE W FLOWERS,Merchandise
84917,WHITE HAND TOWEL WITH BUTTERFLY,84917 | WHITE HAND TOWEL WITH BUTTERFLY,Merchandise
84919,BLUE CUSHION COVER WITH FLOWER,84919 | BLUE CUSHION COVER WITH FLOWER,Merchandise
84920,PINK FLOWER FABRIC PONY,84920 | PINK FLOWER FABRIC PONY,Merchandise
84921,CREAM AND PINK FLOWERS PONY,84921 | CREAM AND PINK FLOWERS PONY,Merchandise
84922,PINK BUTTERFLY WASHBAG,84922 | PINK BUTTERFLY WASHBAG,Merchandise
84923,PINK BUTTERFLY HANDBAG W BOBBLES,84923 | PINK BUTTERFLY HANDBAG W BOBBLES,Merchandise
84924A,WAKE UP COCKEREL CALENDAR SIGN,84924A | WAKE UP COCKEREL CALENDAR SIGN,Merchandise
84924F,PSYCHEDELIC METAL SIGN CALENDAR,84924F | PSYCHEDELIC METAL SIGN CALENDAR,Merchandise
84925D,LA PALMIERA WALL THERMOMETER,84925D | LA PALMIERA WALL THERMOMETER,Merchandise
84925F,PSYCHEDELIC WALL THERMOMETER,84925F | PSYCHEDELIC WALL THERMOMETER,Merchandise
84926A,WAKE UP COCKEREL TILE COASTER,84926A | WAKE UP COCKEREL TILE COASTER,Merchandise
84926D,LA PALMIERA TILE COASTER,84926D | LA PALMIERA TILE COASTER,Merchandise
84926E,FLOWERS TILE COASTER,84926E | FLOWERS TILE COASTER,Merchandise
84926F,PSYCHEDELIC TILE COASTER,84926F | PSYCHEDELIC TILE COASTER,Merchandise
84927A,WAKE UP COCKEREL TILE HOOK,84927A | WAKE UP COCKEREL TILE HOOK,Merchandise
84927D,LA PALMIERA TILE HOOK,84927D | LA PALMIERA TILE HOOK,Merchandise
84927E,FLOWERS TILE HOOK,84927E | FLOWERS TILE HOOK,Merchandise
84927F,PSYCHEDELIC TILE HOOK,84927F | PSYCHEDELIC TILE HOOK,Merchandise
84929,ASSTD FRUIT+FLOWERS FRIDGE MAGNETS,84929 | ASSTD FRUIT+FLOWERS FRIDGE MAGNETS,Merchandise
84931A,PINK SCOTTIE DOG W FLOWER PATTERN,84931A | PINK SCOTTIE DOG W FLOWER PATTERN,Merchandise
84931B,BLUE SCOTTIE DOG W FLOWER PATTERN,84931B | BLUE SCOTTIE DOG W FLOWER PATTERN,Merchandise
84944,SET OF 6 KASHMIR FOLKART BAUBLES,84944 | SET OF 6 KASHMIR FOLKART BAUBLES,Merchandise
84945,MULTI COLOUR SILVER T-LIGHT HOLDER,84945 | MULTI COLOUR SILVER T-LIGHT HOLDER,Merchandise
84946,ANTIQUE SILVER T-LIGHT GLASS,84946 | ANTIQUE SILVER T-LIGHT GLASS,Merchandise
84947,ANTIQUE SILVER TEA GLASS ENGRAVED,84947 | ANTIQUE SILVER TEA GLASS ENGRAVED,Merchandise
84949,SILVER HANGING T-LIGHT HOLDER,84949 | SILVER HANGING T-LIGHT HOLDER,Merchandise
84950,ASSORTED COLOUR T-LIGHT HOLDER,84950 | ASSORTED COLOUR T-LIGHT HOLDER,Merchandise
84951A,SET OF 4 PISTACHIO LOVEBIRD COASTER,84951A | SET OF 4 PISTACHIO LOVEBIRD COASTER,Merchandise
84951B,SET OF 4 BLACK LOVEBIRD COASTERS,84951B | SET OF 4 BLACK LOVEBIRD COASTERS,Merchandise
84952A,CLEAR LOVE BIRD T-LIGHT HOLDER,84952A | CLEAR LOVE BIRD T-LIGHT HOLDER,Merchandise
84952B,BLACK LOVE BIRD T-LIGHT HOLDER,84952B | BLACK LOVE BIRD T-LIGHT HOLDER,Merchandise
84952C,MIRROR LOVE BIRD T-LIGHT HOLDER,84952C | MIRROR LOVE BIRD T-LIGHT HOLDER,Merchandise
84963A,PINK PAINTED KASHMIRI CHAIR,84963A | PINK PAINTED KASHMIRI CHAIR,Merchandise
84963B,BLUE PAINTED KASHMIRI CHAIR,84963B | BLUE PAINTED KASHMIRI CHAIR,Merchandise
84968A,SET OF 16 VINTAGE ROSE CUTLERY,84968A | SET OF 16 VINTAGE ROSE CUTLERY,Merchandise
84968B,SET OF 16 VINTAGE IVORY CUTLERY,84968B | SET OF 16 VINTAGE IVORY CUTLERY,Merchandise
84968C,SET OF 16 VINTAGE PISTACHIO CUTLERY,84968C | SET OF 16 VINTAGE PISTACHIO CUTLERY,Merchandise
84968D,SET OF 16 VINTAGE RED CUTLERY,84968D | SET OF 16 VINTAGE RED CUTLERY,Merchandise
84968E,SET OF 16 VINTAGE BLACK CUTLERY,84968E | SET OF 16 VINTAGE BLACK CUTLERY,Merchandise
84968F,SET OF 16 VINTAGE SKY BLUE CUTLERY,84968F | SET OF 16 VINTAGE SKY BLUE CUTLERY,Merchandise
84969,BOX OF 6 ASSORTED COLOUR TEASPOONS,84969 | BOX OF 6 ASSORTED COLOUR TEASPOONS,Merchandise
84970L,SINGLE HEART ZINC T-LIGHT HOLDER,84970L | SINGLE HEART ZINC T-LIGHT HOLDER,Merchandise
84970S,HANGING HEART ZINC T-LIGHT HOLDER,84970S | HANGING HEART ZINC T-LIGHT HOLDER,Merchandise
84971L,LARGE HEART FLOWERS HOOK,84971L | LARGE HEART FLOWERS HOOK,Merchandise
84971S,SMALL HEART FLOWERS HOOK,84971S | SMALL HEART FLOWERS HOOK,Merchandise
84974,S/2 ZINC HEART DESIGN PLANTERS,84974 | S/2 ZINC HEART DESIGN PLANTERS,Merchandise
84975,HEART SHAPED MIRROR,84975 | HEART SHAPED MIRROR,Merchandise
84976,RECTANGULAR SHAPED MIRROR,84976 | RECTANGULAR SHAPED MIRROR,Merchandise
84977,WIRE FLOWER T-LIGHT HOLDER,84977 | WIRE FLOWER T-LIGHT HOLDER,Merchandise
84978,HANGING HEART JAR T-LIGHT HOLDER,84978 | HANGING HEART JAR T-LIGHT HOLDER,Merchandise
84984A,GREEN PEONY CUSHION COVER,84984A | GREEN PEONY CUSHION COVER,Merchandise
84984B,RED PEONY CUSHION COVER,84984B | RED PEONY CUSHION COVER,Merchandise
84984D,ORIENTAL RED CUSHION COVER,84984D | ORIENTAL RED CUSHION COVER,Merchandise
84985A,SET OF 72 GREEN PAPER DOILIES,84985A | SET OF 72 GREEN PAPER DOILIES,Merchandise
84987,SET OF 36 TEATIME PAPER DOILIES,84987 | SET OF 36 TEATIME PAPER DOILIES,Merchandise
84988,SET OF 72 PINK HEART PAPER DOILIES,84988 | SET OF 72 PINK HEART PAPER DOILIES,Merchandise
84989A,75 GREEN FAIRY CAKE CASES,84989A | 75 GREEN FAIRY CAKE CASES,Merchandise
84990,60 GOLD AND SILVER FAIRY CAKE CASES,84990 | 60 GOLD AND SILVER FAIRY CAKE CASES,Merchandise
84991,60 TEATIME FAIRY CAKE CASES,84991 | 60 TEATIME FAIRY CAKE CASES,Merchandise
84992,72 SWEETHEART FAIRY CAKE CASES,84992 | 72 SWEETHEART FAIRY CAKE CASES,Merchandise
84993A,75 GREEN PETIT FOUR CASES,84993A | 75 GREEN PETIT FOUR CASES,Merchandise
84993B,75 BLACK PETIT FOUR CASES,84993B | 75 BLACK PETIT FOUR CASES,Merchandise
84997A,CHILDRENS CUTLERY POLKADOT GREEN,84997A | CHILDRENS CUTLERY POLKADOT GREEN,Merchandise
84997B,CHILDRENS CUTLERY RETROSPOT RED,84997B | CHILDRENS CUTLERY RETROSPOT RED,Merchandise
84997C,CHILDRENS CUTLERY POLKADOT BLUE,84997C | CHILDRENS CUTLERY POLKADOT BLUE,Merchandise
84997D,CHILDRENS CUTLERY POLKADOT PINK,84997D | CHILDRENS CUTLERY POLKADOT PINK,Merchandise
85006,SET 4 NURSERY DES ROUND BOXES,85006 | SET 4 NURSERY DES ROUND BOXES,Merchandise
85008,SET OF 3 CONEY ISLAND OVAL BOXES,85008 | SET OF 3 CONEY ISLAND OVAL BOXES,Merchandise
85014A,BLACK/BLUE POLKADOT UMBRELLA,85014A | BLACK/BLUE POLKADOT UMBRELLA,Merchandise
85014B,RED RETROSPOT UMBRELLA,85014B | RED RETROSPOT UMBRELLA,Merchandise
85015,SET OF 12  VINTAGE POSTCARD SET,85015 | SET OF 12  VINTAGE POSTCARD SET,Merchandise
85016,SET OF 6 VINTAGE NOTELETS KIT,85016 | SET OF 6 VINTAGE NOTELETS KIT,Merchandise
85017A,ENVELOPE 50 ROMANTIC IMAGES,85017A | ENVELOPE 50 ROMANTIC IMAGES,Merchandise
85017B,ENVELOPE 50 BLOSSOM IMAGES,85017B | ENVELOPE 50 BLOSSOM IMAGES,Merchandise
85017C,ENVELOPE 50 CURIOUS IMAGES,85017C | ENVELOPE 50 CURIOUS IMAGES,Merchandise
85018D,YULETIDE IMAGES S/6 PAPER BOXES,85018D | YULETIDE IMAGES S/6 PAPER BOXES,Merchandise
85019A,ROMANTIC IMAGES NOTEBOOK SET,85019A | ROMANTIC IMAGES NOTEBOOK SET,Merchandise
85019B,BLOSSOM  IMAGES NOTEBOOK SET,85019B | BLOSSOM  IMAGES NOTEBOOK SET,Merchandise
85019C,CURIOUS  IMAGES NOTEBOOK SET,85019C | CURIOUS  IMAGES NOTEBOOK SET,Merchandise
85020,ROUND PINK HEART MIRROR,85020 | ROUND PINK HEART MIRROR,Merchandise
85023B,EAU DE NILE JEWELLED PHOTOFRAME,85023B | EAU DE NILE JEWELLED PHOTOFRAME,Merchandise
85023C,PINK LARGE JEWELED PHOTOFRAME,85023C | PINK LARGE JEWELED PHOTOFRAME,Merchandise
85024B,EAU DE NILE JEWELLED PHOTOFRAME,85024B | EAU DE NILE JEWELLED PHOTOFRAME,Merchandise
85024C,PINK SMALL JEWELLED PHOTOFRAME,85024C | PINK SMALL JEWELLED PHOTOFRAME,Merchandise
85025B,EAU DE NILE HEART SHAPE PHOTO FRAME,85025B | EAU DE NILE HEART SHAPE PHOTO FRAME,Merchandise
85025C,PINK HEART SHAPE PHOTO FRAME,85025C | PINK HEART SHAPE PHOTO FRAME,Merchandise
85026B,EAU DE NILE JEWELLED T-LIGHT HOLDER,85026B | EAU DE NILE JEWELLED T-LIGHT HOLDER,Merchandise
85027L,FRENCH CHATEAU LARGE PLATTER,85027L | FRENCH CHATEAU LARGE PLATTER,Merchandise
85028L,FRENCH CHATEAU LARGE FRUIT BOWL,85028L | FRENCH CHATEAU LARGE FRUIT BOWL,Merchandise
85028S,FRENCH CHATEAU SMALL FRUITBOWL,85028S | FRENCH CHATEAU SMALL FRUITBOWL,Merchandise
85030,FRENCH CHATEAU OVAL PLATTER,85030 | FRENCH CHATEAU OVAL PLATTER,Merchandise
85031A,ROMANTIC IMAGES SCRAP BOOK SET,85031A | ROMANTIC IMAGES SCRAP BOOK SET,Merchandise
85031B,BLOSSOM IMAGES SCRAP BOOK SET,85031B | BLOSSOM IMAGES SCRAP BOOK SET,Merchandise
85031C,CURIOUS IMAGES SCRAP BOOK SET,85031C | CURIOUS IMAGES SCRAP BOOK SET,Merchandise
85032A,ROMANTIC IMAGES GIFT WRAP SET,85032A | ROMANTIC IMAGES GIFT WRAP SET,Merchandise
85032B,BLOSSOM IMAGES GIFT WRAP SET,85032B | BLOSSOM IMAGES GIFT WRAP SET,Merchandise
85032C,CURIOUS IMAGES GIFT WRAP SET,85032C | CURIOUS IMAGES GIFT WRAP SET,Merchandise
85032D,YULETIDE IMAGES GIFT WRAP SET,85032D | YULETIDE IMAGES GIFT WRAP SET,Merchandise
85034A,3 GARDENIA MORRIS BOXED CANDLES,85034A | 3 GARDENIA MORRIS BOXED CANDLES,Merchandise
85034B,3 WHITE CHOC MORRIS BOXED CANDLES,85034B | 3 WHITE CHOC MORRIS BOXED CANDLES,Merchandise
85034C,3 ROSE MORRIS BOXED CANDLES,85034C | 3 ROSE MORRIS BOXED CANDLES,Merchandise
85035A,GARDENIA 3 WICK MORRIS BOXED CANDLE,85035A | GARDENIA 3 WICK MORRIS BOXED CANDLE,Merchandise
85035B,CHOCOLATE 3 WICK MORRIS BOX CANDLE,85035B | CHOCOLATE 3 WICK MORRIS BOX CANDLE,Merchandise
85035C,ROSE 3 WICK MORRIS BOX CANDLE,85035C | ROSE 3 WICK MORRIS BOX CANDLE,Merchandise
85036A,GARDENIA 1 WICK MORRIS BOXED CANDLE,85036A | GARDENIA 1 WICK MORRIS BOXED CANDLE,Merchandise
85036B,CHOCOLATE 1 WICK MORRIS BOX CANDLE,85036B | CHOCOLATE 1 WICK MORRIS BOX CANDLE,Merchandise
85036C,ROSE 1 WICK MORRIS BOXED CANDLE,85036C | ROSE 1 WICK MORRIS BOXED CANDLE,Merchandise
85038,6 CHOCOLATE LOVE HEART T-LIGHTS,85038 | 6 CHOCOLATE LOVE HEART T-LIGHTS,Merchandise
85039A,SET/4 RED MINI ROSE CANDLE IN BOWL,85039A | SET/4 RED MINI ROSE CANDLE IN BOWL,Merchandise
85039B,S/4 IVORY MINI ROSE CANDLE IN BOWL,85039B | S/4 IVORY MINI ROSE CANDLE IN BOWL,Merchandise
85039C,S/4 BLACK MINI ROSE CANDLE IN BOWL,85039C | S/4 BLACK MINI ROSE CANDLE IN BOWL,Merchandise
85040A,S/4 PINK FLOWER CANDLES IN BOWL,85040A | S/4 PINK FLOWER CANDLES IN BOWL,Merchandise
85040B,SET/4 BLUE FLOWER CANDLES IN BOWL,85040B | SET/4 BLUE FLOWER CANDLES IN BOWL,Merchandise
85042,ANTIQUE LILY FAIRY LIGHTS,85042 | ANTIQUE LILY FAIRY LIGHTS,Merchandise
85045,GREEN CHRISTMAS TREE STRING 20LIGHT,85045 | GREEN CHRISTMAS TREE STRING 20LIGHT,Merchandise
85047,WHITE BEADED GARLAND STRING 20LIGHT,85047 | WHITE BEADED GARLAND STRING 20LIGHT,Merchandise
85048,15CM CHRISTMAS GLASS BALL 20 LIGHTS,85048 | 15CM CHRISTMAS GLASS BALL 20 LIGHTS,Merchandise
85049A,TRADITIONAL CHRISTMAS RIBBONS,85049A | TRADITIONAL CHRISTMAS RIBBONS,Merchandise
85049B,LUSH GREENS RIBBONS,85049B | LUSH GREENS RIBBONS,Merchandise
85049C,ROMANTIC PINKS RIBBONS,85049C | ROMANTIC PINKS RIBBONS,Merchandise
85049D,BRIGHT BLUES RIBBONS,85049D | BRIGHT BLUES RIBBONS,Merchandise
85049E,SCANDINAVIAN REDS RIBBONS,85049E | SCANDINAVIAN REDS RIBBONS,Merchandise
85049F,BABY BOOM RIBBONS,85049F | BABY BOOM RIBBONS,Merchandise
85049G,CHOCOLATE BOX RIBBONS,85049G | CHOCOLATE BOX RIBBONS,Merchandise
85049H,URBAN BLACK RIBBONS,85049H | URBAN BLACK RIBBONS,Merchandise
85053,FRENCH ENAMEL CANDLEHOLDER,85053 | FRENCH ENAMEL CANDLEHOLDER,Merchandise
85054,FRENCH ENAMEL POT W LID,85054 | FRENCH ENAMEL POT W LID,Merchandise
85055,FRENCH ENAMEL UTENSIL HOLDER,85055 | FRENCH ENAMEL UTENSIL HOLDER,Merchandise
85059,FRENCH ENAMEL WATER BASIN,85059 | FRENCH ENAMEL WATER BASIN,Merchandise
85061W,WHITE JEWELLED HEART DECORATION,85061W | WHITE JEWELLED HEART DECORATION,Merchandise
85062,PEARL CRYSTAL PUMPKIN T-LIGHT HLDR,85062 | PEARL CRYSTAL PUMPKIN T-LIGHT HLDR,Merchandise
85063,CREAM SWEETHEART MAGAZINE RACK,85063 | CREAM SWEETHEART MAGAZINE RACK,Merchandise
85064,CREAM SWEETHEART LETTER RACK,85064 | CREAM SWEETHEART LETTER RACK,Merchandise
85065,CREAM SWEETHEART TRAYS,85065 | CREAM SWEETHEART TRAYS,Merchandise
85066,CREAM SWEETHEART MINI CHEST,85066 | CREAM SWEETHEART MINI CHEST,Merchandise
85067,CREAM SWEETHEART WALL CABINET,85067 | CREAM SWEETHEART WALL CABINET,Merchandise
85068,CREAM SWEETHEART SHELF + HOOKS,85068 | CREAM SWEETHEART SHELF + HOOKS,Merchandise
85071A,BLUE CHARLIE+LOLA PERSONAL DOORSIGN,85071A | BLUE CHARLIE+LOLA PERSONAL DOORSIGN,Merchandise
85071B,RED CHARLIE+LOLA PERSONAL DOORSIGN,85071B | RED CHARLIE+LOLA PERSONAL DOORSIGN,Merchandise
85071C,"CHARLIE+LOLA""EXTREMELY BUSY"" SIGN","85071C | CHARLIE+LOLA""EXTREMELY BUSY"" SIGN",Merchandise
85071D,CHARLIE+LOLA MY ROOM DOOR SIGN,85071D | CHARLIE+LOLA MY ROOM DOOR SIGN,Merchandise
85078,SCANDINAVIAN 3 HEARTS NAPKIN RING,85078 | SCANDINAVIAN 3 HEARTS NAPKIN RING,Merchandise
85084,HOLLY TOP CHRISTMAS STOCKING,85084 | HOLLY TOP CHRISTMAS STOCKING,Merchandise
85086A,CANDY SPOT HEART DECORATION,85086A | CANDY SPOT HEART DECORATION,Merchandise
85087,CANDY SPOT CUSHION COVER,85087 | CANDY SPOT CUSHION COVER,Merchandise
85088,CANDY SPOT HAND BAG,85088 | CANDY SPOT HAND BAG,Merchandise
85089,CANDY SPOT BUNNY,85089 | CANDY SPOT BUNNY,Merchandise
85092,CANDY SPOT TEA COSY,85092 | CANDY SPOT TEA COSY,Merchandise
85093,CANDY SPOT EGG WARMER HARE,85093 | CANDY SPOT EGG WARMER HARE,Merchandise
85094,CANDY SPOT EGG WARMER RABBIT,85094 | CANDY SPOT EGG WARMER RABBIT,Merchandise
85095,THREE CANVAS LUGGAGE TAGS,85095 | THREE CANVAS LUGGAGE TAGS,Merchandise
85096,HILDA CANDY SPOT RABBIT,85096 | HILDA CANDY SPOT RABBIT,Merchandise
85098B,BLUE FLYING SINGING CANARY,85098B | BLUE FLYING SINGING CANARY,Merchandise
85099B,JUMBO BAG RED RETROSPOT,85099B | JUMBO BAG RED RETROSPOT,Merchandise
85099C,JUMBO  BAG BAROQUE BLACK WHITE,85099C | JUMBO  BAG BAROQUE BLACK WHITE,Merchandise
85099F,JUMBO BAG STRAWBERRY,85099F | JUMBO BAG STRAWBERRY,Merchandise
85103,SILVER T-LIGHT SETTING,85103 | SILVER T-LIGHT SETTING,Merchandise
85104,SILVER GLASS T-LIGHT SET,85104 | SILVER GLASS T-LIGHT SET,Merchandise
85106,CUT GLASS HEXAGON T-LIGHT HOLDER,85106 | CUT GLASS HEXAGON T-LIGHT HOLDER,Merchandise
85107,CUT GLASS T-LIGHT HOLDER OCTAGON,85107 | CUT GLASS T-LIGHT HOLDER OCTAGON,Merchandise
85109,PINK BOUDOIR T-LIGHT HOLDER,85109 | PINK BOUDOIR T-LIGHT HOLDER,Merchandise
85111,SILVER GLITTER FLOWER VOTIVE HOLDER,85111 | SILVER GLITTER FLOWER VOTIVE HOLDER,Merchandise
85114A,BLACK ENCHANTED FOREST PLACEMAT,85114A | BLACK ENCHANTED FOREST PLACEMAT,Merchandise
85114B,IVORY ENCHANTED FOREST PLACEMAT,85114B | IVORY ENCHANTED FOREST PLACEMAT,Merchandise
85114C,RED ENCHANTED FOREST PLACEMAT,85114C | RED ENCHANTED FOREST PLACEMAT,Merchandise
85115B,S/4 BLACK DISCO PARTITION PANEL,85115B | S/4 BLACK DISCO PARTITION PANEL,Merchandise
85116,BLACK CANDELABRA T-LIGHT HOLDER,85116 | BLACK CANDELABRA T-LIGHT HOLDER,Merchandise
85118,HEART T-LIGHT HOLDER,85118 | HEART T-LIGHT HOLDER,Merchandise
85119,WATERING CAN SINGLE HOOK PISTACHIO,85119 | WATERING CAN SINGLE HOOK PISTACHIO,Merchandise
85123A,WHITE HANGING HEART T-LIGHT HOLDER,85123A | WHITE HANGING HEART T-LIGHT HOLDER,Merchandise
85124B,BLUE JUICY FRUIT PHOTO FRAME,85124B | BLUE JUICY FRUIT PHOTO FRAME,Merchandise
85124C,GREEN JUICY FRUIT PHOTO FRAME,85124C | GREEN JUICY FRUIT PHOTO FRAME,Merchandise
85125,SMALL ROUND CUT GLASS CANDLESTICK,85125 | SMALL ROUND CUT GLASS CANDLESTICK,Merchandise
85126,LARGE ROUND CUTGLASS CANDLESTICK,85126 | LARGE ROUND CUTGLASS CANDLESTICK,Merchandise
85127,SMALL SQUARE CUT GLASS CANDLESTICK,85127 | SMALL SQUARE CUT GLASS CANDLESTICK,Merchandise
85129B,BEADED CRYSTAL HEART GREEN SMALL,85129B | BEADED CRYSTAL HEART GREEN SMALL,Merchandise
85129C,BEADED CRYSTAL HEART BLUE SMALL,85129C | BEADED CRYSTAL HEART BLUE SMALL,Merchandise
85129D,BEADED CRYSTAL HEART PINK SMALL,85129D | BEADED CRYSTAL HEART PINK SMALL,Merchandise
85130A,BEADED PEARL HEART WHITE LARGE,85130A | BEADED PEARL HEART WHITE LARGE,Merchandise
85130B,BEADED CRYSTAL HEART GREEN LARGE,85130B | BEADED CRYSTAL HEART GREEN LARGE,Merchandise
85130C,BEADED CRYSTAL HEART BLUE  LARGE,85130C | BEADED CRYSTAL HEART BLUE  LARGE,Merchandise
85130D,BEADED CRYSTAL HEART PINK LARGE,85130D | BEADED CRYSTAL HEART PINK LARGE,Merchandise
85131A,BEADED PEARL HEART WHITE ON STICK,85131A | BEADED PEARL HEART WHITE ON STICK,Merchandise
85131B,BEADED CRYSTAL HEART GREEN ON STICK,85131B | BEADED CRYSTAL HEART GREEN ON STICK,Merchandise
85131C,BEADED CRYSTAL HEART BLUE ON STICK,85131C | BEADED CRYSTAL HEART BLUE ON STICK,Merchandise
85131D,BEADED CRYSTAL HEART PINK ON STICK,85131D | BEADED CRYSTAL HEART PINK ON STICK,Merchandise
85132A,CHARLIE + LOLA BISCUITS TINS,85132A | CHARLIE + LOLA BISCUITS TINS,Merchandise
85132B,CHARLIE AND LOLA TABLE TINS,85132B | CHARLIE AND LOLA TABLE TINS,Merchandise
85132C,CHARLIE AND LOLA FIGURES TINS,85132C | CHARLIE AND LOLA FIGURES TINS,Merchandise
85135A,YELLOW DRAGONFLY HELICOPTER,85135A | YELLOW DRAGONFLY HELICOPTER,Merchandise
85135B,BLUE DRAGONFLY HELICOPTER,85135B | BLUE DRAGONFLY HELICOPTER,Merchandise
85135C,RED DRAGONFLY HELICOPTER,85135C | RED DRAGONFLY HELICOPTER,Merchandise
85136A,YELLOW SHARK HELICOPTER,85136A | YELLOW SHARK HELICOPTER,Merchandise
85136B,BLUE SHARK HELICOPTER,85136B | BLUE SHARK HELICOPTER,Merchandise
85136C,RED SHARK HELICOPTER,85136C | RED SHARK HELICOPTER,Merchandise
85141,JARDIN ETCHED GLASS FRUITBOWL,85141 | JARDIN ETCHED GLASS FRUITBOWL,Merchandise
85144,JARDIN ETCHED GLASS CHEESE DISH,85144 | JARDIN ETCHED GLASS CHEESE DISH,Merchandise
85145,JARDIN ETCHED GLASS LARGE BELL JAR,85145 | JARDIN ETCHED GLASS LARGE BELL JAR,Merchandise
85146,JARDIN ETCHED GLASS SMALL BELL JAR,85146 | JARDIN ETCHED GLASS SMALL BELL JAR,Merchandise
85150,LADIES & GENTLEMEN METAL SIGN,85150 | LADIES & GENTLEMEN METAL SIGN,Merchandise
85152,HAND OVER THE CHOCOLATE   SIGN,85152 | HAND OVER THE CHOCOLATE   SIGN,Merchandise
85159A,"BLACK TEA,COFFEE,SUGAR JARS","85159A | BLACK TEA,COFFEE,SUGAR JARS",Merchandise
85159B,"WHITE TEA,COFFEE,SUGAR JARS","85159B | WHITE TEA,COFFEE,SUGAR JARS",Merchandise
85160A,WHITE BIRD GARDEN DESIGN MUG,85160A | WHITE BIRD GARDEN DESIGN MUG,Merchandise
85160B,BLACK BIRD GARDEN DESIGN MUG,85160B | BLACK BIRD GARDEN DESIGN MUG,Merchandise
85161,ACRYLIC GEOMETRIC LAMP,85161 | ACRYLIC GEOMETRIC LAMP,Merchandise
85163A,WHITE BAROQUE WALL CLOCK,85163A | WHITE BAROQUE WALL CLOCK,Merchandise
85163B,BLACK BAROQUE WALL CLOCK,85163B | BLACK BAROQUE WALL CLOCK,Merchandise
85167B,BLACK GRAND BAROQUE PHOTO FRAME,85167B | BLACK GRAND BAROQUE PHOTO FRAME,Merchandise
85168B,BLACK BAROQUE CARRIAGE CLOCK,85168B | BLACK BAROQUE CARRIAGE CLOCK,Merchandise
85169A,IVORY LOVE BIRD CANDLE,85169A | IVORY LOVE BIRD CANDLE,Merchandise
85169B,BLACK LOVE BIRD CANDLE,85169B | BLACK LOVE BIRD CANDLE,Merchandise
85169C,EAU DE NIL LOVE BIRD CANDLE,85169C | EAU DE NIL LOVE BIRD CANDLE,Merchandise
85169D,PINK LOVE BIRD CANDLE,85169D | PINK LOVE BIRD CANDLE,Merchandise
85170A,SET/6 IVORY BIRD T-LIGHT CANDLES,85170A | SET/6 IVORY BIRD T-LIGHT CANDLES,Merchandise
85170B,SET/6 BLACK BIRD T-LIGHT CANDLES,85170B | SET/6 BLACK BIRD T-LIGHT CANDLES,Merchandise
85170C,SET/6 EAU DE NIL BIRD T-LIGHTS,85170C | SET/6 EAU DE NIL BIRD T-LIGHTS,Merchandise
85170D,SET/6 PINK BIRD T-LIGHT CANDLES,85170D | SET/6 PINK BIRD T-LIGHT CANDLES,Merchandise
85172,HYACINTH BULB T-LIGHT CANDLES,85172 | HYACINTH BULB T-LIGHT CANDLES,Merchandise
85173,SET/6 FROG PRINCE T-LIGHT CANDLES,85173 | SET/6 FROG PRINCE T-LIGHT CANDLES,Merchandise
85174,S/4 CACTI CANDLES,85174 | S/4 CACTI CANDLES,Merchandise
85175,CACTI T-LIGHT CANDLES,85175 | CACTI T-LIGHT CANDLES,Merchandise
85176,SEWING SUSAN 21 NEEDLE SET,85176 | SEWING SUSAN 21 NEEDLE SET,Merchandise
85177,BASKET OF FLOWERS SEWING KIT,85177 | BASKET OF FLOWERS SEWING KIT,Merchandise
85178,VICTORIAN SEWING KIT,85178 | VICTORIAN SEWING KIT,Merchandise
85179A,GREEN BITTY LIGHT CHAIN,85179A | GREEN BITTY LIGHT CHAIN,Merchandise
85179C,PINK BITTY LIGHT CHAIN,85179C | PINK BITTY LIGHT CHAIN,Merchandise
85180A,RED HEARTS LIGHT CHAIN,85180A | RED HEARTS LIGHT CHAIN,Merchandise
85180B,PINK HEARTS LIGHT CHAIN,85180B | PINK HEARTS LIGHT CHAIN,Merchandise
85183A,CHARLIE & LOLA WASTEPAPER BIN BLUE,85183A | CHARLIE & LOLA WASTEPAPER BIN BLUE,Merchandise
85183B,CHARLIE & LOLA WASTEPAPER BIN FLORA,85183B | CHARLIE & LOLA WASTEPAPER BIN FLORA,Merchandise
85184C,S/4 VALENTINE DECOUPAGE HEART BOX,85184C | S/4 VALENTINE DECOUPAGE HEART BOX,Merchandise
85185B,PINK HORSE SOCK PUPPET,85185B | PINK HORSE SOCK PUPPET,Merchandise
85185D,FROG SOCK PUPPET,85185D | FROG SOCK PUPPET,Merchandise
85186A,EASTER BUNNY GARLAND OF FLOWERS,85186A | EASTER BUNNY GARLAND OF FLOWERS,Merchandise
85186C,BUNNY EGG GARLAND,85186C | BUNNY EGG GARLAND,Merchandise
85187,S/12 MINI RABBIT EASTER,85187 | S/12 MINI RABBIT EASTER,Merchandise
85188A,GREEN METAL SWINGING BUNNY,85188A | GREEN METAL SWINGING BUNNY,Merchandise
85188B,PINK METAL SWINGING BUNNY,85188B | PINK METAL SWINGING BUNNY,Merchandise
85189,HANGING BUTTERFLY  EGG,85189 | HANGING BUTTERFLY  EGG,Merchandise
85194L,HANGING SPRING FLOWER EGG LARGE,85194L | HANGING SPRING FLOWER EGG LARGE,Merchandise
85194S,HANGING SPRING FLOWER EGG SMALL,85194S | HANGING SPRING FLOWER EGG SMALL,Merchandise
85195,HANGING HEART BASKET,85195 | HANGING HEART BASKET,Merchandise
85197,SET OF 12 MINI BUNNIES IN A BUCKET,85197 | SET OF 12 MINI BUNNIES IN A BUCKET,Merchandise
85198,ASSORTED FARMYARD ANIMALS IN BUCKET,85198 | ASSORTED FARMYARD ANIMALS IN BUCKET,Merchandise
85199L,LARGE HANGING IVORY & RED WOOD BIRD,85199L | LARGE HANGING IVORY & RED WOOD BIRD,Merchandise
85199S,SMALL HANGING IVORY/RED WOOD BIRD,85199S | SMALL HANGING IVORY/RED WOOD BIRD,Merchandise
85200,BUNNY EGG BOX,85200 | BUNNY EGG BOX,Merchandise
85202,HANGING WOOD AND FELT HEART,85202 | HANGING WOOD AND FELT HEART,Merchandise
85203,HANGING WOOD AND FELT BUTTERFLY,85203 | HANGING WOOD AND FELT BUTTERFLY,Merchandise
85204,HANGING WOOD AND FELT FLOWER,85204 | HANGING WOOD AND FELT FLOWER,Merchandise
85205B,PINK FELT EASTER RABBIT GARLAND,85205B | PINK FELT EASTER RABBIT GARLAND,Merchandise
85206A,CREAM FELT EASTER EGG BASKET,85206A | CREAM FELT EASTER EGG BASKET,Merchandise
85206B,PINK FELT EASTER EGG BASKET,85206B | PINK FELT EASTER EGG BASKET,Merchandise
85208,SET/12 FUNKY FELT FLOWER PEG IN BAG,85208 | SET/12 FUNKY FELT FLOWER PEG IN BAG,Merchandise
85211,S/4 GROOVY CAT MAGNETS,85211 | S/4 GROOVY CAT MAGNETS,Merchandise
85212,MINI PAINTED GARDEN DECORATION,85212 | MINI PAINTED GARDEN DECORATION,Merchandise
85213,MINI  ZINC GARDEN DECORATIONS,85213 | MINI  ZINC GARDEN DECORATIONS,Merchandise
85214,TUB 24 PINK FLOWER PEGS,85214 | TUB 24 PINK FLOWER PEGS,Merchandise
85215,ASSORTED CHEESE FRIDGE MAGNETS,85215 | ASSORTED CHEESE FRIDGE MAGNETS,Merchandise
85216,ASSORTED CAKES FRIDGE MAGNETS,85216 | ASSORTED CAKES FRIDGE MAGNETS,Merchandise
85224,ASSORTED COLOUR SILK GLASSES CASE,85224 | ASSORTED COLOUR SILK GLASSES CASE,Merchandise
85225,BLING KEY RING STAND,85225 | BLING KEY RING STAND,Merchandise
85227,SET OF 6 3D KIT CARDS FOR KIDS,85227 | SET OF 6 3D KIT CARDS FOR KIDS,Merchandise
85230A,OPIUM SCENTED VOTIVE CANDLE,85230A | OPIUM SCENTED VOTIVE CANDLE,Merchandise
85230B,CINNAMON SCENTED VOTIVE CANDLE,85230B | CINNAMON SCENTED VOTIVE CANDLE,Merchandise
85230E,STRAWBRY SCENTED VOTIVE CANDLE,85230E | STRAWBRY SCENTED VOTIVE CANDLE,Merchandise
85230F,JASMINE VOTIVE CANDLE,85230F | JASMINE VOTIVE CANDLE,Merchandise
85230G,ORANGE VOTIVE CANDLE,85230G | ORANGE VOTIVE CANDLE,Merchandise
85231B,CINAMMON SET OF 9 T-LIGHTS,85231B | CINAMMON SET OF 9 T-LIGHTS,Merchandise
85231G,ORANGE SCENTED SET/9 T-LIGHTS,85231G | ORANGE SCENTED SET/9 T-LIGHTS,Merchandise
85232A,SET/3 POLKADOT STACKING TINS,85232A | SET/3 POLKADOT STACKING TINS,Merchandise
85232B,SET OF 3 BABUSHKA STACKING TINS,85232B | SET OF 3 BABUSHKA STACKING TINS,Merchandise
85232D,SET/3 DECOUPAGE STACKING TINS,85232D | SET/3 DECOUPAGE STACKING TINS,Merchandise
90000A,RASPBERRY ANT COPPER FLOWER NECKLAC,90000A | RASPBERRY ANT COPPER FLOWER NECKLAC,Merchandise
90000B,MIDNIGHT BLUE COPPER FLOWER NECKLAC,90000B | MIDNIGHT BLUE COPPER FLOWER NECKLAC,Merchandise
90000D,COPPER/OLIVE GREEN FLOWER NECKLACE,90000D | COPPER/OLIVE GREEN FLOWER NECKLACE,Merchandise
90001A,ANTIQUE RASPBERRY FLOWER EARRINGS,90001A | ANTIQUE RASPBERRY FLOWER EARRINGS,Merchandise
90001B,ANTIQUE MID BLUE FLOWER EARRINGS,90001B | ANTIQUE MID BLUE FLOWER EARRINGS,Merchandise
90001C,ANTIQUE OPAL WHITE FLOWER EARRINGS,90001C | ANTIQUE OPAL WHITE FLOWER EARRINGS,Merchandise
90001D,ANTIQUE OLIVE GREEN FLOWER EARRINGS,90001D | ANTIQUE OLIVE GREEN FLOWER EARRINGS,Merchandise
90002D,FLOWER BURST SILVER RING CRYSTAL,90002D | FLOWER BURST SILVER RING CRYSTAL,Merchandise
90003B,ROSE COLOUR PAIR HEART HAIR SLIDES,90003B | ROSE COLOUR PAIR HEART HAIR SLIDES,Merchandise
90003C,MIDNIGHT BLUE PAIR HEART HAIR SLIDE,90003C | MIDNIGHT BLUE PAIR HEART HAIR SLIDE,Merchandise
90003D,CRYSTAL PAIR HEART HAIR SLIDES,90003D | CRYSTAL PAIR HEART HAIR SLIDES,Merchandise
90003E,GREEN PAIR HEART HAIR SLIDES,90003E | GREEN PAIR HEART HAIR SLIDES,Merchandise
90005A,JADE GREEN ENAMEL HAIR COMB,90005A | JADE GREEN ENAMEL HAIR COMB,Merchandise
90010A,MIDNIGHT BLUE GLASS/SILVER BRACELET,90010A | MIDNIGHT BLUE GLASS/SILVER BRACELET,Merchandise
90010B,BLACK/WHITE GLASS/SILVER BRACELET,90010B | BLACK/WHITE GLASS/SILVER BRACELET,Merchandise
90010E,AMBER GLASS/SILVER BRACELET,90010E | AMBER GLASS/SILVER BRACELET,Merchandise
90011A,MIDNIGHT BLUE CRYSTAL DROP EARRINGS,90011A | MIDNIGHT BLUE CRYSTAL DROP EARRINGS,Merchandise
90011B,BLACK CRYSTAL DROP EARRINGS,90011B | BLACK CRYSTAL DROP EARRINGS,Merchandise
90011C,GREEN CRYSTAL DROP EARRINGS,90011C | GREEN CRYSTAL DROP EARRINGS,Merchandise
90011D,PURPLE CRYSTAL DROP EARRINGS,90011D | PURPLE CRYSTAL DROP EARRINGS,Merchandise
90011E,AMBER CRYSTAL DROP EARRINGS,90011E | AMBER CRYSTAL DROP EARRINGS,Merchandise
90012A,MIDNIGHT BLUE DROP CRYSTAL NECKLACE,90012A | MIDNIGHT BLUE DROP CRYSTAL NECKLACE,Merchandise
90012B,BLACK DROP CRYSTAL NECKLACE,90012B | BLACK DROP CRYSTAL NECKLACE,Merchandise
90013A,MIDNIGHT BLUE VINTAGE EARRINGS,90013A | MIDNIGHT BLUE VINTAGE EARRINGS,Merchandise
90013B,BLACK VINTAGE EARRINGS,90013B | BLACK VINTAGE EARRINGS,Merchandise
90013C,GREEN VINTAGE EARRINGS,90013C | GREEN VINTAGE EARRINGS,Merchandise
90013D,PURPLE VINTAGE EARRINGS,90013D | PURPLE VINTAGE EARRINGS,Merchandise
90014A,SILVER/MOP ORBIT NECKLACE,90014A | SILVER/MOP ORBIT NECKLACE,Merchandise
90014B,GOLD M PEARL  ORBIT NECKLACE,90014B | GOLD M PEARL  ORBIT NECKLACE,Merchandise
90014C,SILVER AND BLACK ORBIT NECKLACE,90014C | SILVER AND BLACK ORBIT NECKLACE,Merchandise
90016A,SILVER/M.O.P PENDANT ORBIT NECKLACE,90016A | SILVER/M.O.P PENDANT ORBIT NECKLACE,Merchandise
90016B,GOLD/M.O.P PENDANT ORBIT NECKLACE,90016B | GOLD/M.O.P PENDANT ORBIT NECKLACE,Merchandise
90016C,SILVER/BLACK PENDANT ORBIT NECKLACE,90016C | SILVER/BLACK PENDANT ORBIT NECKLACE,Merchandise
90018A,SILVER M.O.P ORBIT DROP EARRINGS,90018A | SILVER M.O.P ORBIT DROP EARRINGS,Merchandise
90018B,GOLD M.O.P ORBIT DROP EARRINGS,90018B | GOLD M.O.P ORBIT DROP EARRINGS,Merchandise
90018C,SILVER BLACK ORBIT DROP EARRINGS,90018C | SILVER BLACK ORBIT DROP EARRINGS,Merchandise
90019A,SILVER M.O.P ORBIT BRACELET,90019A | SILVER M.O.P ORBIT BRACELET,Merchandise
90019B,GOLD M.O.P ORBIT BRACELET,90019B | GOLD M.O.P ORBIT BRACELET,Merchandise
90019C,SILVER BLACK ORBIT BRACELET,90019C | SILVER BLACK ORBIT BRACELET,Merchandise
90020,FILIGREE DIAMANTE CHAIN,90020 | FILIGREE DIAMANTE CHAIN,Merchandise
90021,LASER CUT MULTI STRAND NECKLACE,90021 | LASER CUT MULTI STRAND NECKLACE,Merchandise
90022,EDWARDIAN DROP EARRINGS JET BLACK,90022 | EDWARDIAN DROP EARRINGS JET BLACK,Merchandise
90023,FILIGREE DIAMANTE EARRINGS,90023 | FILIGREE DIAMANTE EARRINGS,Merchandise
90024B,NEW BAROQUE B'FLY NECKLACE RED,90024B | NEW BAROQUE B'FLY NECKLACE RED,Merchandise
90024C,NEW BAROQUE B'FLY NECKLACE GREEN,90024C | NEW BAROQUE B'FLY NECKLACE GREEN,Merchandise
90024D,NEW BAROQUE B'FLY NECKLACE PINK,90024D | NEW BAROQUE B'FLY NECKLACE PINK,Merchandise
90024E,NEW BAROQUE B'FLY NECKLACE MONTANA,90024E | NEW BAROQUE B'FLY NECKLACE MONTANA,Merchandise
90024F,NEW BAROQUE B'FLY NECKLACE CRYSTAL,90024F | NEW BAROQUE B'FLY NECKLACE CRYSTAL,Merchandise
90025A,BAROQUE BUTTERFLY EARRINGS BLACK,90025A | BAROQUE BUTTERFLY EARRINGS BLACK,Merchandise
90025B,BAROQUE BUTTERFLY EARRINGS RED,90025B | BAROQUE BUTTERFLY EARRINGS RED,Merchandise
90025D,BAROQUE BUTTERFLY EARRINGS PINK,90025D | BAROQUE BUTTERFLY EARRINGS PINK,Merchandise
90025E,BAROQUE BUTTERFLY EARRINGS MONTANA,90025E | BAROQUE BUTTERFLY EARRINGS MONTANA,Merchandise
90025F,BAROQUE BUTTERFLY EARRINGS CRYSTAL,90025F | BAROQUE BUTTERFLY EARRINGS CRYSTAL,Merchandise
90026A,GLASS BEAD HOOP NECKLACE BLACK,90026A | GLASS BEAD HOOP NECKLACE BLACK,Merchandise
90026B,GLASS BEAD HOOP NECKLACE MONTANA,90026B | GLASS BEAD HOOP NECKLACE MONTANA,Merchandise
90026C,GLASS BEAD HOOP NECKLACE GREEN,90026C | GLASS BEAD HOOP NECKLACE GREEN,Merchandise
90026D,GLASS BEAD HOOP NECKLACE AMETHYST,90026D | GLASS BEAD HOOP NECKLACE AMETHYST,Merchandise
90027A,GLASS BEAD HOOP EARRINGS BLACK,90027A | GLASS BEAD HOOP EARRINGS BLACK,Merchandise
90027B,GLASS BEAD HOOP EARRINGS MONTANA,90027B | GLASS BEAD HOOP EARRINGS MONTANA,Merchandise
90027C,GLASS BEAD HOOP EARRINGS GREEN,90027C | GLASS BEAD HOOP EARRINGS GREEN,Merchandise
90027D,GLASS BEAD HOOP EARRINGS AMETHYST,90027D | GLASS BEAD HOOP EARRINGS AMETHYST,Merchandise
90028,NEW BAROQUE LARGE NECKLACE BLK/WHIT,90028 | NEW BAROQUE LARGE NECKLACE BLK/WHIT,Merchandise
90029,NEW BAROQUE SMALL NECKLACE BLACK,90029 | NEW BAROQUE SMALL NECKLACE BLACK,Merchandise
90030A,SPOTTED WHITE NATURAL SEED NECKLACE,90030A | SPOTTED WHITE NATURAL SEED NECKLACE,Merchandise
90030B,RED KUKUI COCONUT SEED NECKLACE,90030B | RED KUKUI COCONUT SEED NECKLACE,Merchandise
90030C,BROWN KUKUI COCONUT SEED NECKLACE,90030C | BROWN KUKUI COCONUT SEED NECKLACE,Merchandise
90031,BILI NUT AND WOOD NECKLACE,90031 | BILI NUT AND WOOD NECKLACE,Merchandise
90032,IVORY SHELL HEART NECKLACE,90032 | IVORY SHELL HEART NECKLACE,Merchandise
90033,IVORY SHELL HEART EARRINGS,90033 | IVORY SHELL HEART EARRINGS,Merchandise
90034,WHITE SILVER NECKLACE SHELL GLASS,90034 | WHITE SILVER NECKLACE SHELL GLASS,Merchandise
90035A,"PEARL & SHELL 42""NECKL. GREEN","90035A | PEARL & SHELL 42""NECKL. GREEN",Merchandise
90035C,"PEARL & SHELL 42""NECKL. IVORY","90035C | PEARL & SHELL 42""NECKL. IVORY",Merchandise
90036A,FLOWER GARLAND NECKLACE RED,90036A | FLOWER GARLAND NECKLACE RED,Merchandise
90036B,"FLOWER GLASS GARLAND NECKL.36""GREEN","90036B | FLOWER GLASS GARLAND NECKL.36""GREEN",Merchandise
90036C,"FLOWER GLASS GARLAND NECKL.36""BLUE","90036C | FLOWER GLASS GARLAND NECKL.36""BLUE",Merchandise
90036D,"FLOWER GLASS GARLAND NECKL.36""BLACK","90036D | FLOWER GLASS GARLAND NECKL.36""BLACK",Merchandise
90036E,"FLOWER GLASS GARLD NECKL36""AMETHYST","90036E | FLOWER GLASS GARLD NECKL36""AMETHYST",Merchandise
90036F,"FLOWER GLASS GARLD NECKL36""TURQUOIS","90036F | FLOWER GLASS GARLD NECKL36""TURQUOIS",Merchandise
90037A,TINY CRYSTAL BRACELET RED,90037A | TINY CRYSTAL BRACELET RED,Merchandise
90037B,TINY CRYSTAL BRACELET GREEN,90037B | TINY CRYSTAL BRACELET GREEN,Merchandise
90037C,TINY CRYSTAL BRACELET BLUE,90037C | TINY CRYSTAL BRACELET BLUE,Merchandise
90038A,GLASS AND PAINTED BEADS BRACELET TO,90038A | GLASS AND PAINTED BEADS BRACELET TO,Merchandise
90038B,GLASS AND PAINTED BEADS BRACELET OL,90038B | GLASS AND PAINTED BEADS BRACELET OL,Merchandise
90038C,GLASS AND BEADS BRACELET IVORY,90038C | GLASS AND BEADS BRACELET IVORY,Merchandise
90039A,FIRE POLISHED GLASS BRACELET RED,90039A | FIRE POLISHED GLASS BRACELET RED,Merchandise
90039B,FIRE POLISHED GLASS BRACELET MONTAN,90039B | FIRE POLISHED GLASS BRACELET MONTAN,Merchandise
90039C,FIRE POLISHED GLASS BRACELET BLACK,90039C | FIRE POLISHED GLASS BRACELET BLACK,Merchandise
90039D,FIRE POLISHED GLASS BRACELET GREEN,90039D | FIRE POLISHED GLASS BRACELET GREEN,Merchandise
90040A,MURANO STYLE GLASS BRACELET RED,90040A | MURANO STYLE GLASS BRACELET RED,Merchandise
90040B,MURANO STYLE GLASS BRACELET BLACK,90040B | MURANO STYLE GLASS BRACELET BLACK,Merchandise
90040C,MURANO STYLE GLASS BRACELET GOLD,90040C | MURANO STYLE GLASS BRACELET GOLD,Merchandise
90041,PEARL AND CHERRY QUARTZ BRACLET,90041 | PEARL AND CHERRY QUARTZ BRACLET,Merchandise
90042A,FRESHWATER PEARL BRACELET GOLD,90042A | FRESHWATER PEARL BRACELET GOLD,Merchandise
90042C,FRESHWATER PEARL BRACELET IVORY,90042C | FRESHWATER PEARL BRACELET IVORY,Merchandise
90043,COPPER AND BRASS BAG CHARM,90043 | COPPER AND BRASS BAG CHARM,Merchandise
90046,WHITE WITH METAL BAG CHARM,90046 | WHITE WITH METAL BAG CHARM,Merchandise
90048,GREEN WITH METAL BAG CHARM,90048 | GREEN WITH METAL BAG CHARM,Merchandise
90049,IVORY GOLD METAL BAG CHARM,90049 | IVORY GOLD METAL BAG CHARM,Merchandise
90050,CRACKED GLAZE NECKLACE IVORY,90050 | CRACKED GLAZE NECKLACE IVORY,Merchandise
90051,CRACKED GLAZE NECKLACE RED,90051 | CRACKED GLAZE NECKLACE RED,Merchandise
90052,CRACKED GLAZE NECKLACE BROWN,90052 | CRACKED GLAZE NECKLACE BROWN,Merchandise
90053,CRACKED GLAZE EARRINGS IVORY,90053 | CRACKED GLAZE EARRINGS IVORY,Merchandise
90054,CRACKED GLAZE EARRINGS RED,90054 | CRACKED GLAZE EARRINGS RED,Merchandise
90055,CRACKED GLAZE EARRINGS BROWN,90055 | CRACKED GLAZE EARRINGS BROWN,Merchandise
90056,CHUNKY CRACKED GLAZE NECKLACE IVORY,90056 | CHUNKY CRACKED GLAZE NECKLACE IVORY,Merchandise
90057,DIAMANTE RING ASSORTED IN BOX.,90057 | DIAMANTE RING ASSORTED IN BOX.,Merchandise
90058A,CRYSTAL STUD EARRINGS CLEAR DISPLAY,90058A | CRYSTAL STUD EARRINGS CLEAR DISPLAY,Merchandise
90058B,CRYSTAL STUD EARRINGS ASSORTED COL,90058B | CRYSTAL STUD EARRINGS ASSORTED COL,Merchandise
90059A,DIAMANTE HAIR GRIP PACK/2 CRYSTAL,90059A | DIAMANTE HAIR GRIP PACK/2 CRYSTAL,Merchandise
90059B,DIAMANTE HAIR GRIP PACK/2 BLACK DIA,90059B | DIAMANTE HAIR GRIP PACK/2 BLACK DIA,Merchandise
90059C,DIAMANTE HAIR GRIP PACK/2 MONTANA,90059C | DIAMANTE HAIR GRIP PACK/2 MONTANA,Merchandise
90059D,DIAMANTE HAIR GRIP PACK/2 PERIDOT,90059D | DIAMANTE HAIR GRIP PACK/2 PERIDOT,Merchandise
90059E,DIAMANTE HAIR GRIP PACK/2 RUBY,90059E | DIAMANTE HAIR GRIP PACK/2 RUBY,Merchandise
90059F,DIAMANTE HAIR GRIP PACK/2 LT ROSE,90059F | DIAMANTE HAIR GRIP PACK/2 LT ROSE,Merchandise
90060B,FIRE POLISHED GLASS NECKL GOLD,90060B | FIRE POLISHED GLASS NECKL GOLD,Merchandise
90060D,FIRE POLISHED GLASS NECKL BRONZE,90060D | FIRE POLISHED GLASS NECKL BRONZE,Merchandise
90060F,FIRE POLISHED GLASS NECKL GREEN,90060F | FIRE POLISHED GLASS NECKL GREEN,Merchandise
90062,CARNIVAL BRACELET,90062 | CARNIVAL BRACELET,Merchandise
90063A,WHITE VINT ART DECO CRYSTAL NECKLAC,90063A | WHITE VINT ART DECO CRYSTAL NECKLAC,Merchandise
90063B,BLACK VINT ART DEC CRYSTAL NECKLACE,90063B | BLACK VINT ART DEC CRYSTAL NECKLACE,Merchandise
90064A,WHITE VINTAGE CRYSTAL EARRINGS,90064A | WHITE VINTAGE CRYSTAL EARRINGS,Merchandise
90064B,BLACK VINTAGE  CRYSTAL EARRINGS,90064B | BLACK VINTAGE  CRYSTAL EARRINGS,Merchandise
90065A,WHITE VINTAGE CRYSTAL BRACELET,90065A | WHITE VINTAGE CRYSTAL BRACELET,Merchandise
90065B,BLACK VINT ART DEC CRYSTAL BRACELET,90065B | BLACK VINT ART DEC CRYSTAL BRACELET,Merchandise
90067A,PINK VINTAGE VICTORIAN EARRINGS,90067A | PINK VINTAGE VICTORIAN EARRINGS,Merchandise
90067B,BROWN VINTAGE VICTORIAN EARRINGS,90067B | BROWN VINTAGE VICTORIAN EARRINGS,Merchandise
90068,"RUBY GLASS NECKLACE 42""","90068 | RUBY GLASS NECKLACE 42""",Merchandise
90069,RUBY GLASS CLUSTER NECKLACE,90069 | RUBY GLASS CLUSTER NECKLACE,Merchandise
90070,RUBY GLASS CLUSTER BRACELET,90070 | RUBY GLASS CLUSTER BRACELET,Merchandise
90071,RUBY GLASS CLUSTER EARRINGS,90071 | RUBY GLASS CLUSTER EARRINGS,Merchandise
90072,RUBY DROP CHANDELIER EARRINGS,90072 | RUBY DROP CHANDELIER EARRINGS,Merchandise
90073,VINTAGE ENAMEL & CRYSTAL EARRINGS,90073 | VINTAGE ENAMEL & CRYSTAL EARRINGS,Merchandise
90074,BLACK DIAMOND CLUSTER NECKLACE,90074 | BLACK DIAMOND CLUSTER NECKLACE,Merchandise
90075,MONTANA DIAMOND CLUSTER NECKLACE,90075 | MONTANA DIAMOND CLUSTER NECKLACE,Merchandise
90076,MONTANA DIAMOND CLUSTER EARRINGS,90076 | MONTANA DIAMOND CLUSTER EARRINGS,Merchandise
90077,BLACK DIAMOND CLUSTER EARRINGS,90077 | BLACK DIAMOND CLUSTER EARRINGS,Merchandise
90078,PINK/WHITE GLASS DEMI CHOKER,90078 | PINK/WHITE GLASS DEMI CHOKER,Merchandise
90079,VINTAGE ENAMEL & CRYSTAL NECKLACE,90079 | VINTAGE ENAMEL & CRYSTAL NECKLACE,Merchandise
90081A,LILY BROOCH AMETHYST COLOUR,90081A | LILY BROOCH AMETHYST COLOUR,Merchandise
90081B,LILY BROOCH WHITE/SILVER COLOUR,90081B | LILY BROOCH WHITE/SILVER COLOUR,Merchandise
90081C,LILY BROOCH OLIVE COLOUR,90081C | LILY BROOCH OLIVE COLOUR,Merchandise
90082A,DIAMANTE BOW BROOCH GREEN COLOUR,90082A | DIAMANTE BOW BROOCH GREEN COLOUR,Merchandise
90082B,DIAMANTE BOW BROOCH RED COLOUR,90082B | DIAMANTE BOW BROOCH RED COLOUR,Merchandise
90082D,DIAMANTE BOW BROOCH BLACK COLOUR,90082D | DIAMANTE BOW BROOCH BLACK COLOUR,Merchandise
90083,CRYSTAL CZECH CROSS PHONE CHARM,90083 | CRYSTAL CZECH CROSS PHONE CHARM,Merchandise
90084,PINK CRYSTAL GUITAR PHONE CHARM,90084 | PINK CRYSTAL GUITAR PHONE CHARM,Merchandise
90085,CRYSTAL STILETTO PHONE CHARM,90085 | CRYSTAL STILETTO PHONE CHARM,Merchandise
90086,CRYSTAL FROG PHONE CHARM,90086 | CRYSTAL FROG PHONE CHARM,Merchandise
90087,CRYSTAL SEA HORSE PHONE CHARM,90087 | CRYSTAL SEA HORSE PHONE CHARM,Merchandise
90089,PINK CRYSTAL SKULL PHONE CHARM,90089 | PINK CRYSTAL SKULL PHONE CHARM,Merchandise
90092,BLUE CRYSTAL BOOT PHONE CHARM,90092 | BLUE CRYSTAL BOOT PHONE CHARM,Merchandise
90093,CLEAR CRYSTAL STAR PHONE CHARM,90093 | CLEAR CRYSTAL STAR PHONE CHARM,Merchandise
90094,NECKLACE+BRACELET SET FRUIT SALAD,90094 | NECKLACE+BRACELET SET FRUIT SALAD,Merchandise
90096,NECKLACE+BRACELET SET BLUE BLOSSOM,90096 | NECKLACE+BRACELET SET BLUE BLOSSOM,Merchandise
90098,NECKLACE+BRACELET PINK BUTTERFLY,90098 | NECKLACE+BRACELET PINK BUTTERFLY,Merchandise
90099,NECKLACE+BRACELET SET BLUE HIBISCUS,90099 | NECKLACE+BRACELET SET BLUE HIBISCUS,Merchandise
90100,NECKLACE+BRACELET SET PINK DAISY,90100 | NECKLACE+BRACELET SET PINK DAISY,Merchandise
90101,WHITE FRANGIPANI NECKLACE,90101 | WHITE FRANGIPANI NECKLACE,Merchandise
90102,WHITE FRANGIPANI HAIR CLIP,90102 | WHITE FRANGIPANI HAIR CLIP,Merchandise
90103,PURPLE FRANGIPANI NECKLACE,90103 | PURPLE FRANGIPANI NECKLACE,Merchandise
90104,PURPLE FRANGIPANI HAIRCLIP,90104 | PURPLE FRANGIPANI HAIRCLIP,Merchandise
90108,BLUE BLOSSOM HAIR CLIP,90108 | BLUE BLOSSOM HAIR CLIP,Merchandise
90112,PINK DOLLY HAIR CLIPS,90112 | PINK DOLLY HAIR CLIPS,Merchandise
90114,SUMMER DAISIES BAG CHARM,90114 | SUMMER DAISIES BAG CHARM,Merchandise
90115,SUMMER BUTTERFLIES BAG CHARM,90115 | SUMMER BUTTERFLIES BAG CHARM,Merchandise
90116,FRUIT SALAD BAG CHARM,90116 | FRUIT SALAD BAG CHARM,Merchandise
90118,PINK DAISY BAG CHARM,90118 | PINK DAISY BAG CHARM,Merchandise
90119,METALIC LEAVES BAG CHARMS,90119 | METALIC LEAVES BAG CHARMS,Merchandise
90120A,PINK MURANO TWIST BRACELET,90120A | PINK MURANO TWIST BRACELET,Merchandise
90120B,BLUE MURANO TWIST BRACELET,90120B | BLUE MURANO TWIST BRACELET,Merchandise
90120C,GREEN MURANO TWIST BRACELET,90120C | GREEN MURANO TWIST BRACELET,Merchandise
90120D,WHITE MURANO TWIST BRACELET,90120D | WHITE MURANO TWIST BRACELET,Merchandise
90122A,PINK CRYSTAL+GLASS BRACELET,90122A | PINK CRYSTAL+GLASS BRACELET,Merchandise
90122B,JADE CRYSTAL+GLASS BRACELET,90122B | JADE CRYSTAL+GLASS BRACELET,Merchandise
90122C,TURQUOISE CRYSTAL+GLASS BRACELET,90122C | TURQUOISE CRYSTAL+GLASS BRACELET,Merchandise
90123A,PINK HEART OF GLASS BRACELET,90123A | PINK HEART OF GLASS BRACELET,Merchandise
90123B,TURQUOISE HEART OF GLASS BRACELET,90123B | TURQUOISE HEART OF GLASS BRACELET,Merchandise
90123C,GREEN HEART OF GLASS BRACELET,90123C | GREEN HEART OF GLASS BRACELET,Merchandise
90123D,WHITE HEART OF GLASS BRACELET,90123D | WHITE HEART OF GLASS BRACELET,Merchandise
90124A,PINK MURANO TWIST NECKLACE,90124A | PINK MURANO TWIST NECKLACE,Merchandise
90124B,BLUE MURANO TWIST NECKLACE,90124B | BLUE MURANO TWIST NECKLACE,Merchandise
90124C,GREEN MURANO TWIST NECKLACE,90124C | GREEN MURANO TWIST NECKLACE,Merchandise
90125A,PINK BERTIE GLASS BEAD BAG CHARM,90125A | PINK BERTIE GLASS BEAD BAG CHARM,Merchandise
90125B,AQUA BERTIE GLASS BEAD BAG CHARM,90125B | AQUA BERTIE GLASS BEAD BAG CHARM,Merchandise
90125C,TURQUOISE BERTIE GLASS BEAD CHARM,90125C | TURQUOISE BERTIE GLASS BEAD CHARM,Merchandise
90125D,PURPLE BERTIE GLASS BEAD BAG CHARM,90125D | PURPLE BERTIE GLASS BEAD BAG CHARM,Merchandise
90125E,AMBER BERTIE GLASS BEAD BAG CHARM,90125E | AMBER BERTIE GLASS BEAD BAG CHARM,Merchandise
90126A,PINK BERTIE MOBILE PHONE CHARM,90126A | PINK BERTIE MOBILE PHONE CHARM,Merchandise
90126C,AMBER BERTIE MOBILE PHONE CHARM,90126C | AMBER BERTIE MOBILE PHONE CHARM,Merchandise
90127A,PINK BEADS+HAND PHONE CHARM,90127A | PINK BEADS+HAND PHONE CHARM,Merchandise
90128A,PINK LEAVES AND BEADS PHONE CHARM,90128A | PINK LEAVES AND BEADS PHONE CHARM,Merchandise
90128B,BLUE LEAVES AND BEADS PHONE CHARM,90128B | BLUE LEAVES AND BEADS PHONE CHARM,Merchandise
90128C,GREEN LEAVES AND BEADS PHONE CHARM,90128C | GREEN LEAVES AND BEADS PHONE CHARM,Merchandise
90128D,PURPLE LEAVES AND BEADS PHONE CHAR,90128D | PURPLE LEAVES AND BEADS PHONE CHAR,Merchandise
90129A,PINK GLASS TASSLE BAG CHARM,90129A | PINK GLASS TASSLE BAG CHARM,Merchandise
90129B,TURQUOISE GLASS TASSLE BAG CHARM,90129B | TURQUOISE GLASS TASSLE BAG CHARM,Merchandise
90129C,GREEN GLASS TASSLE BAG CHARM,90129C | GREEN GLASS TASSLE BAG CHARM,Merchandise
90129D,AMBER GLASS TASSLE BAG CHARM,90129D | AMBER GLASS TASSLE BAG CHARM,Merchandise
90129E,PURPLE GLASS TASSLE BAG CHARM,90129E | PURPLE GLASS TASSLE BAG CHARM,Merchandise
90129F,RED GLASS TASSLE BAG CHARM,90129F | RED GLASS TASSLE BAG CHARM,Merchandise
90130A,WHITE STONE/CRYSTAL EARRINGS,90130A | WHITE STONE/CRYSTAL EARRINGS,Merchandise
90130B,TURQ STONE/CRYSTAL EARRINGS,90130B | TURQ STONE/CRYSTAL EARRINGS,Merchandise
90130C,GREEN STONE/CRYSTAL EARRINGS,90130C | GREEN STONE/CRYSTAL EARRINGS,Merchandise
90130D,RED STONE/CRYSTAL EARRINGS,90130D | RED STONE/CRYSTAL EARRINGS,Merchandise
90131,PINK/AMETHYST/GOLD NECKLACE,90131 | PINK/AMETHYST/GOLD NECKLACE,Merchandise
90132,LIGHT TOPAZ TEAL/AQUA COL NECKLACE,90132 | LIGHT TOPAZ TEAL/AQUA COL NECKLACE,Merchandise
90133,TEAL/FUSCHIA COL BEAD NECKLACE,90133 | TEAL/FUSCHIA COL BEAD NECKLACE,Merchandise
90134,OLD ROSE COMBO BEAD NECKLACE,90134 | OLD ROSE COMBO BEAD NECKLACE,Merchandise
90135,ORANGE/WHT/FUSCHIA STONES NECKLACE,90135 | ORANGE/WHT/FUSCHIA STONES NECKLACE,Merchandise
90135A,ORANGE/FUSCHIA STONES NECKLACE,90135A | ORANGE/FUSCHIA STONES NECKLACE,Merchandise
90136,PALE PINK/AMETHYST STONE NECKLACE,90136 | PALE PINK/AMETHYST STONE NECKLACE,Merchandise
90137,PINK COMBO MINI CRYSTALS NECKLACE,90137 | PINK COMBO MINI CRYSTALS NECKLACE,Merchandise
90138,WHITE/PINK MINI CRYSTALS NECKLACE,90138 | WHITE/PINK MINI CRYSTALS NECKLACE,Merchandise
90140,PINK SWEETIE NECKLACE,90140 | PINK SWEETIE NECKLACE,Merchandise
90141A,GREEN PENDANT TRIPLE SHELL NECKLACE,90141A | GREEN PENDANT TRIPLE SHELL NECKLACE,Merchandise
90141B,IVORY PENDANT TRIPLE SHELL NECKLACE,90141B | IVORY PENDANT TRIPLE SHELL NECKLACE,Merchandise
90141C,TURQ PENDANT TRIPLE SHELL NECKLACE,90141C | TURQ PENDANT TRIPLE SHELL NECKLACE,Merchandise
90141D,ROSE PENDANT TRIPLE SHELL NECKLACE,90141D | ROSE PENDANT TRIPLE SHELL NECKLACE,Merchandise
90141E,ORANGE PENDANT TRIPLE SHELL NECKLAC,90141E | ORANGE PENDANT TRIPLE SHELL NECKLAC,Merchandise
90142A,GREEN PENDANT SHELL NECKLACE,90142A | GREEN PENDANT SHELL NECKLACE,Merchandise
90142D,MOP PENDANT SHELL NECKLACE,90142D | MOP PENDANT SHELL NECKLACE,Merchandise
90143,SILVER BRACELET W PASTEL FLOWER,90143 | SILVER BRACELET W PASTEL FLOWER,Merchandise
90144,SILVER DROP EARRINGS WITH FLOWER,90144 | SILVER DROP EARRINGS WITH FLOWER,Merchandise
90145,SILVER HOOP EARRINGS WITH FLOWER,90145 | SILVER HOOP EARRINGS WITH FLOWER,Merchandise
90146,FINE SILVER NECKLACE W PASTEL FLOWE,90146 | FINE SILVER NECKLACE W PASTEL FLOWE,Merchandise
90147,CHUNKY SILVER NECKLACE PASTEL FLOWE,90147 | CHUNKY SILVER NECKLACE PASTEL FLOWE,Merchandise
90148,LONG SILVER NECKLACE PASTEL FLOWER,90148 | LONG SILVER NECKLACE PASTEL FLOWER,Merchandise
90149,SILVER FLOWR PINK SHELL NECKLACE,90149 | SILVER FLOWR PINK SHELL NECKLACE,Merchandise
90151,SILVER/NATURAL SHELL NECKLACE,90151 | SILVER/NATURAL SHELL NECKLACE,Merchandise
90152A,SILVER/NAT SHELL NECKLACE W PENDANT,90152A | SILVER/NAT SHELL NECKLACE W PENDANT,Merchandise
90152B,BLUE/GREEN SHELL NECKLACE W PENDANT,90152B | BLUE/GREEN SHELL NECKLACE W PENDANT,Merchandise
90152C,BLUE/NAT SHELL NECKLACE W PENDANT,90152C | BLUE/NAT SHELL NECKLACE W PENDANT,Merchandise
90154,LAZER CUT NECKLACE W PASTEL BEADS,90154 | LAZER CUT NECKLACE W PASTEL BEADS,Merchandise
90155,RESIN NECKLACE W PASTEL BEADS,90155 | RESIN NECKLACE W PASTEL BEADS,Merchandise
90156,RESIN BRACELET W PASTEL BEADS,90156 | RESIN BRACELET W PASTEL BEADS,Merchandise
90157,RIVIERA NECKLACE,90157 | RIVIERA NECKLACE,Merchandise
90158,ST TROPEZ NECKLACE,90158 | ST TROPEZ NECKLACE,Merchandise
90159,COTE D'AZURE NECKLACE,90159 | COTE D'AZURE NECKLACE,Merchandise
90160A,PURPLE BOUDICCA LARGE BRACELET,90160A | PURPLE BOUDICCA LARGE BRACELET,Merchandise
90160B,RED BOUDICCA LARGE BRACELET,90160B | RED BOUDICCA LARGE BRACELET,Merchandise
90160C,TURQ+RED BOUDICCA LARGE BRACELET,90160C | TURQ+RED BOUDICCA LARGE BRACELET,Merchandise
90160D,PINK BOUDICCA LARGE BRACELET,90160D | PINK BOUDICCA LARGE BRACELET,Merchandise
90161A,ANT COPPER RED BOUDICCA BRACELET,90161A | ANT COPPER RED BOUDICCA BRACELET,Merchandise
90161B,ANT COPPER TURQ BOUDICCA BRACELET,90161B | ANT COPPER TURQ BOUDICCA BRACELET,Merchandise
90161C,ANT COPPER LIME BOUDICCA BRACELET,90161C | ANT COPPER LIME BOUDICCA BRACELET,Merchandise
90161D,ANT COPPER PINK BOUDICCA BRACELET,90161D | ANT COPPER PINK BOUDICCA BRACELET,Merchandise
90162A,ANT SILVER TURQUOISE BOUDICCA RING,90162A | ANT SILVER TURQUOISE BOUDICCA RING,Merchandise
90162B,ANT SILVER LIME GREEN BOUDICCA RING,90162B | ANT SILVER LIME GREEN BOUDICCA RING,Merchandise
90162C,ANT SILVER FUSCHIA BOUDICCA RING,90162C | ANT SILVER FUSCHIA BOUDICCA RING,Merchandise
90162D,ANT SILVER PURPLE BOUDICCA RING,90162D | ANT SILVER PURPLE BOUDICCA RING,Merchandise
90163A,PINK ROSEBUD & PEARL NECKLACE,90163A | PINK ROSEBUD & PEARL NECKLACE,Merchandise
90163B,WHITE ROSEBUD & PEARL NECKLACE,90163B | WHITE ROSEBUD & PEARL NECKLACE,Merchandise
90164A,PINK ROSEBUD PEARL BRACELET,90164A | PINK ROSEBUD PEARL BRACELET,Merchandise
90164B,WHITE  ROSEBUD PEARL BRACELET,90164B | WHITE  ROSEBUD PEARL BRACELET,Merchandise
90165A,PINK ROSEBUD PEARL EARRINGS,90165A | PINK ROSEBUD PEARL EARRINGS,Merchandise
90165B,WHITE ROSEBUD  PEARL EARRINGS,90165B | WHITE ROSEBUD  PEARL EARRINGS,Merchandise
90166,PINK & WHITE ROSEBUD RING,90166 | PINK & WHITE ROSEBUD RING,Merchandise
90167,BEADED LOVE HEART JEWELLERY SET,90167 | BEADED LOVE HEART JEWELLERY SET,Merchandise
90168,2 DAISIES HAIR COMB,90168 | 2 DAISIES HAIR COMB,Merchandise
90169,DAISY HAIR COMB,90169 | DAISY HAIR COMB,Merchandise
90170,DAISY HAIR BAND,90170 | DAISY HAIR BAND,Merchandise
90173,PAIR BUTTERFLY HAIR CLIPS,90173 | PAIR BUTTERFLY HAIR CLIPS,Merchandise
90174,BUTTERFLY HAIR BAND,90174 | BUTTERFLY HAIR BAND,Merchandise
90175A,WHITE GLASS CHUNKY CHARM BRACELET,90175A | WHITE GLASS CHUNKY CHARM BRACELET,Merchandise
90175B,PINK GLASS CHUNKY CHARM BRACELET,90175B | PINK GLASS CHUNKY CHARM BRACELET,Merchandise
90175C,BLUE GLASS CHUNKY CHARM BRACELET,90175C | BLUE GLASS CHUNKY CHARM BRACELET,Merchandise
90175D,TIGRIS EYE CHUNKY CHARM BRACELET,90175D | TIGRIS EYE CHUNKY CHARM BRACELET,Merchandise
90176A,CLASSIC DIAMANTE NECKLACE JET,90176A | CLASSIC DIAMANTE NECKLACE JET,Merchandise
90176B,DIAMANTE NECKLACE BLACK,90176B | DIAMANTE NECKLACE BLACK,Merchandise
90176C,DIAMANTE NECKLACE,90176C | DIAMANTE NECKLACE,Merchandise
90176D,DIAMANTE NECKLACE PURPLE,90176D | DIAMANTE NECKLACE PURPLE,Merchandise
90176E,DIAMANTE NECKLACE GREEN,90176E | DIAMANTE NECKLACE GREEN,Merchandise
90177A,CLASSIC DIAMANTE EARRINGS JET,90177A | CLASSIC DIAMANTE EARRINGS JET,Merchandise
90177B,DROP DIAMANTE EARRINGS BLACK DIAMON,90177B | DROP DIAMANTE EARRINGS BLACK DIAMON,Merchandise
90177C,DROP DIAMANTE EARRINGS CRYSTAL,90177C | DROP DIAMANTE EARRINGS CRYSTAL,Merchandise
90177D,DROP DIAMANTE EARRINGS PURPLE,90177D | DROP DIAMANTE EARRINGS PURPLE,Merchandise
90177E,DROP DIAMANTE EARRINGS GREEN,90177E | DROP DIAMANTE EARRINGS GREEN,Merchandise
90178A,AMBER CHUNKY GLASS+BEAD NECKLACE,90178A | AMBER CHUNKY GLASS+BEAD NECKLACE,Merchandise
90178B,PURPLE CHUNKY GLASS+BEAD NECKLACE,90178B | PURPLE CHUNKY GLASS+BEAD NECKLACE,Merchandise
90179A,AMBER FINE BEAD NECKLACE W TASSEL,90179A | AMBER FINE BEAD NECKLACE W TASSEL,Merchandise
90179B,PURPLE FINE BEAD NECKLACE W TASSEL,90179B | PURPLE FINE BEAD NECKLACE W TASSEL,Merchandise
90179C,BLACK FINE BEAD NECKLACE W TASSEL,90179C | BLACK FINE BEAD NECKLACE W TASSEL,Merchandise
90180A,BLACK+WHITE NECKLACE W TASSEL,90180A | BLACK+WHITE NECKLACE W TASSEL,Merchandise
90180B,PURPLE AMETHYST NECKLACE W TASSEL,90180B | PURPLE AMETHYST NECKLACE W TASSEL,Merchandise
90181A,AMBER GLASS/SHELL/PEARL NECKLACE,90181A | AMBER GLASS/SHELL/PEARL NECKLACE,Merchandise
90181B,AMETHYST GLASS/SHELL/PEARL NECKLACE,90181B | AMETHYST GLASS/SHELL/PEARL NECKLACE,Merchandise
90181C,BLACK GLASS/SHELL/PEARL NECKLACE,90181C | BLACK GLASS/SHELL/PEARL NECKLACE,Merchandise
90182A,AMBER 3 BEAD DROP EARRINGS,90182A | AMBER 3 BEAD DROP EARRINGS,Merchandise
90182B,AMETHYST 3 BEAD DROP EARRINGS,90182B | AMETHYST 3 BEAD DROP EARRINGS,Merchandise
90182C,BLACK 3 BEAD DROP EARRINGS,90182C | BLACK 3 BEAD DROP EARRINGS,Merchandise
90183A,AMBER DROP EARRINGS W LONG BEADS,90183A | AMBER DROP EARRINGS W LONG BEADS,Merchandise
90183B,AMETHYST DROP EARRINGS W LONG BEADS,90183B | AMETHYST DROP EARRINGS W LONG BEADS,Merchandise
90183C,BLACK DROP EARRINGS W LONG BEADS,90183C | BLACK DROP EARRINGS W LONG BEADS,Merchandise
90184A,AMBER CHUNKY BEAD BRACELET W STRAP,90184A | AMBER CHUNKY BEAD BRACELET W STRAP,Merchandise
90184B,AMETHYST CHUNKY BEAD BRACELET W STR,90184B | AMETHYST CHUNKY BEAD BRACELET W STR,Merchandise
90184C,BLACK CHUNKY BEAD BRACELET W STRAP,90184C | BLACK CHUNKY BEAD BRACELET W STRAP,Merchandise
90185A,AMBER DIAMANTE EXPANDABLE RING,90185A | AMBER DIAMANTE EXPANDABLE RING,Merchandise
90185B,AMETHYST DIAMANTE EXPANDABLE RING,90185B | AMETHYST DIAMANTE EXPANDABLE RING,Merchandise
90185C,BLACK DIAMANTE EXPANDABLE RING,90185C | BLACK DIAMANTE EXPANDABLE RING,Merchandise
90185D,CRYSTAL DIAMANTE EXPANDABLE RING,90185D | CRYSTAL DIAMANTE EXPANDABLE RING,Merchandise
90186A,AMETHYST HOOP EARRING FLORAL LEAF,90186A | AMETHYST HOOP EARRING FLORAL LEAF,Merchandise
90186B,CRYSTAL HOOP EARRING FLORAL LEAF,90186B | CRYSTAL HOOP EARRING FLORAL LEAF,Merchandise
90187A,BLUE DROP EARRINGS W BEAD CLUSTER,90187A | BLUE DROP EARRINGS W BEAD CLUSTER,Merchandise
90187B,GREEN DROP EARRINGS W BEAD CLUSTER,90187B | GREEN DROP EARRINGS W BEAD CLUSTER,Merchandise
90188,DROP EARRINGS W FLOWER & LEAF,90188 | DROP EARRINGS W FLOWER & LEAF,Merchandise
90189A,SILVER 2 STRAND NECKLACE-LEAF CHARM,90189A | SILVER 2 STRAND NECKLACE-LEAF CHARM,Merchandise
90190A,SILVER/CRYSTAL DROP EARRINGS W LEAF,90190A | SILVER/CRYSTAL DROP EARRINGS W LEAF,Merchandise
90190B,GOLD/AMBER DROP EARRINGS W LEAF,90190B | GOLD/AMBER DROP EARRINGS W LEAF,Merchandise
90190C,SILVER/AMETHYST DROP EARRINGS LEAF,90190C | SILVER/AMETHYST DROP EARRINGS LEAF,Merchandise
90191,SILVER LARIAT 40CM,90191 | SILVER LARIAT 40CM,Merchandise
90192,JADE DROP EARRINGS W FILIGREE,90192 | JADE DROP EARRINGS W FILIGREE,Merchandise
90194,SILVER LARIAT BLACK STONE EARRINGS,90194 | SILVER LARIAT BLACK STONE EARRINGS,Merchandise
90195A,PURPLE GEMSTONE BRACELET,90195A | PURPLE GEMSTONE BRACELET,Merchandise
90195B,BLACK GEMSTONE BRACELET,90195B | BLACK GEMSTONE BRACELET,Merchandise
90196A,PURPLE GEMSTONE NECKLACE 45CM,90196A | PURPLE GEMSTONE NECKLACE 45CM,Merchandise
90196B,BLACK GEMSTONE NECKLACE 45CM,90196B | BLACK GEMSTONE NECKLACE 45CM,Merchandise
90197B,BLACK GLASS BRACELET W HEART CHARMS,90197B | BLACK GLASS BRACELET W HEART CHARMS,Merchandise
90198A,VINTAGE ROSE BEAD BRACELET RASPBERR,90198A | VINTAGE ROSE BEAD BRACELET RASPBERR,Merchandise
90198B,VINTAGE ROSE BEAD BRACELET BLACK,90198B | VINTAGE ROSE BEAD BRACELET BLACK,Merchandise
90199A,5 STRAND GLASS NECKLACE BLACK,90199A | 5 STRAND GLASS NECKLACE BLACK,Merchandise
90199B,5 STRAND GLASS NECKLACE AMETHYST,90199B | 5 STRAND GLASS NECKLACE AMETHYST,Merchandise
90199C,5 STRAND GLASS NECKLACE CRYSTAL,90199C | 5 STRAND GLASS NECKLACE CRYSTAL,Merchandise
90199D,5 STRAND GLASS NECKLACE AMBER,90199D | 5 STRAND GLASS NECKLACE AMBER,Merchandise
90200A,PURPLE SWEETHEART BRACELET,90200A | PURPLE SWEETHEART BRACELET,Merchandise
90200B,BLACK SWEETHEART BRACELET,90200B | BLACK SWEETHEART BRACELET,Merchandise
90200C,BLUE SWEETHEART BRACELET,90200C | BLUE SWEETHEART BRACELET,Merchandise
90200D,PINK SWEETHEART BRACELET,90200D | PINK SWEETHEART BRACELET,Merchandise
90200E,GREEN SWEETHEART BRACELET,90200E | GREEN SWEETHEART BRACELET,Merchandise
90201A,PURPLE ENAMEL FLOWER RING,90201A | PURPLE ENAMEL FLOWER RING,Merchandise
90201B,BLACK ENAMEL FLOWER RING,90201B | BLACK ENAMEL FLOWER RING,Merchandise
90201C,RED ENAMEL FLOWER RING,90201C | RED ENAMEL FLOWER RING,Merchandise
90201D,GREEN ENAMEL FLOWER RING,90201D | GREEN ENAMEL FLOWER RING,Merchandise
90202A,PURPLE ENAMEL FLOWER HAIR TIE,90202A | PURPLE ENAMEL FLOWER HAIR TIE,Merchandise
90202B,WHITE ENAMEL FLOWER HAIR TIE,90202B | WHITE ENAMEL FLOWER HAIR TIE,Merchandise
90202C,GREEN ENAMEL FLOWER HAIR TIE,90202C | GREEN ENAMEL FLOWER HAIR TIE,Merchandise
90202D,PINK ENAMEL FLOWER HAIR TIE,90202D | PINK ENAMEL FLOWER HAIR TIE,Merchandise
90204,PAIR OF ENAMEL BUTTERFLY HAIRCLIP,90204 | PAIR OF ENAMEL BUTTERFLY HAIRCLIP,Merchandise
90205A,LARGE MINT DIAMANTE HAIRSLIDE,90205A | LARGE MINT DIAMANTE HAIRSLIDE,Merchandise
90205C,LARGE CRYSTAL DIAMANTE HAIRSLIDE,90205C | LARGE CRYSTAL DIAMANTE HAIRSLIDE,Merchandise
90206A,GOLD DIAMANTE STAR BROOCH,90206A | GOLD DIAMANTE STAR BROOCH,Merchandise
90206C,CRYSTAL DIAMANTE STAR BROOCH,90206C | CRYSTAL DIAMANTE STAR BROOCH,Merchandise
90208,PAIR OF PINK FLOWER CLUSTER SLIDE,90208 | PAIR OF PINK FLOWER CLUSTER SLIDE,Merchandise
90209A,PURPLE ENAMEL+GLASS HAIR COMB,90209A | PURPLE ENAMEL+GLASS HAIR COMB,Merchandise
90209B,GREEN ENAMEL+GLASS HAIR COMB,90209B | GREEN ENAMEL+GLASS HAIR COMB,Merchandise
90209C,PINK ENAMEL+GLASS HAIR COMB,90209C | PINK ENAMEL+GLASS HAIR COMB,Merchandise
90210A,GREY ACRYLIC FACETED BANGLE,90210A | GREY ACRYLIC FACETED BANGLE,Merchandise
90210B,CLEAR ACRYLIC FACETED BANGLE,90210B | CLEAR ACRYLIC FACETED BANGLE,Merchandise
90210C,RED   ACRYLIC FACETED BANGLE,90210C | RED   ACRYLIC FACETED BANGLE,Merchandise
90210D,PURPLE ACRYLIC FACETED BANGLE,90210D | PURPLE ACRYLIC FACETED BANGLE,Merchandise
90211A,DIAMOND LAS VEGAS NECKLACE 45CM,90211A | DIAMOND LAS VEGAS NECKLACE 45CM,Merchandise
90211B,JET BLACK LAS VEGAS NECKLACE 45CM,90211B | JET BLACK LAS VEGAS NECKLACE 45CM,Merchandise
90212B,JET BLACK LAS VEGAS BRACELET ROUND,90212B | JET BLACK LAS VEGAS BRACELET ROUND,Merchandise
90212C,PURPLE LAS VEGAS BRACELET ROUND,90212C | PURPLE LAS VEGAS BRACELET ROUND,Merchandise
90214A,"LETTER ""A"" BLING KEY RING","90214A | LETTER ""A"" BLING KEY RING",Merchandise
90214B,"LETTER ""B"" BLING KEY RING","90214B | LETTER ""B"" BLING KEY RING",Merchandise
90214C,"LETTER ""C"" BLING KEY RING","90214C | LETTER ""C"" BLING KEY RING",Merchandise
90214D,"LETTER ""D"" BLING KEY RING","90214D | LETTER ""D"" BLING KEY RING",Merchandise
90214E,"LETTER ""E"" BLING KEY RING","90214E | LETTER ""E"" BLING KEY RING",Merchandise
90214F,"LETTER ""F"" BLING KEY RING","90214F | LETTER ""F"" BLING KEY RING",Merchandise
90214G,"LETTER ""G"" BLING KEY RING","90214G | LETTER ""G"" BLING KEY RING",Merchandise
90214H,"LETTER ""H"" BLING KEY RING","90214H | LETTER ""H"" BLING KEY RING",Merchandise
90214I,"LETTER ""I"" BLING KEY RING","90214I | LETTER ""I"" BLING KEY RING",Merchandise
90214J,"LETTER ""J"" BLING KEY RING","90214J | LETTER ""J"" BLING KEY RING",Merchandise
90214K,"LETTER ""K"" BLING KEY RING","90214K | LETTER ""K"" BLING KEY RING",Merchandise
90214L,"LETTER ""L"" BLING KEY RING","90214L | LETTER ""L"" BLING KEY RING",Merchandise
90214M,"LETTER ""M"" BLING KEY RING","90214M | LETTER ""M"" BLING KEY RING",Merchandise
90214N,"LETTER ""N"" BLING KEY RING","90214N | LETTER ""N"" BLING KEY RING",Merchandise
90214O,"LETTER ""O"" BLING KEY RING","90214O | LETTER ""O"" BLING KEY RING",Merchandise
90214P,"LETTER ""P"" BLING KEY RING","90214P | LETTER ""P"" BLING KEY RING",Merchandise
90214R,"LETTER ""R"" BLING KEY RING","90214R | LETTER ""R"" BLING KEY RING",Merchandise
90214S,"LETTER ""S"" BLING KEY RING","90214S | LETTER ""S"" BLING KEY RING",Merchandise
90214T,"LETTER ""T"" BLING KEY RING","90214T | LETTER ""T"" BLING KEY RING",Merchandise
90214U,"LETTER ""U"" BLING KEY RING","90214U | LETTER ""U"" BLING KEY RING",Merchandise
90214V,"LETTER ""V"" BLING KEY RING","90214V | LETTER ""V"" BLING KEY RING",Merchandise
90214W,"LETTER ""W"" BLING KEY RING","90214W | LETTER ""W"" BLING KEY RING",Merchandise
90214Y,"LETTER ""Y"" BLING KEY RING","90214Y | LETTER ""Y"" BLING KEY RING",Merchandise
90214Z,"LETTER ""Z"" BLING KEY RING","90214Z | LETTER ""Z"" BLING KEY RING",Merchandise
AMAZONFEE,AMAZON FEE,AMAZONFEE | AMAZON FEE,Other / charges
B,Adjust bad debt,B | Adjust bad debt,Other / charges
BANK CHARGES,Bank Charges,BANK CHARGES | Bank Charges,Other / charges
C2,CARRIAGE,C2 | CARRIAGE,Other / charges
CRUK,CRUK Commission,CRUK | CRUK Commission,Other / charges
D,Discount,D | Discount,Other / charges
DCGS0003,BOXED GLASS ASHTRAY,DCGS0003 | BOXED GLASS ASHTRAY,Other / charges
DCGS0004,HAYNES CAMPER SHOULDER BAG,DCGS0004 | HAYNES CAMPER SHOULDER BAG,Other / charges
DCGS0069,OOH LA LA DOGS COLLAR,DCGS0069 | OOH LA LA DOGS COLLAR,Other / charges
DCGS0070,CAMOUFLAGE DOG COLLAR,DCGS0070 | CAMOUFLAGE DOG COLLAR,Other / charges
DCGS0076,SUNJAR LED NIGHT NIGHT LIGHT,DCGS0076 | SUNJAR LED NIGHT NIGHT LIGHT,Other / charges
DCGSSBOY,BOYS PARTY BAG,DCGSSBOY | BOYS PARTY BAG,Other / charges
DCGSSGIRL,GIRLS PARTY BAG,DCGSSGIRL | GIRLS PARTY BAG,Other / charges
DOT,DOTCOM POSTAGE,DOT | DOTCOM POSTAGE,Other / charges
GIFT_0001_10,Dotcomgiftshop Gift Voucher £10.00,GIFT_0001_10 | Dotcomgiftshop Gift Voucher £10.00,Other / charges
GIFT_0001_20,Dotcomgiftshop Gift Voucher £20.00,GIFT_0001_20 | Dotcomgiftshop Gift Voucher £20.00,Other / charges
GIFT_0001_30,Dotcomgiftshop Gift Voucher £30.00,GIFT_0001_30 | Dotcomgiftshop Gift Voucher £30.00,Other / charges
GIFT_0001_40,Dotcomgiftshop Gift Voucher £40.00,GIFT_0001_40 | Dotcomgiftshop Gift Voucher £40.00,Other / charges
GIFT_0001_50,Dotcomgiftshop Gift Voucher £50.00,GIFT_0001_50 | Dotcomgiftshop Gift Voucher £50.00,Other / charges
M,Manual,M | Manual,Other / charges
PADS,PADS TO MATCH ALL CUSHIONS,PADS | PADS TO MATCH ALL CUSHIONS,Other / charges
POST,POSTAGE,POST | POSTAGE,Other / charges
S,SAMPLES,S | SAMPLES,Other / charges
